time_s,logged_frame,sample_in_frame,value
0.077,1,1,-1
0.077,1,2,-1
0.077,1,3,-1
0.077,1,4,-1
0.077,1,5,-1
0.077,1,6,-1
0.077,1,7,-1
0.077,1,8,-1
0.077,1,9,-1
0.077,1,10,-1
0.077,1,11,-1
0.077,1,12,-1
0.077,1,13,-1
0.077,1,14,-1
0.077,1,15,-1
0.077,1,16,-1
0.077,1,17,-1
0.077,1,18,-1
0.077,1,19,-1
0.077,1,20,-1
0.077,1,21,-1
0.077,1,22,-1
0.077,1,23,-1
0.077,1,24,-1
0.077,1,25,-1
0.077,1,26,-1
0.077,1,27,-1
0.077,1,28,-1
0.077,1,29,-1
0.077,1,30,-1
0.077,1,31,-1
0.077,1,32,-1
0.077,1,33,-1
0.077,1,34,-1
0.077,1,35,-1
0.077,1,36,-1
0.077,1,37,-1
0.077,1,38,-1
0.077,1,39,-1
0.077,1,40,-1
0.077,1,41,-1
0.077,1,42,-1
0.077,1,43,-1
0.077,1,44,-1
0.077,1,45,-1
0.077,1,46,-1
0.077,1,47,-1
0.077,1,48,-1
0.077,1,49,-1
0.077,1,50,-1
0.077,1,51,-1
0.077,1,52,-1
0.077,1,53,-1
0.077,1,54,-1
0.077,1,55,-1
0.077,1,56,-1
0.077,1,57,-1
0.077,1,58,-1
0.077,1,59,-1
0.077,1,60,-1
0.077,1,61,-1
0.077,1,62,-1
0.077,1,63,-1
0.077,1,64,-1
0.077,1,65,-1
0.077,1,66,-1
0.077,1,67,-1
0.077,1,68,-1
0.077,1,69,-1
0.077,1,70,-1
0.077,1,71,-1
0.077,1,72,-1
0.077,1,73,-1
0.077,1,74,-1
0.077,1,75,-1
0.077,1,76,-1
0.077,1,77,-1
0.077,1,78,-1
0.077,1,79,-1
0.077,1,80,-1
0.077,1,81,-1
0.077,1,82,-1
0.077,1,83,-1
0.077,1,84,-1
0.077,1,85,-1
0.077,1,86,-1
0.077,1,87,-1
0.077,1,88,-1
0.077,1,89,-1
0.077,1,90,-1
0.077,1,91,-1
0.077,1,92,-1
0.077,1,93,-1
0.077,1,94,-1
0.077,1,95,-1
0.077,1,96,-1
0.077,1,97,-1
0.077,1,98,-1
0.077,1,99,-1
0.077,1,100,-1
0.077,1,101,-1
0.077,1,102,-1
0.077,1,103,-1
0.077,1,104,-1
0.077,1,105,-1
0.077,1,106,-1
0.077,1,107,-1
0.1054,2,1,-1
0.1054,2,2,-1
0.1054,2,3,-1
0.1054,2,4,-1
0.1054,2,5,-1
0.1054,2,6,-1
0.1054,2,7,-1
0.1054,2,8,-1
0.1054,2,9,-1
0.1054,2,10,-1
0.1054,2,11,-1
0.1054,2,12,-1
0.1054,2,13,-1
0.1054,2,14,-1
0.1054,2,15,-1
0.1054,2,16,-1
0.1054,2,17,-1
0.1054,2,18,-1
0.1054,2,19,-1
0.1054,2,20,-1
0.1054,2,21,-1
0.1054,2,22,-1
0.1054,2,23,-1
0.1054,2,24,-1
0.1054,2,25,-1
0.1054,2,26,-1
0.1054,2,27,-1
0.1054,2,28,-1
0.1054,2,29,-1
0.1054,2,30,-1
0.1054,2,31,-1
0.1054,2,32,-1
0.1054,2,33,-1
0.1054,2,34,-1
0.1054,2,35,-1
0.1054,2,36,-1
0.1054,2,37,-1
0.1054,2,38,-1
0.1054,2,39,-1
0.1054,2,40,-1
0.1054,2,41,-1
0.1054,2,42,-1
0.1054,2,43,-1
0.1054,2,44,-1
0.1054,2,45,-1
0.1054,2,46,-1
0.1054,2,47,-1
0.1054,2,48,-1
0.1054,2,49,-1
0.1054,2,50,-1
0.1054,2,51,-1
0.1054,2,52,-1
0.1054,2,53,-1
0.1054,2,54,-1
0.1054,2,55,-1
0.1054,2,56,-1
0.1054,2,57,-1
0.1054,2,58,-1
0.1054,2,59,-1
0.1054,2,60,-1
0.1054,2,61,-1
0.1054,2,62,-1
0.1054,2,63,-1
0.1054,2,64,-1
0.1054,2,65,-1
0.1054,2,66,-1
0.1054,2,67,-1
0.1054,2,68,-1
0.1054,2,69,-1
0.1054,2,70,-1
0.1054,2,71,-1
0.1054,2,72,-1
0.1054,2,73,-1
0.1054,2,74,-1
0.1054,2,75,-1
0.1054,2,76,-1
0.1054,2,77,-1
0.1054,2,78,-1
0.1054,2,79,-1
0.1054,2,80,-1
0.1054,2,81,-1
0.1054,2,82,-1
0.1054,2,83,-1
0.1054,2,84,-1
0.1054,2,85,-1
0.1054,2,86,-1
0.1054,2,87,-1
0.1054,2,88,-1
0.1054,2,89,-1
0.1054,2,90,-1
0.1054,2,91,-1
0.1054,2,92,-1
0.1054,2,93,-1
0.1054,2,94,-1
0.1054,2,95,-1
0.1054,2,96,-1
0.1054,2,97,-1
0.1054,2,98,-1
0.1054,2,99,-1
0.1054,2,100,-1
0.1054,2,101,-1
0.1054,2,102,-1
0.1054,2,103,-1
0.1054,2,104,-1
0.1054,2,105,-1
0.1054,2,106,-1
0.1054,2,107,-1
0.1337,3,1,-1
0.1337,3,2,-1
0.1337,3,3,-1
0.1337,3,4,-1
0.1337,3,5,-1
0.1337,3,6,-1
0.1337,3,7,-1
0.1337,3,8,-1
0.1337,3,9,-1
0.1337,3,10,-1
0.1337,3,11,-1
0.1337,3,12,-1
0.1337,3,13,-1
0.1337,3,14,-1
0.1337,3,15,-1
0.1337,3,16,-1
0.1337,3,17,-1
0.1337,3,18,-1
0.1337,3,19,-1
0.1337,3,20,-1
0.1337,3,21,-1
0.1337,3,22,-1
0.1337,3,23,-1
0.1337,3,24,-1
0.1337,3,25,-1
0.1337,3,26,-1
0.1337,3,27,-1
0.1337,3,28,-1
0.1337,3,29,-1
0.1337,3,30,-1
0.1337,3,31,-1
0.1337,3,32,-1
0.1337,3,33,-1
0.1337,3,34,-1
0.1337,3,35,-1
0.1337,3,36,-1
0.1337,3,37,-1
0.1337,3,38,-1
0.1337,3,39,-1
0.1337,3,40,-1
0.1337,3,41,-1
0.1337,3,42,-1
0.1337,3,43,-1
0.1337,3,44,-1
0.1337,3,45,-1
0.1337,3,46,-1
0.1337,3,47,-1
0.1337,3,48,-1
0.1337,3,49,-1
0.1337,3,50,-1
0.1337,3,51,-1
0.1337,3,52,-1
0.1337,3,53,-1
0.1337,3,54,-1
0.1337,3,55,-1
0.1337,3,56,-1
0.1337,3,57,-1
0.1337,3,58,-1
0.1337,3,59,-1
0.1337,3,60,-1
0.1337,3,61,-1
0.1337,3,62,-1
0.1337,3,63,-1
0.1337,3,64,-1
0.1337,3,65,-1
0.1337,3,66,-1
0.1337,3,67,-1
0.1337,3,68,-1
0.1337,3,69,-1
0.1337,3,70,-1
0.1337,3,71,-1
0.1337,3,72,-1
0.1337,3,73,-1
0.1337,3,74,-1
0.1337,3,75,-1
0.1337,3,76,-1
0.1337,3,77,-1
0.1337,3,78,-1
0.1337,3,79,-1
0.1337,3,80,-1
0.1337,3,81,-1
0.1337,3,82,-1
0.1337,3,83,-1
0.1337,3,84,-1
0.1337,3,85,-1
0.1337,3,86,-1
0.1337,3,87,-1
0.1337,3,88,-1
0.1337,3,89,-1
0.1337,3,90,-1
0.1337,3,91,-1
0.1337,3,92,-1
0.1337,3,93,-1
0.1337,3,94,-1
0.1337,3,95,-1
0.1337,3,96,-1
0.1337,3,97,-1
0.1337,3,98,-1
0.1337,3,99,-1
0.1337,3,100,-1
0.1337,3,101,-1
0.1337,3,102,-1
0.1337,3,103,-1
0.1337,3,104,-1
0.1337,3,105,-1
0.1337,3,106,-1
0.1337,3,107,-1
0.1621,4,1,-1
0.1621,4,2,-1
0.1621,4,3,-1
0.1621,4,4,-1
0.1621,4,5,-1
0.1621,4,6,-1
0.1621,4,7,-1
0.1621,4,8,-1
0.1621,4,9,-1
0.1621,4,10,-1
0.1621,4,11,-1
0.1621,4,12,-1
0.1621,4,13,-1
0.1621,4,14,-1
0.1621,4,15,-1
0.1621,4,16,-1
0.1621,4,17,-1
0.1621,4,18,-1
0.1621,4,19,-1
0.1621,4,20,-1
0.1621,4,21,-1
0.1621,4,22,-1
0.1621,4,23,-1
0.1621,4,24,-1
0.1621,4,25,-1
0.1621,4,26,-1
0.1621,4,27,-1
0.1621,4,28,-1
0.1621,4,29,-1
0.1621,4,30,-1
0.1621,4,31,-1
0.1621,4,32,-1
0.1621,4,33,-1
0.1621,4,34,-1
0.1621,4,35,-1
0.1621,4,36,-1
0.1621,4,37,-1
0.1621,4,38,-1
0.1621,4,39,-1
0.1621,4,40,-1
0.1621,4,41,-1
0.1621,4,42,-1
0.1621,4,43,-1
0.1621,4,44,-1
0.1621,4,45,-1
0.1621,4,46,-1
0.1621,4,47,-1
0.1621,4,48,-1
0.1621,4,49,-1
0.1621,4,50,-1
0.1621,4,51,-1
0.1621,4,52,-1
0.1621,4,53,-1
0.1621,4,54,-1
0.1621,4,55,-1
0.1621,4,56,-1
0.1621,4,57,-1
0.1621,4,58,-1
0.1621,4,59,-1
0.1621,4,60,-1
0.1621,4,61,-1
0.1621,4,62,-1
0.1621,4,63,-1
0.1621,4,64,-1
0.1621,4,65,-1
0.1621,4,66,-1
0.1621,4,67,-1
0.1621,4,68,-1
0.1621,4,69,-1
0.1621,4,70,-1
0.1621,4,71,-1
0.1621,4,72,-1
0.1621,4,73,-1
0.1621,4,74,-1
0.1621,4,75,-1
0.1621,4,76,-1
0.1621,4,77,-1
0.1621,4,78,-1
0.1621,4,79,-1
0.1621,4,80,-1
0.1621,4,81,-1
0.1621,4,82,-1
0.1621,4,83,-1
0.1621,4,84,-1
0.1621,4,85,-1
0.1621,4,86,-1
0.1621,4,87,-1
0.1621,4,88,-1
0.1621,4,89,-1
0.1621,4,90,-1
0.1621,4,91,-1
0.1621,4,92,-1
0.1621,4,93,-1
0.1621,4,94,-1
0.1621,4,95,-1
0.1621,4,96,-1
0.1621,4,97,-1
0.1621,4,98,-1
0.1621,4,99,-1
0.1621,4,100,-1
0.1621,4,101,-1
0.1621,4,102,-1
0.1621,4,103,-1
0.1621,4,104,-1
0.1621,4,105,-1
0.1621,4,106,-1
0.1621,4,107,-1
0.1905,5,1,-1
0.1905,5,2,-1
0.1905,5,3,-1
0.1905,5,4,-1
0.1905,5,5,-1
0.1905,5,6,-1
0.1905,5,7,-1
0.1905,5,8,-1
0.1905,5,9,-1
0.1905,5,10,-1
0.1905,5,11,-1
0.1905,5,12,-1
0.1905,5,13,-1
0.1905,5,14,-1
0.1905,5,15,-1
0.1905,5,16,-1
0.1905,5,17,-1
0.1905,5,18,-1
0.1905,5,19,-1
0.1905,5,20,-1
0.1905,5,21,-1
0.1905,5,22,-1
0.1905,5,23,-1
0.1905,5,24,-1
0.1905,5,25,-1
0.1905,5,26,-1
0.1905,5,27,-1
0.1905,5,28,-1
0.1905,5,29,-1
0.1905,5,30,-1
0.1905,5,31,-1
0.1905,5,32,-1
0.1905,5,33,-1
0.1905,5,34,-1
0.1905,5,35,-1
0.1905,5,36,-1
0.1905,5,37,-1
0.1905,5,38,-1
0.1905,5,39,-1
0.1905,5,40,-1
0.1905,5,41,-1
0.1905,5,42,-1
0.1905,5,43,-1
0.1905,5,44,-1
0.1905,5,45,-1
0.1905,5,46,-1
0.1905,5,47,-1
0.1905,5,48,-1
0.1905,5,49,-1
0.1905,5,50,-1
0.1905,5,51,-1
0.1905,5,52,-1
0.1905,5,53,-1
0.1905,5,54,-1
0.1905,5,55,-1
0.1905,5,56,-1
0.1905,5,57,-1
0.1905,5,58,-1
0.1905,5,59,-1
0.1905,5,60,-1
0.1905,5,61,-1
0.1905,5,62,-1
0.1905,5,63,-1
0.1905,5,64,-1
0.1905,5,65,-1
0.1905,5,66,-1
0.1905,5,67,-1
0.1905,5,68,-1
0.1905,5,69,-1
0.1905,5,70,-1
0.1905,5,71,-1
0.1905,5,72,-1
0.1905,5,73,-1
0.1905,5,74,-1
0.1905,5,75,-1
0.1905,5,76,-1
0.1905,5,77,-1
0.1905,5,78,-1
0.1905,5,79,-1
0.1905,5,80,-1
0.1905,5,81,-1
0.1905,5,82,-1
0.1905,5,83,-1
0.1905,5,84,-1
0.1905,5,85,-1
0.1905,5,86,-1
0.1905,5,87,-1
0.1905,5,88,-1
0.1905,5,89,-1
0.1905,5,90,-1
0.1905,5,91,-1
0.1905,5,92,-1
0.1905,5,93,-1
0.1905,5,94,-1
0.1905,5,95,-1
0.1905,5,96,-1
0.1905,5,97,-1
0.1905,5,98,-1
0.1905,5,99,-1
0.1905,5,100,-1
0.1905,5,101,-1
0.1905,5,102,-1
0.1905,5,103,-1
0.1905,5,104,-1
0.1905,5,105,-1
0.1905,5,106,-1
0.1905,5,107,-1
0.2189,6,1,-1
0.2189,6,2,-1
0.2189,6,3,-1
0.2189,6,4,-1
0.2189,6,5,-1
0.2189,6,6,-1
0.2189,6,7,-1
0.2189,6,8,-1
0.2189,6,9,-1
0.2189,6,10,-1
0.2189,6,11,-1
0.2189,6,12,-1
0.2189,6,13,-1
0.2189,6,14,-1
0.2189,6,15,-1
0.2189,6,16,-1
0.2189,6,17,-1
0.2189,6,18,-1
0.2189,6,19,-1
0.2189,6,20,-1
0.2189,6,21,-1
0.2189,6,22,-1
0.2189,6,23,-1
0.2189,6,24,-1
0.2189,6,25,-1
0.2189,6,26,-1
0.2189,6,27,-1
0.2189,6,28,-1
0.2189,6,29,-1
0.2189,6,30,-1
0.2189,6,31,-1
0.2189,6,32,-1
0.2189,6,33,-1
0.2189,6,34,-1
0.2189,6,35,-1
0.2189,6,36,-1
0.2189,6,37,-1
0.2189,6,38,-1
0.2189,6,39,-1
0.2189,6,40,-1
0.2189,6,41,-1
0.2189,6,42,-1
0.2189,6,43,-1
0.2189,6,44,-1
0.2189,6,45,-1
0.2189,6,46,-1
0.2189,6,47,-1
0.2189,6,48,-1
0.2189,6,49,-1
0.2189,6,50,-1
0.2189,6,51,-1
0.2189,6,52,-1
0.2189,6,53,-1
0.2189,6,54,-1
0.2189,6,55,-1
0.2189,6,56,-1
0.2189,6,57,-1
0.2189,6,58,-1
0.2189,6,59,-1
0.2189,6,60,-1
0.2189,6,61,-1
0.2189,6,62,-1
0.2189,6,63,-1
0.2189,6,64,-1
0.2189,6,65,-1
0.2189,6,66,-1
0.2189,6,67,-1
0.2189,6,68,-1
0.2189,6,69,-1
0.2189,6,70,-1
0.2189,6,71,-1
0.2189,6,72,-1
0.2189,6,73,-1
0.2189,6,74,-1
0.2189,6,75,-1
0.2189,6,76,-1
0.2189,6,77,-1
0.2189,6,78,-1
0.2189,6,79,-1
0.2189,6,80,-1
0.2189,6,81,-1
0.2189,6,82,-1
0.2189,6,83,-1
0.2189,6,84,-1
0.2189,6,85,-1
0.2189,6,86,-1
0.2189,6,87,-1
0.2189,6,88,-1
0.2189,6,89,-1
0.2189,6,90,-1
0.2189,6,91,-1
0.2189,6,92,-1
0.2189,6,93,-1
0.2189,6,94,-1
0.2189,6,95,-1
0.2189,6,96,-1
0.2189,6,97,-1
0.2189,6,98,-1
0.2189,6,99,-1
0.2189,6,100,-1
0.2189,6,101,-1
0.2189,6,102,-1
0.2189,6,103,-1
0.2189,6,104,-1
0.2189,6,105,-1
0.2189,6,106,-1
0.2189,6,107,-1
0.2472,7,1,-1
0.2472,7,2,-1
0.2472,7,3,-1
0.2472,7,4,-1
0.2472,7,5,-1
0.2472,7,6,-1
0.2472,7,7,-1
0.2472,7,8,-1
0.2472,7,9,-1
0.2472,7,10,-1
0.2472,7,11,-1
0.2472,7,12,-1
0.2472,7,13,-1
0.2472,7,14,-1
0.2472,7,15,-1
0.2472,7,16,-1
0.2472,7,17,-1
0.2472,7,18,-1
0.2472,7,19,-1
0.2472,7,20,-1
0.2472,7,21,-1
0.2472,7,22,-1
0.2472,7,23,-1
0.2472,7,24,-1
0.2472,7,25,-1
0.2472,7,26,-1
0.2472,7,27,-1
0.2472,7,28,-1
0.2472,7,29,-1
0.2472,7,30,-1
0.2472,7,31,-1
0.2472,7,32,-1
0.2472,7,33,-1
0.2472,7,34,-1
0.2472,7,35,-1
0.2472,7,36,-1
0.2472,7,37,-1
0.2472,7,38,-1
0.2472,7,39,-1
0.2472,7,40,-1
0.2472,7,41,-1
0.2472,7,42,-1
0.2472,7,43,-1
0.2472,7,44,-1
0.2472,7,45,-1
0.2472,7,46,-1
0.2472,7,47,-1
0.2472,7,48,-1
0.2472,7,49,-1
0.2472,7,50,-1
0.2472,7,51,-1
0.2472,7,52,-1
0.2472,7,53,-1
0.2472,7,54,-1
0.2472,7,55,-1
0.2472,7,56,-1
0.2472,7,57,-1
0.2472,7,58,-1
0.2472,7,59,-1
0.2472,7,60,-1
0.2472,7,61,-1
0.2472,7,62,-1
0.2472,7,63,-1
0.2472,7,64,-1
0.2472,7,65,-1
0.2472,7,66,-1
0.2472,7,67,-1
0.2472,7,68,-1
0.2472,7,69,-1
0.2472,7,70,-1
0.2472,7,71,-1
0.2472,7,72,-1
0.2472,7,73,-1
0.2472,7,74,-1
0.2472,7,75,-1
0.2472,7,76,-1
0.2472,7,77,-1
0.2472,7,78,-1
0.2472,7,79,-1
0.2472,7,80,-1
0.2472,7,81,-1
0.2472,7,82,-1
0.2472,7,83,-1
0.2472,7,84,-1
0.2472,7,85,-1
0.2472,7,86,-1
0.2472,7,87,-1
0.2472,7,88,-1
0.2472,7,89,-1
0.2472,7,90,-1
0.2472,7,91,-1
0.2472,7,92,-1
0.2472,7,93,-1
0.2472,7,94,-1
0.2472,7,95,-1
0.2472,7,96,-1
0.2472,7,97,-1
0.2472,7,98,-1
0.2472,7,99,-1
0.2472,7,100,-1
0.2472,7,101,-1
0.2472,7,102,-1
0.2472,7,103,-1
0.2472,7,104,-1
0.2472,7,105,-1
0.2472,7,106,-1
0.2472,7,107,-1
0.2756,8,1,-1
0.2756,8,2,-1
0.2756,8,3,-1
0.2756,8,4,-1
0.2756,8,5,-1
0.2756,8,6,-1
0.2756,8,7,-1
0.2756,8,8,-1
0.2756,8,9,-1
0.2756,8,10,-1
0.2756,8,11,-1
0.2756,8,12,-1
0.2756,8,13,-1
0.2756,8,14,-1
0.2756,8,15,-1
0.2756,8,16,-1
0.2756,8,17,-1
0.2756,8,18,-1
0.2756,8,19,-1
0.2756,8,20,-1
0.2756,8,21,-1
0.2756,8,22,-1
0.2756,8,23,-1
0.2756,8,24,-1
0.2756,8,25,-1
0.2756,8,26,-1
0.2756,8,27,-1
0.2756,8,28,-1
0.2756,8,29,-1
0.2756,8,30,-1
0.2756,8,31,-1
0.2756,8,32,-1
0.2756,8,33,-1
0.2756,8,34,-1
0.2756,8,35,-1
0.2756,8,36,-1
0.2756,8,37,-1
0.2756,8,38,-1
0.2756,8,39,-1
0.2756,8,40,-1
0.2756,8,41,-1
0.2756,8,42,-1
0.2756,8,43,-1
0.2756,8,44,-1
0.2756,8,45,-1
0.2756,8,46,-1
0.2756,8,47,-1
0.2756,8,48,1
0.2756,8,49,1
0.2756,8,50,1
0.2756,8,51,1
0.2756,8,52,1
0.2756,8,53,1
0.2756,8,54,1
0.2756,8,55,1
0.2756,8,56,1
0.2756,8,57,1
0.2756,8,58,1
0.2756,8,59,1
0.2756,8,60,1
0.2756,8,61,1
0.2756,8,62,1
0.2756,8,63,1
0.2756,8,64,1
0.2756,8,65,1
0.2756,8,66,1
0.2756,8,67,1
0.2756,8,68,1
0.2756,8,69,1
0.2756,8,70,1
0.2756,8,71,1
0.2756,8,72,1
0.2756,8,73,1
0.2756,8,74,1
0.2756,8,75,1
0.2756,8,76,1
0.2756,8,77,1
0.2756,8,78,1
0.2756,8,79,1
0.2756,8,80,1
0.2756,8,81,1
0.2756,8,82,1
0.2756,8,83,1
0.2756,8,84,1
0.2756,8,85,1
0.2756,8,86,1
0.2756,8,87,1
0.2756,8,88,1
0.2756,8,89,1
0.2756,8,90,1
0.2756,8,91,1
0.2756,8,92,1
0.2756,8,93,1
0.2756,8,94,1
0.2756,8,95,1
0.2756,8,96,1
0.2756,8,97,1
0.2756,8,98,1
0.2756,8,99,1
0.2756,8,100,1
0.2756,8,101,1
0.2756,8,102,1
0.2756,8,103,1
0.2756,8,104,1
0.2756,8,105,1
0.2756,8,106,1
0.2756,8,107,1
0.304,9,1,1
0.304,9,2,1
0.304,9,3,1
0.304,9,4,1
0.304,9,5,1
0.304,9,6,1
0.304,9,7,1
0.304,9,8,1
0.304,9,9,1
0.304,9,10,1
0.304,9,11,1
0.304,9,12,1
0.304,9,13,1
0.304,9,14,1
0.304,9,15,1
0.304,9,16,1
0.304,9,17,1
0.304,9,18,1
0.304,9,19,1
0.304,9,20,1
0.304,9,21,1
0.304,9,22,1
0.304,9,23,1
0.304,9,24,1
0.304,9,25,1
0.304,9,26,1
0.304,9,27,1
0.304,9,28,1
0.304,9,29,1
0.304,9,30,1
0.304,9,31,1
0.304,9,32,1
0.304,9,33,1
0.304,9,34,1
0.304,9,35,1
0.304,9,36,1
0.304,9,37,1
0.304,9,38,1
0.304,9,39,1
0.304,9,40,1
0.304,9,41,1
0.304,9,42,1
0.304,9,43,1
0.304,9,44,1
0.304,9,45,1
0.304,9,46,1
0.304,9,47,1
0.304,9,48,1
0.304,9,49,1
0.304,9,50,1
0.304,9,51,1
0.304,9,52,1
0.304,9,53,1
0.304,9,54,1
0.304,9,55,1
0.304,9,56,1
0.304,9,57,1
0.304,9,58,1
0.304,9,59,1
0.304,9,60,1
0.304,9,61,1
0.304,9,62,1
0.304,9,63,1
0.304,9,64,1
0.304,9,65,1
0.304,9,66,1
0.304,9,67,1
0.304,9,68,1
0.304,9,69,1
0.304,9,70,1
0.304,9,71,1
0.304,9,72,1
0.304,9,73,1
0.304,9,74,1
0.304,9,75,1
0.304,9,76,1
0.304,9,77,1
0.304,9,78,1
0.304,9,79,1
0.304,9,80,1
0.304,9,81,1
0.304,9,82,1
0.304,9,83,1
0.304,9,84,1
0.304,9,85,1
0.304,9,86,1
0.304,9,87,1
0.304,9,88,1
0.304,9,89,1
0.304,9,90,1
0.304,9,91,1
0.304,9,92,1
0.304,9,93,1
0.304,9,94,1
0.304,9,95,1
0.304,9,96,1
0.304,9,97,1
0.304,9,98,1
0.304,9,99,1
0.304,9,100,1
0.304,9,101,1
0.304,9,102,1
0.304,9,103,1
0.304,9,104,1
0.304,9,105,1
0.304,9,106,1
0.304,9,107,1
0.3324,10,1,1
0.3324,10,2,1
0.3324,10,3,1
0.3324,10,4,1
0.3324,10,5,1
0.3324,10,6,1
0.3324,10,7,1
0.3324,10,8,1
0.3324,10,9,1
0.3324,10,10,1
0.3324,10,11,1
0.3324,10,12,1
0.3324,10,13,1
0.3324,10,14,1
0.3324,10,15,1
0.3324,10,16,1
0.3324,10,17,1
0.3324,10,18,1
0.3324,10,19,1
0.3324,10,20,1
0.3324,10,21,1
0.3324,10,22,1
0.3324,10,23,1
0.3324,10,24,1
0.3324,10,25,1
0.3324,10,26,1
0.3324,10,27,1
0.3324,10,28,1
0.3324,10,29,1
0.3324,10,30,1
0.3324,10,31,1
0.3324,10,32,1
0.3324,10,33,1
0.3324,10,34,1
0.3324,10,35,1
0.3324,10,36,1
0.3324,10,37,1
0.3324,10,38,1
0.3324,10,39,1
0.3324,10,40,1
0.3324,10,41,1
0.3324,10,42,1
0.3324,10,43,1
0.3324,10,44,1
0.3324,10,45,1
0.3324,10,46,1
0.3324,10,47,1
0.3324,10,48,1
0.3324,10,49,1
0.3324,10,50,1
0.3324,10,51,1
0.3324,10,52,1
0.3324,10,53,1
0.3324,10,54,1
0.3324,10,55,1
0.3324,10,56,1
0.3324,10,57,1
0.3324,10,58,1
0.3324,10,59,1
0.3324,10,60,1
0.3324,10,61,1
0.3324,10,62,1
0.3324,10,63,1
0.3324,10,64,1
0.3324,10,65,1
0.3324,10,66,1
0.3324,10,67,1
0.3324,10,68,1
0.3324,10,69,1
0.3324,10,70,1
0.3324,10,71,1
0.3324,10,72,1
0.3324,10,73,1
0.3324,10,74,1
0.3324,10,75,1
0.3324,10,76,1
0.3324,10,77,1
0.3324,10,78,1
0.3324,10,79,1
0.3324,10,80,1
0.3324,10,81,1
0.3324,10,82,1
0.3324,10,83,1
0.3324,10,84,1
0.3324,10,85,1
0.3324,10,86,1
0.3324,10,87,1
0.3324,10,88,1
0.3324,10,89,1
0.3324,10,90,1
0.3324,10,91,1
0.3324,10,92,1
0.3324,10,93,1
0.3324,10,94,1
0.3324,10,95,1
0.3324,10,96,1
0.3324,10,97,1
0.3324,10,98,1
0.3324,10,99,1
0.3324,10,100,1
0.3324,10,101,1
0.3324,10,102,1
0.3324,10,103,1
0.3324,10,104,1
0.3324,10,105,1
0.3324,10,106,1
0.3324,10,107,1
0.3607,11,1,1
0.3607,11,2,1
0.3607,11,3,1
0.3607,11,4,1
0.3607,11,5,1
0.3607,11,6,1
0.3607,11,7,1
0.3607,11,8,1
0.3607,11,9,1
0.3607,11,10,1
0.3607,11,11,1
0.3607,11,12,1
0.3607,11,13,1
0.3607,11,14,1
0.3607,11,15,1
0.3607,11,16,1
0.3607,11,17,1
0.3607,11,18,1
0.3607,11,19,1
0.3607,11,20,1
0.3607,11,21,1
0.3607,11,22,1
0.3607,11,23,1
0.3607,11,24,1
0.3607,11,25,1
0.3607,11,26,1
0.3607,11,27,1
0.3607,11,28,1
0.3607,11,29,1
0.3607,11,30,1
0.3607,11,31,1
0.3607,11,32,1
0.3607,11,33,1
0.3607,11,34,1
0.3607,11,35,1
0.3607,11,36,1
0.3607,11,37,1
0.3607,11,38,1
0.3607,11,39,1
0.3607,11,40,1
0.3607,11,41,1
0.3607,11,42,1
0.3607,11,43,1
0.3607,11,44,1
0.3607,11,45,1
0.3607,11,46,1
0.3607,11,47,1
0.3607,11,48,1
0.3607,11,49,1
0.3607,11,50,1
0.3607,11,51,1
0.3607,11,52,1
0.3607,11,53,1
0.3607,11,54,1
0.3607,11,55,1
0.3607,11,56,1
0.3607,11,57,1
0.3607,11,58,1
0.3607,11,59,1
0.3607,11,60,1
0.3607,11,61,1
0.3607,11,62,1
0.3607,11,63,1
0.3607,11,64,1
0.3607,11,65,1
0.3607,11,66,1
0.3607,11,67,1
0.3607,11,68,1
0.3607,11,69,1
0.3607,11,70,1
0.3607,11,71,1
0.3607,11,72,1
0.3607,11,73,1
0.3607,11,74,1
0.3607,11,75,1
0.3607,11,76,1
0.3607,11,77,1
0.3607,11,78,1
0.3607,11,79,1
0.3607,11,80,1
0.3607,11,81,1
0.3607,11,82,1
0.3607,11,83,1
0.3607,11,84,1
0.3607,11,85,1
0.3607,11,86,1
0.3607,11,87,1
0.3607,11,88,1
0.3607,11,89,1
0.3607,11,90,1
0.3607,11,91,1
0.3607,11,92,1
0.3607,11,93,1
0.3607,11,94,1
0.3607,11,95,1
0.3607,11,96,1
0.3607,11,97,1
0.3607,11,98,1
0.3607,11,99,1
0.3607,11,100,1
0.3607,11,101,1
0.3607,11,102,1
0.3607,11,103,1
0.3607,11,104,1
0.3607,11,105,1
0.3607,11,106,1
0.3607,11,107,1
0.3891,12,1,1
0.3891,12,2,1
0.3891,12,3,1
0.3891,12,4,1
0.3891,12,5,1
0.3891,12,6,1
0.3891,12,7,1
0.3891,12,8,1
0.3891,12,9,1
0.3891,12,10,1
0.3891,12,11,1
0.3891,12,12,1
0.3891,12,13,1
0.3891,12,14,1
0.3891,12,15,1
0.3891,12,16,1
0.3891,12,17,1
0.3891,12,18,1
0.3891,12,19,1
0.3891,12,20,1
0.3891,12,21,1
0.3891,12,22,1
0.3891,12,23,1
0.3891,12,24,1
0.3891,12,25,1
0.3891,12,26,1
0.3891,12,27,1
0.3891,12,28,1
0.3891,12,29,1
0.3891,12,30,1
0.3891,12,31,1
0.3891,12,32,1
0.3891,12,33,1
0.3891,12,34,1
0.3891,12,35,1
0.3891,12,36,1
0.3891,12,37,1
0.3891,12,38,1
0.3891,12,39,1
0.3891,12,40,1
0.3891,12,41,1
0.3891,12,42,1
0.3891,12,43,1
0.3891,12,44,1
0.3891,12,45,1
0.3891,12,46,1
0.3891,12,47,1
0.3891,12,48,1
0.3891,12,49,1
0.3891,12,50,1
0.3891,12,51,1
0.3891,12,52,1
0.3891,12,53,1
0.3891,12,54,1
0.3891,12,55,1
0.3891,12,56,1
0.3891,12,57,1
0.3891,12,58,1
0.3891,12,59,1
0.3891,12,60,1
0.3891,12,61,1
0.3891,12,62,1
0.3891,12,63,1
0.3891,12,64,1
0.3891,12,65,1
0.3891,12,66,1
0.3891,12,67,1
0.3891,12,68,1
0.3891,12,69,1
0.3891,12,70,1
0.3891,12,71,1
0.3891,12,72,1
0.3891,12,73,1
0.3891,12,74,1
0.3891,12,75,1
0.3891,12,76,1
0.3891,12,77,1
0.3891,12,78,1
0.3891,12,79,1
0.3891,12,80,1
0.3891,12,81,1
0.3891,12,82,1
0.3891,12,83,1
0.3891,12,84,1
0.3891,12,85,1
0.3891,12,86,1
0.3891,12,87,1
0.3891,12,88,1
0.3891,12,89,1
0.3891,12,90,1
0.3891,12,91,1
0.3891,12,92,1
0.3891,12,93,1
0.3891,12,94,1
0.3891,12,95,1
0.3891,12,96,1
0.3891,12,97,1
0.3891,12,98,1
0.3891,12,99,1
0.3891,12,100,1
0.3891,12,101,1
0.3891,12,102,1
0.3891,12,103,1
0.3891,12,104,1
0.3891,12,105,1
0.3891,12,106,1
0.3891,12,107,1
0.4175,13,1,1
0.4175,13,2,1
0.4175,13,3,1
0.4175,13,4,1
0.4175,13,5,1
0.4175,13,6,1
0.4175,13,7,1
0.4175,13,8,1
0.4175,13,9,1
0.4175,13,10,1
0.4175,13,11,1
0.4175,13,12,1
0.4175,13,13,1
0.4175,13,14,1
0.4175,13,15,1
0.4175,13,16,1
0.4175,13,17,1
0.4175,13,18,1
0.4175,13,19,1
0.4175,13,20,1
0.4175,13,21,1
0.4175,13,22,1
0.4175,13,23,1
0.4175,13,24,1
0.4175,13,25,1
0.4175,13,26,1
0.4175,13,27,1
0.4175,13,28,1
0.4175,13,29,1
0.4175,13,30,1
0.4175,13,31,1
0.4175,13,32,1
0.4175,13,33,1
0.4175,13,34,1
0.4175,13,35,1
0.4175,13,36,1
0.4175,13,37,1
0.4175,13,38,1
0.4175,13,39,1
0.4175,13,40,1
0.4175,13,41,1
0.4175,13,42,1
0.4175,13,43,1
0.4175,13,44,1
0.4175,13,45,1
0.4175,13,46,1
0.4175,13,47,1
0.4175,13,48,1
0.4175,13,49,1
0.4175,13,50,1
0.4175,13,51,1
0.4175,13,52,1
0.4175,13,53,1
0.4175,13,54,1
0.4175,13,55,1
0.4175,13,56,1
0.4175,13,57,1
0.4175,13,58,1
0.4175,13,59,1
0.4175,13,60,1
0.4175,13,61,1
0.4175,13,62,1
0.4175,13,63,1
0.4175,13,64,1
0.4175,13,65,1
0.4175,13,66,1
0.4175,13,67,1
0.4175,13,68,1
0.4175,13,69,1
0.4175,13,70,1
0.4175,13,71,1
0.4175,13,72,1
0.4175,13,73,1
0.4175,13,74,1
0.4175,13,75,1
0.4175,13,76,1
0.4175,13,77,1
0.4175,13,78,1
0.4175,13,79,1
0.4175,13,80,1
0.4175,13,81,1
0.4175,13,82,1
0.4175,13,83,1
0.4175,13,84,1
0.4175,13,85,1
0.4175,13,86,1
0.4175,13,87,1
0.4175,13,88,1
0.4175,13,89,1
0.4175,13,90,1
0.4175,13,91,1
0.4175,13,92,1
0.4175,13,93,1
0.4175,13,94,1
0.4175,13,95,1
0.4175,13,96,1
0.4175,13,97,1
0.4175,13,98,1
0.4175,13,99,1
0.4175,13,100,1
0.4175,13,101,1
0.4175,13,102,1
0.4175,13,103,1
0.4175,13,104,1
0.4175,13,105,1
0.4175,13,106,1
0.4175,13,107,1
0.4459,14,1,1
0.4459,14,2,1
0.4459,14,3,1
0.4459,14,4,1
0.4459,14,5,1
0.4459,14,6,1
0.4459,14,7,1
0.4459,14,8,1
0.4459,14,9,1
0.4459,14,10,1
0.4459,14,11,1
0.4459,14,12,1
0.4459,14,13,1
0.4459,14,14,1
0.4459,14,15,1
0.4459,14,16,1
0.4459,14,17,1
0.4459,14,18,1
0.4459,14,19,1
0.4459,14,20,1
0.4459,14,21,1
0.4459,14,22,1
0.4459,14,23,1
0.4459,14,24,1
0.4459,14,25,1
0.4459,14,26,1
0.4459,14,27,1
0.4459,14,28,1
0.4459,14,29,1
0.4459,14,30,1
0.4459,14,31,1
0.4459,14,32,1
0.4459,14,33,1
0.4459,14,34,1
0.4459,14,35,1
0.4459,14,36,1
0.4459,14,37,1
0.4459,14,38,1
0.4459,14,39,1
0.4459,14,40,1
0.4459,14,41,1
0.4459,14,42,1
0.4459,14,43,1
0.4459,14,44,1
0.4459,14,45,1
0.4459,14,46,1
0.4459,14,47,1
0.4459,14,48,1
0.4459,14,49,1
0.4459,14,50,1
0.4459,14,51,1
0.4459,14,52,1
0.4459,14,53,1
0.4459,14,54,1
0.4459,14,55,1
0.4459,14,56,1
0.4459,14,57,1
0.4459,14,58,1
0.4459,14,59,1
0.4459,14,60,1
0.4459,14,61,1
0.4459,14,62,1
0.4459,14,63,1
0.4459,14,64,1
0.4459,14,65,1
0.4459,14,66,1
0.4459,14,67,1
0.4459,14,68,1
0.4459,14,69,1
0.4459,14,70,1
0.4459,14,71,1
0.4459,14,72,1
0.4459,14,73,1
0.4459,14,74,1
0.4459,14,75,1
0.4459,14,76,1
0.4459,14,77,1
0.4459,14,78,1
0.4459,14,79,1
0.4459,14,80,1
0.4459,14,81,1
0.4459,14,82,1
0.4459,14,83,1
0.4459,14,84,1
0.4459,14,85,1
0.4459,14,86,1
0.4459,14,87,1
0.4459,14,88,1
0.4459,14,89,1
0.4459,14,90,1
0.4459,14,91,1
0.4459,14,92,1
0.4459,14,93,1
0.4459,14,94,1
0.4459,14,95,1
0.4459,14,96,1
0.4459,14,97,1
0.4459,14,98,1
0.4459,14,99,1
0.4459,14,100,1
0.4459,14,101,1
0.4459,14,102,1
0.4459,14,103,1
0.4459,14,104,1
0.4459,14,105,1
0.4459,14,106,1
0.4459,14,107,1
0.4742,15,1,1
0.4742,15,2,1
0.4742,15,3,1
0.4742,15,4,1
0.4742,15,5,1
0.4742,15,6,1
0.4742,15,7,1
0.4742,15,8,1
0.4742,15,9,1
0.4742,15,10,1
0.4742,15,11,1
0.4742,15,12,1
0.4742,15,13,1
0.4742,15,14,1
0.4742,15,15,1
0.4742,15,16,1
0.4742,15,17,1
0.4742,15,18,1
0.4742,15,19,1
0.4742,15,20,1
0.4742,15,21,1
0.4742,15,22,1
0.4742,15,23,1
0.4742,15,24,1
0.4742,15,25,1
0.4742,15,26,1
0.4742,15,27,1
0.4742,15,28,1
0.4742,15,29,1
0.4742,15,30,1
0.4742,15,31,1
0.4742,15,32,1
0.4742,15,33,1
0.4742,15,34,1
0.4742,15,35,1
0.4742,15,36,1
0.4742,15,37,1
0.4742,15,38,1
0.4742,15,39,1
0.4742,15,40,1
0.4742,15,41,1
0.4742,15,42,1
0.4742,15,43,1
0.4742,15,44,1
0.4742,15,45,1
0.4742,15,46,1
0.4742,15,47,1
0.4742,15,48,1
0.4742,15,49,1
0.4742,15,50,1
0.4742,15,51,1
0.4742,15,52,1
0.4742,15,53,1
0.4742,15,54,1
0.4742,15,55,1
0.4742,15,56,1
0.4742,15,57,1
0.4742,15,58,1
0.4742,15,59,1
0.4742,15,60,1
0.4742,15,61,1
0.4742,15,62,1
0.4742,15,63,1
0.4742,15,64,1
0.4742,15,65,1
0.4742,15,66,1
0.4742,15,67,1
0.4742,15,68,1
0.4742,15,69,1
0.4742,15,70,1
0.4742,15,71,1
0.4742,15,72,1
0.4742,15,73,1
0.4742,15,74,1
0.4742,15,75,1
0.4742,15,76,1
0.4742,15,77,1
0.4742,15,78,1
0.4742,15,79,1
0.4742,15,80,1
0.4742,15,81,1
0.4742,15,82,1
0.4742,15,83,1
0.4742,15,84,1
0.4742,15,85,1
0.4742,15,86,1
0.4742,15,87,1
0.4742,15,88,1
0.4742,15,89,1
0.4742,15,90,1
0.4742,15,91,1
0.4742,15,92,1
0.4742,15,93,1
0.4742,15,94,1
0.4742,15,95,1
0.4742,15,96,1
0.4742,15,97,1
0.4742,15,98,1
0.4742,15,99,1
0.4742,15,100,1
0.4742,15,101,1
0.4742,15,102,1
0.4742,15,103,1
0.4742,15,104,1
0.4742,15,105,1
0.4742,15,106,1
0.4742,15,107,1
0.5026,16,1,1
0.5026,16,2,1
0.5026,16,3,1
0.5026,16,4,1
0.5026,16,5,1
0.5026,16,6,1
0.5026,16,7,1
0.5026,16,8,1
0.5026,16,9,1
0.5026,16,10,1
0.5026,16,11,1
0.5026,16,12,1
0.5026,16,13,1
0.5026,16,14,1
0.5026,16,15,1
0.5026,16,16,1
0.5026,16,17,1
0.5026,16,18,1
0.5026,16,19,1
0.5026,16,20,1
0.5026,16,21,1
0.5026,16,22,1
0.5026,16,23,1
0.5026,16,24,1
0.5026,16,25,1
0.5026,16,26,1
0.5026,16,27,1
0.5026,16,28,1
0.5026,16,29,1
0.5026,16,30,1
0.5026,16,31,1
0.5026,16,32,1
0.5026,16,33,1
0.5026,16,34,1
0.5026,16,35,1
0.5026,16,36,1
0.5026,16,37,1
0.5026,16,38,1
0.5026,16,39,1
0.5026,16,40,1
0.5026,16,41,1
0.5026,16,42,1
0.5026,16,43,1
0.5026,16,44,1
0.5026,16,45,1
0.5026,16,46,1
0.5026,16,47,1
0.5026,16,48,1
0.5026,16,49,1
0.5026,16,50,1
0.5026,16,51,1
0.5026,16,52,1
0.5026,16,53,1
0.5026,16,54,1
0.5026,16,55,1
0.5026,16,56,1
0.5026,16,57,1
0.5026,16,58,1
0.5026,16,59,1
0.5026,16,60,1
0.5026,16,61,1
0.5026,16,62,1
0.5026,16,63,1
0.5026,16,64,1
0.5026,16,65,1
0.5026,16,66,1
0.5026,16,67,1
0.5026,16,68,1
0.5026,16,69,1
0.5026,16,70,1
0.5026,16,71,1
0.5026,16,72,1
0.5026,16,73,1
0.5026,16,74,1
0.5026,16,75,1
0.5026,16,76,1
0.5026,16,77,1
0.5026,16,78,1
0.5026,16,79,1
0.5026,16,80,1
0.5026,16,81,1
0.5026,16,82,1
0.5026,16,83,1
0.5026,16,84,1
0.5026,16,85,1
0.5026,16,86,1
0.5026,16,87,1
0.5026,16,88,1
0.5026,16,89,1
0.5026,16,90,1
0.5026,16,91,1
0.5026,16,92,1
0.5026,16,93,1
0.5026,16,94,1
0.5026,16,95,1
0.5026,16,96,1
0.5026,16,97,1
0.5026,16,98,1
0.5026,16,99,1
0.5026,16,100,1
0.5026,16,101,1
0.5026,16,102,1
0.5026,16,103,1
0.5026,16,104,1
0.5026,16,105,1
0.5026,16,106,1
0.5026,16,107,1
0.531,17,1,1
0.531,17,2,1
0.531,17,3,1
0.531,17,4,1
0.531,17,5,1
0.531,17,6,1
0.531,17,7,1
0.531,17,8,1
0.531,17,9,1
0.531,17,10,1
0.531,17,11,1
0.531,17,12,1
0.531,17,13,1
0.531,17,14,1
0.531,17,15,1
0.531,17,16,1
0.531,17,17,1
0.531,17,18,1
0.531,17,19,1
0.531,17,20,1
0.531,17,21,1
0.531,17,22,1
0.531,17,23,1
0.531,17,24,1
0.531,17,25,1
0.531,17,26,1
0.531,17,27,1
0.531,17,28,1
0.531,17,29,1
0.531,17,30,1
0.531,17,31,1
0.531,17,32,1
0.531,17,33,1
0.531,17,34,1
0.531,17,35,1
0.531,17,36,1
0.531,17,37,1
0.531,17,38,1
0.531,17,39,1
0.531,17,40,1
0.531,17,41,1
0.531,17,42,1
0.531,17,43,1
0.531,17,44,1
0.531,17,45,1
0.531,17,46,1
0.531,17,47,1
0.531,17,48,1
0.531,17,49,1
0.531,17,50,1
0.531,17,51,1
0.531,17,52,1
0.531,17,53,1
0.531,17,54,1
0.531,17,55,1
0.531,17,56,1
0.531,17,57,1
0.531,17,58,1
0.531,17,59,1
0.531,17,60,1
0.531,17,61,1
0.531,17,62,1
0.531,17,63,1
0.531,17,64,1
0.531,17,65,1
0.531,17,66,1
0.531,17,67,1
0.531,17,68,1
0.531,17,69,1
0.531,17,70,1
0.531,17,71,1
0.531,17,72,1
0.531,17,73,1
0.531,17,74,1
0.531,17,75,1
0.531,17,76,1
0.531,17,77,1
0.531,17,78,1
0.531,17,79,1
0.531,17,80,1
0.531,17,81,1
0.531,17,82,1
0.531,17,83,1
0.531,17,84,1
0.531,17,85,1
0.531,17,86,1
0.531,17,87,1
0.531,17,88,1
0.531,17,89,1
0.531,17,90,1
0.531,17,91,1
0.531,17,92,1
0.531,17,93,1
0.531,17,94,1
0.531,17,95,1
0.531,17,96,1
0.531,17,97,1
0.531,17,98,1
0.531,17,99,1
0.531,17,100,1
0.531,17,101,1
0.531,17,102,1
0.531,17,103,1
0.531,17,104,1
0.531,17,105,1
0.531,17,106,1
0.531,17,107,1
0.5594,18,1,1
0.5594,18,2,1
0.5594,18,3,1
0.5594,18,4,1
0.5594,18,5,1
0.5594,18,6,1
0.5594,18,7,1
0.5594,18,8,1
0.5594,18,9,1
0.5594,18,10,1
0.5594,18,11,1
0.5594,18,12,1
0.5594,18,13,1
0.5594,18,14,1
0.5594,18,15,1
0.5594,18,16,1
0.5594,18,17,0.999908444471572
0.5594,18,18,0.999908444471572
0.5594,18,19,0.999908444471572
0.5594,18,20,0.999908444471572
0.5594,18,21,0.999908444471572
0.5594,18,22,0.999908444471572
0.5594,18,23,0.999908444471572
0.5594,18,24,0.999908444471572
0.5594,18,25,0.999908444471572
0.5594,18,26,0.999908444471572
0.5594,18,27,1
0.5594,18,28,1
0.5594,18,29,1
0.5594,18,30,1
0.5594,18,31,1
0.5594,18,32,1
0.5594,18,33,1
0.5594,18,34,1
0.5594,18,35,1
0.5594,18,36,1
0.5594,18,37,1
0.5594,18,38,1
0.5594,18,39,1
0.5594,18,40,1
0.5594,18,41,1
0.5594,18,42,1
0.5594,18,43,1
0.5594,18,44,1
0.5594,18,45,1
0.5594,18,46,1
0.5594,18,47,1
0.5594,18,48,1
0.5594,18,49,1
0.5594,18,50,1
0.5594,18,51,1
0.5594,18,52,1
0.5594,18,53,1
0.5594,18,54,1
0.5594,18,55,0.999908444471572
0.5594,18,56,0.999908444471572
0.5594,18,57,0.999908444471572
0.5594,18,58,0.999908444471572
0.5594,18,59,0.999908444471572
0.5594,18,60,0.999908444471572
0.5594,18,61,0.999908444471572
0.5594,18,62,0.999908444471572
0.5594,18,63,0.999908444471572
0.5594,18,64,0.999908444471572
0.5594,18,65,0.999908444471572
0.5594,18,66,0.999908444471572
0.5594,18,67,0.999908444471572
0.5594,18,68,0.999908444471572
0.5594,18,69,0.999908444471572
0.5594,18,70,0.999908444471572
0.5594,18,71,0.999908444471572
0.5594,18,72,0.999908444471572
0.5594,18,73,0.999908444471572
0.5594,18,74,1
0.5594,18,75,1
0.5594,18,76,1
0.5594,18,77,1
0.5594,18,78,1
0.5594,18,79,1
0.5594,18,80,1
0.5594,18,81,1
0.5594,18,82,1
0.5594,18,83,1
0.5594,18,84,1
0.5594,18,85,1
0.5594,18,86,1
0.5594,18,87,1
0.5594,18,88,1
0.5594,18,89,1
0.5594,18,90,1
0.5594,18,91,1
0.5594,18,92,1
0.5594,18,93,1
0.5594,18,94,1
0.5594,18,95,1
0.5594,18,96,1
0.5594,18,97,1
0.5594,18,98,1
0.5594,18,99,1
0.5594,18,100,1
0.5594,18,101,1
0.5594,18,102,0.999908444471572
0.5594,18,103,0.999908444471572
0.5594,18,104,0.999908444471572
0.5594,18,105,0.999908444471572
0.5594,18,106,0.999908444471572
0.5594,18,107,0.999908444471572
0.5877,19,1,0.999908444471572
0.5877,19,2,0.999908444471572
0.5877,19,3,0.999908444471572
0.5877,19,4,0.999908444471572
0.5877,19,5,0.999908444471572
0.5877,19,6,0.999908444471572
0.5877,19,7,0.999908444471572
0.5877,19,8,0.999908444471572
0.5877,19,9,0.999908444471572
0.5877,19,10,0.999908444471572
0.5877,19,11,1
0.5877,19,12,1
0.5877,19,13,1
0.5877,19,14,1
0.5877,19,15,1
0.5877,19,16,1
0.5877,19,17,1
0.5877,19,18,1
0.5877,19,19,1
0.5877,19,20,1
0.5877,19,21,1
0.5877,19,22,1
0.5877,19,23,1
0.5877,19,24,1
0.5877,19,25,1
0.5877,19,26,1
0.5877,19,27,1
0.5877,19,28,1
0.5877,19,29,1
0.5877,19,30,1
0.5877,19,31,1
0.5877,19,32,1
0.5877,19,33,1
0.5877,19,34,1
0.5877,19,35,1
0.5877,19,36,1
0.5877,19,37,1
0.5877,19,38,1
0.5877,19,39,0.999908444471572
0.5877,19,40,0.999908444471572
0.5877,19,41,0.999908444471572
0.5877,19,42,0.999908444471572
0.5877,19,43,0.999908444471572
0.5877,19,44,0.999908444471572
0.5877,19,45,0.999908444471572
0.5877,19,46,0.999908444471572
0.5877,19,47,0.999908444471572
0.5877,19,48,0.999908444471572
0.5877,19,49,0.999908444471572
0.5877,19,50,0.999908444471572
0.5877,19,51,0.999908444471572
0.5877,19,52,0.999908444471572
0.5877,19,53,0.999908444471572
0.5877,19,54,0.999908444471572
0.5877,19,55,0.597460860011597
0.5877,19,56,0.58287301248207
0.5877,19,57,0.581286049989319
0.5877,19,58,0.579729606006043
0.5877,19,59,0.578051087984863
0.5877,19,60,0.576494644001587
0.5877,19,61,0.574785607470931
0.5877,19,62,0.573107089449751
0.5877,19,63,0.573107089449751
0.5877,19,64,0.571306497390667
0.5877,19,65,0.569566942350536
0.5877,19,66,0.567735831781976
0.5877,19,67,0.567735831781976
0.5877,19,68,0.564073610644856
0.5877,19,69,0.56221198156682
0.5877,19,70,0.560258796960356
0.5877,19,71,0.558397167882321
0.5877,19,72,0.556321909237953
0.5877,19,73,0.554338206122013
0.5877,19,74,0.554338206122013
0.5877,19,75,0.552323984496597
0.5877,19,76,0.550187688833277
0.5877,19,77,0.548081911679434
0.5877,19,78,0.548081911679434
0.5877,19,79,0.543717764824366
0.5877,19,80,0.541459395123142
0.5877,19,81,0.539201025421918
0.5877,19,82,0.536912137211219
0.5877,19,83,0.999969481490524
0.5877,19,84,0.999969481490524
0.5877,19,85,0.999969481490524
0.5877,19,86,0.999969481490524
0.5877,19,87,0.999969481490524
0.5877,19,88,0.999969481490524
0.5877,19,89,0.999969481490524
0.5877,19,90,0.999969481490524
0.5877,19,91,0.999969481490524
0.5877,19,92,0.999969481490524
0.5877,19,93,0.999969481490524
0.5877,19,94,0.999969481490524
0.5877,19,95,0.999969481490524
0.5877,19,96,0.999969481490524
0.5877,19,97,0.999969481490524
0.5877,19,98,0.999969481490524
0.5877,19,99,0.585863826410718
0.5877,19,100,0.584307382427442
0.5877,19,101,0.58272041993469
0.5877,19,102,0.581163975951415
0.5877,19,103,0.579454939420759
0.5877,19,104,0.577898495437483
0.5877,19,105,0.576219977416303
0.5877,19,106,0.574480422376171
0.5877,19,107,0.572679830317087
0.6161,20,1,0.570970793786431
0.6161,20,2,0.570970793786431
0.6161,20,3,0.569139683217872
0.6161,20,4,0.567308572649312
0.6161,20,5,0.5654164250618
0.6161,20,6,0.563493758964812
0.6161,20,7,0.561540574358348
0.6161,20,8,0.559556871242408
0.6161,20,9,0.557542649616993
0.6161,20,10,0.555558946501053
0.6161,20,11,0.553483687856685
0.6161,20,12,0.551347392193365
0.6161,20,13,0.551347392193365
0.6161,20,14,0.549211096530046
0.6161,20,15,0.547105319376202
0.6161,20,16,0.544846949674978
0.6161,20,17,0.542588579973754
0.6161,20,18,0.540299691763054
0.6161,20,19,1
0.6161,20,20,1
0.6161,20,21,1
0.6161,20,22,1
0.6161,20,23,1
0.6161,20,24,1
0.6161,20,25,1
0.6161,20,26,1
0.6161,20,27,1
0.6161,20,28,1
0.6161,20,29,1
0.6161,20,30,1
0.6161,20,31,1
0.6161,20,32,1
0.6161,20,33,1
0.6161,20,34,1
0.6161,20,35,0.898556474501785
0.6161,20,36,0.675557725760674
0.6161,20,37,0.674184392834254
0.6161,20,38,0.67284157841731
0.6161,20,39,0.671437726981414
0.6161,20,40,0.670033875545518
0.6161,20,41,0.668507950071718
0.6161,20,42,0.667073580126347
0.6161,20,43,0.665517136143071
0.6161,20,44,0.663960692159795
0.6161,20,45,0.663960692159795
0.6161,20,46,0.662404248176519
0.6161,20,47,0.660725730155339
0.6161,20,48,0.659047212134159
0.6161,20,49,0.657338175603503
0.6161,20,50,0.655629139072848
0.6161,20,51,0.653920102542192
0.6161,20,52,0.652088991973632
0.6161,20,53,0.650257881405072
0.6161,20,54,0.648426770836512
0.6161,20,55,0.646443067720572
0.6161,20,56,0.646443067720572
0.6161,20,57,0.644459364604633
0.6161,20,58,0.642475661488693
0.6161,20,59,0.640491958372753
0.6161,20,60,0.638386181218909
0.6161,20,61,0.636249885555589
0.6161,20,62,0.999969481490524
0.6161,20,63,0.999969481490524
0.6161,20,64,0.999969481490524
0.6161,20,65,0.999969481490524
0.6161,20,66,0.999969481490524
0.6161,20,67,0.999969481490524
0.6161,20,68,0.999969481490524
0.6161,20,69,0.999969481490524
0.6161,20,70,0.999969481490524
0.6161,20,71,0.999969481490524
0.6161,20,72,0.999969481490524
0.6161,20,73,0.999969481490524
0.6161,20,74,0.999969481490524
0.6161,20,75,0.999969481490524
0.6161,20,76,0.999969481490524
0.6161,20,77,0.862788781395917
0.6161,20,78,0.562486648152104
0.6161,20,79,0.558702352977081
0.6161,20,80,0.555009613330485
0.6161,20,81,0.551072725608081
0.6161,20,82,0.547105319376202
0.6161,20,83,0.543137913144322
0.6161,20,84,0.539048432874538
0.6161,20,85,0.539048432874538
0.6161,20,86,0.534806360057375
0.6161,20,87,0.530442213202307
0.6161,20,88,0.526047547837764
0.6161,20,89,0.526047547837764
0.6161,20,90,0.517014069032868
0.6161,20,91,0.512344737083041
0.6161,20,92,0.507553331095309
0.6161,20,93,0.502731406598102
0.6161,20,94,0.49778740806299
0.6161,20,95,0.492568742942595
0.6161,20,96,0.492568742942595
0.6161,20,97,0.487472151860103
0.6161,20,98,0.482100894192328
0.6161,20,99,0.476729636524552
0.6161,20,100,0.476729636524552
0.6161,20,101,0.465559862056337
0.6161,20,102,0.459761345255898
0.6161,20,103,0.453810235908078
0.6161,20,104,0.447767571031831
0.6161,20,105,0.999969481490524
0.6161,20,106,0.999969481490524
0.6161,20,107,0.999969481490524
0.6445,21,1,0.999969481490524
0.6445,21,2,0.999969481490524
0.6445,21,3,0.999969481490524
0.6445,21,4,0.999969481490524
0.6445,21,5,0.999969481490524
0.6445,21,6,0.999969481490524
0.6445,21,7,0.999969481490524
0.6445,21,8,0.999969481490524
0.6445,21,9,0.999969481490524
0.6445,21,10,0.999969481490524
0.6445,21,11,0.999969481490524
0.6445,21,12,1
0.6445,21,13,1
0.6445,21,14,1
0.6445,21,15,1
0.6445,21,16,1
0.6445,21,17,1
0.6445,21,18,1
0.6445,21,19,1
0.6445,21,20,1
0.6445,21,21,1
0.6445,21,22,1
0.6445,21,23,1
0.6445,21,24,1
0.6445,21,25,1
0.6445,21,26,1
0.6445,21,27,1
0.6445,21,28,1
0.6445,21,29,1
0.6445,21,30,1
0.6445,21,31,1
0.6445,21,32,1
0.6445,21,33,1
0.6445,21,34,1
0.6445,21,35,1
0.6445,21,36,1
0.6445,21,37,1
0.6445,21,38,1
0.6445,21,39,1
0.6445,21,40,0.999908444471572
0.6445,21,41,0.999908444471572
0.6445,21,42,0.999908444471572
0.6445,21,43,0.999908444471572
0.6445,21,44,0.999908444471572
0.6445,21,45,0.999908444471572
0.6445,21,46,0.999908444471572
0.6445,21,47,0.999908444471572
0.6445,21,48,0.999908444471572
0.6445,21,49,0.999908444471572
0.6445,21,50,0.999908444471572
0.6445,21,51,0.999908444471572
0.6445,21,52,0.999908444471572
0.6445,21,53,0.999908444471572
0.6445,21,54,0.999908444471572
0.6445,21,55,-0.980651264992218
0.6445,21,56,-0.982787560655538
0.6445,21,57,-0.984923856318857
0.6445,21,58,-0.987151707510605
0.6445,21,59,-0.989288003173925
0.6445,21,60,-0.991546372875149
0.6445,21,61,-0.993804742576373
0.6445,21,62,-0.996093630787072
0.6445,21,63,-0.998443556016724
0.6445,21,64,-1
0.6445,21,65,-1
0.6445,21,66,-1
0.6445,21,67,-1
0.6445,21,68,-1
0.6445,21,69,-1
0.6445,21,70,-1
0.6445,21,71,-1
0.6445,21,72,-1
0.6445,21,73,-1
0.6445,21,74,-1
0.6445,21,75,-1
0.6445,21,76,-1
0.6445,21,77,-1
0.6445,21,78,-1
0.6445,21,79,-1
0.6445,21,80,-1
0.6445,21,81,-1
0.6445,21,82,1
0.6445,21,83,1
0.6445,21,84,1
0.6445,21,85,1
0.6445,21,86,1
0.6445,21,87,1
0.6445,21,88,1
0.6445,21,89,1
0.6445,21,90,1
0.6445,21,91,1
0.6445,21,92,1
0.6445,21,93,1
0.6445,21,94,1
0.6445,21,95,1
0.6445,21,96,1
0.6445,21,97,0.535905026398511
0.6445,21,98,-0.957487716299936
0.6445,21,99,-0.959349345377972
0.6445,21,100,-0.961149937437056
0.6445,21,101,-0.963011566515091
0.6445,21,102,-0.964934232612079
0.6445,21,103,-0.966826380199591
0.6445,21,104,-0.968779564806055
0.6445,21,105,-0.968779564806055
0.6445,21,106,-0.970763267921995
0.6445,21,107,-0.972746971037935
0.6729,22,1,-0.974883266701254
0.6729,22,2,-0.974883266701254
0.6729,22,3,-0.978942228461562
0.6729,22,4,-0.981078524124882
0.6729,22,5,-0.983214819788202
0.6729,22,6,-0.985351115451521
0.6729,22,7,-0.987578966643269
0.6729,22,8,-0.989837336344493
0.6729,22,9,-0.989837336344493
0.6729,22,10,-0.992095706045717
0.6729,22,11,-0.994384594256417
0.6729,22,12,-0.99664296395764
0.6729,22,13,-0.99664296395764
0.6729,22,14,-1
0.6729,22,15,-1
0.6729,22,16,-1
0.6729,22,17,-1
0.6729,22,18,1
0.6729,22,19,1
0.6729,22,20,1
0.6729,22,21,1
0.6729,22,22,1
0.6729,22,23,1
0.6729,22,24,1
0.6729,22,25,1
0.6729,22,26,1
0.6729,22,27,1
0.6729,22,28,1
0.6729,22,29,1
0.6729,22,30,1
0.6729,22,31,1
0.6729,22,32,1
0.6729,22,33,1
0.6729,22,34,1
0.6729,22,35,1
0.6729,22,36,-1
0.6729,22,37,-1
0.6729,22,38,-1
0.6729,22,39,-1
0.6729,22,40,-1
0.6729,22,41,-1
0.6729,22,42,-1
0.6729,22,43,-1
0.6729,22,44,-1
0.6729,22,45,-1
0.6729,22,46,-1
0.6729,22,47,-1
0.6729,22,48,-1
0.6729,22,49,-1
0.6729,22,50,-1
0.6729,22,51,-1
0.6729,22,52,-1
0.6729,22,53,-1
0.6729,22,54,-1
0.6729,22,55,-1
0.6729,22,56,-1
0.6729,22,57,-1
0.6729,22,58,-1
0.6729,22,59,-1
0.6729,22,60,-1
0.6729,22,61,-1
0.6729,22,62,-1
0.6729,22,63,1
0.6729,22,64,1
0.6729,22,65,1
0.6729,22,66,1
0.6729,22,67,1
0.6729,22,68,1
0.6729,22,69,1
0.6729,22,70,1
0.6729,22,71,1
0.6729,22,72,1
0.6729,22,73,1
0.6729,22,74,1
0.6729,22,75,1
0.6729,22,76,1
0.6729,22,77,1
0.6729,22,78,1
0.6729,22,79,1
0.6729,22,80,1
0.6729,22,81,1
0.6729,22,82,1
0.6729,22,83,1
0.6729,22,84,1
0.6729,22,85,1
0.6729,22,86,1
0.6729,22,87,1
0.6729,22,88,1
0.6729,22,89,1
0.6729,22,90,1
0.6729,22,91,1
0.6729,22,92,1
0.6729,22,93,1
0.6729,22,94,1
0.6729,22,95,1
0.6729,22,96,1
0.6729,22,97,1
0.6729,22,98,1
0.6729,22,99,1
0.6729,22,100,1
0.6729,22,101,1
0.6729,22,102,1
0.6729,22,103,1
0.6729,22,104,1
0.6729,22,105,1
0.6729,22,106,1
0.6729,22,107,1
0.7012,23,1,1
0.7012,23,2,1
0.7012,23,3,1
0.7012,23,4,1
0.7012,23,5,1
0.7012,23,6,1
0.7012,23,7,1
0.7012,23,8,1
0.7012,23,9,1
0.7012,23,10,1
0.7012,23,11,1
0.7012,23,12,1
0.7012,23,13,1
0.7012,23,14,1
0.7012,23,15,1
0.7012,23,16,1
0.7012,23,17,1
0.7012,23,18,1
0.7012,23,19,1
0.7012,23,20,1
0.7012,23,21,1
0.7012,23,22,1
0.7012,23,23,1
0.7012,23,24,1
0.7012,23,25,1
0.7012,23,26,1
0.7012,23,27,1
0.7012,23,28,1
0.7012,23,29,1
0.7012,23,30,1
0.7012,23,31,1
0.7012,23,32,1
0.7012,23,33,1
0.7012,23,34,1
0.7012,23,35,1
0.7012,23,36,1
0.7012,23,37,1
0.7012,23,38,1
0.7012,23,39,1
0.7012,23,40,1
0.7012,23,41,1
0.7012,23,42,1
0.7012,23,43,1
0.7012,23,44,1
0.7012,23,45,1
0.7012,23,46,1
0.7012,23,47,1
0.7012,23,48,1
0.7012,23,49,1
0.7012,23,50,1
0.7012,23,51,1
0.7012,23,52,1
0.7012,23,53,1
0.7012,23,54,1
0.7012,23,55,1
0.7012,23,56,1
0.7012,23,57,1
0.7012,23,58,1
0.7012,23,59,1
0.7012,23,60,1
0.7012,23,61,1
0.7012,23,62,1
0.7012,23,63,1
0.7012,23,64,1
0.7012,23,65,1
0.7012,23,66,1
0.7012,23,67,1
0.7012,23,68,1
0.7012,23,69,1
0.7012,23,70,1
0.7012,23,71,1
0.7012,23,72,1
0.7012,23,73,1
0.7012,23,74,1
0.7012,23,75,1
0.7012,23,76,1
0.7012,23,77,1
0.7012,23,78,1
0.7012,23,79,1
0.7012,23,80,1
0.7012,23,81,1
0.7012,23,82,1
0.7012,23,83,1
0.7012,23,84,1
0.7012,23,85,1
0.7012,23,86,1
0.7012,23,87,1
0.7012,23,88,1
0.7012,23,89,1
0.7012,23,90,0.999877925962096
0.7012,23,91,0.999877925962096
0.7012,23,92,0.999877925962096
0.7012,23,93,0.999877925962096
0.7012,23,94,0.999877925962096
0.7012,23,95,0.999877925962096
0.7012,23,96,0.999877925962096
0.7012,23,97,0.999877925962096
0.7012,23,98,0.999877925962096
0.7012,23,99,0.999877925962096
0.7012,23,100,0.999877925962096
0.7012,23,101,0.999877925962096
0.7012,23,102,0.999877925962096
0.7012,23,103,0.535752433851131
0.7012,23,104,-1
0.7012,23,105,-1
0.7012,23,106,-1
0.7012,23,107,-1
0.7296,24,1,-1
0.7296,24,2,-1
0.7296,24,3,-1
0.7296,24,4,-1
0.7296,24,5,-1
0.7296,24,6,-1
0.7296,24,7,-1
0.7296,24,8,-1
0.7296,24,9,-1
0.7296,24,10,-1
0.7296,24,11,-1
0.7296,24,12,-1
0.7296,24,13,-1
0.7296,24,14,-1
0.7296,24,15,-1
0.7296,24,16,-1
0.7296,24,17,-1
0.7296,24,18,-1
0.7296,24,19,-1
0.7296,24,20,-1
0.7296,24,21,-1
0.7296,24,22,-1
0.7296,24,23,-1
0.7296,24,24,1
0.7296,24,25,1
0.7296,24,26,1
0.7296,24,27,1
0.7296,24,28,1
0.7296,24,29,1
0.7296,24,30,1
0.7296,24,31,1
0.7296,24,32,1
0.7296,24,33,1
0.7296,24,34,1
0.7296,24,35,1
0.7296,24,36,1
0.7296,24,37,1
0.7296,24,38,1
0.7296,24,39,1
0.7296,24,40,1
0.7296,24,41,1
0.7296,24,42,1
0.7296,24,43,1
0.7296,24,44,1
0.7296,24,45,1
0.7296,24,46,1
0.7296,24,47,1
0.7296,24,48,1
0.7296,24,49,1
0.7296,24,50,1
0.7296,24,51,1
0.7296,24,52,1
0.7296,24,53,1
0.7296,24,54,1
0.7296,24,55,1
0.7296,24,56,1
0.7296,24,57,1
0.7296,24,58,1
0.7296,24,59,1
0.7296,24,60,1
0.7296,24,61,1
0.7296,24,62,1
0.7296,24,63,1
0.7296,24,64,1
0.7296,24,65,1
0.7296,24,66,1
0.7296,24,67,1
0.7296,24,68,1
0.7296,24,69,0.999908444471572
0.7296,24,70,0.999908444471572
0.7296,24,71,0.999908444471572
0.7296,24,72,0.999908444471572
0.7296,24,73,0.999908444471572
0.7296,24,74,0.999908444471572
0.7296,24,75,0.999908444471572
0.7296,24,76,0.999908444471572
0.7296,24,77,0.999908444471572
0.7296,24,78,0.999908444471572
0.7296,24,79,0.999908444471572
0.7296,24,80,0.999908444471572
0.7296,24,81,0.530808435316019
0.7296,24,82,-0.927945799127171
0.7296,24,83,-0.929654835657826
0.7296,24,84,-0.931363872188482
0.7296,24,85,-0.933194982757042
0.7296,24,86,-0.934995574816126
0.7296,24,87,-0.936826685384686
0.7296,24,88,-0.938688314462722
0.7296,24,89,-0.938688314462722
0.7296,24,90,-0.940519425031281
0.7296,24,91,-0.942381054109317
0.7296,24,92,-0.944364757225257
0.7296,24,93,-0.944364757225257
0.7296,24,94,-0.948301644947661
0.7296,24,95,-0.950285348063601
0.7296,24,96,-0.952299569689016
0.7296,24,97,-0.95440534684286
0.7296,24,98,-0.956511123996704
0.7296,24,99,-0.958616901150548
0.7296,24,100,-0.958616901150548
0.7296,24,101,-0.960753196813868
0.7296,24,102,-0.963011566515091
0.7296,24,103,-0.965239417706839
0.7296,24,104,-0.965239417706839
0.7296,24,105,-0.969756157109287
0.7296,24,106,-0.972045045319987
0.7296,24,107,-0.974425489059114
0.758,25,1,-0.976805932798242
0.758,25,2,0.999969481490524
0.758,25,3,0.999969481490524
0.758,25,4,0.999969481490524
0.758,25,5,0.999969481490524
0.758,25,6,0.999969481490524
0.758,25,7,0.999969481490524
0.758,25,8,0.999969481490524
0.758,25,9,0.999969481490524
0.758,25,10,0.999969481490524
0.758,25,11,0.999969481490524
0.758,25,12,0.999969481490524
0.758,25,13,0.999969481490524
0.758,25,14,0.999969481490524
0.758,25,15,0.999969481490524
0.758,25,16,0.999969481490524
0.758,25,17,0.535874507889035
0.758,25,18,-0.936857203894162
0.758,25,19,-0.938810388500626
0.758,25,20,-0.940672017578661
0.758,25,21,-0.942625202185125
0.758,25,22,-0.944608905301065
0.758,25,23,-0.946592608417005
0.758,25,24,-0.948606830042421
0.758,25,25,-0.948606830042421
0.758,25,26,-0.950682088686788
0.758,25,27,-0.952696310312204
0.758,25,28,-0.954802087466048
0.758,25,29,-0.954802087466048
0.758,25,30,-0.959196752830592
0.758,25,31,-0.961394085512864
0.758,25,32,-0.963560899685659
0.758,25,33,-0.965819269386883
0.758,25,34,-0.968199713126011
0.758,25,35,-0.970488601336711
0.758,25,36,-0.970488601336711
0.758,25,37,-0.972899563585314
0.758,25,38,-0.975280007324442
0.758,25,39,-0.977721488082522
0.758,25,40,-0.977721488082522
0.758,25,41,-0.982665486617634
0.758,25,42,-0.985198522904141
0.758,25,43,-0.987731559190649
0.758,25,44,-0.990417188024537
0.758,25,45,0.999969481490524
0.758,25,46,0.999969481490524
0.758,25,47,0.999969481490524
0.758,25,48,0.999969481490524
0.758,25,49,0.999969481490524
0.758,25,50,0.999969481490524
0.758,25,51,0.999969481490524
0.758,25,52,0.999969481490524
0.758,25,53,0.999969481490524
0.758,25,54,0.999969481490524
0.758,25,55,0.999969481490524
0.758,25,56,0.999969481490524
0.758,25,57,0.999969481490524
0.758,25,58,0.999969481490524
0.758,25,59,0.999969481490524
0.758,25,60,0.999969481490524
0.758,25,61,0.999969481490524
0.758,25,62,0.999969481490524
0.758,25,63,0.549089022492142
0.758,25,64,-0.961699270607624
0.758,25,65,-0.963988158818323
0.758,25,66,-0.966246528519547
0.758,25,67,-0.968626972258675
0.758,25,68,-0.970915860469375
0.758,25,69,-0.973418378246406
0.758,25,70,-0.975859859004486
0.758,25,71,-0.975859859004486
0.758,25,72,-0.97827082125309
0.758,25,73,-0.980803857539598
0.758,25,74,-0.983367412335582
0.758,25,75,-0.983367412335582
0.758,25,76,-0.988586077455977
0.758,25,77,-0.991241187780389
0.758,25,78,-0.993957335123753
0.758,25,79,-0.99664296395764
0.758,25,80,-0.999450666829432
0.758,25,81,-1
0.758,25,82,-1
0.758,25,83,-1
0.758,25,84,-1
0.758,25,85,-1
0.758,25,86,-1
0.758,25,87,-1
0.758,25,88,-1
0.758,25,89,-1
0.758,25,90,-1
0.758,25,91,1
0.758,25,92,1
0.758,25,93,1
0.758,25,94,1
0.758,25,95,1
0.758,25,96,1
0.758,25,97,1
0.758,25,98,1
0.758,25,99,1
0.758,25,100,1
0.758,25,101,1
0.758,25,102,1
0.758,25,103,1
0.758,25,104,1
0.758,25,105,1
0.758,25,106,1
0.758,25,107,1
0.7864,26,1,1
0.7864,26,2,1
0.7864,26,3,0.530930509353923
0.7864,26,4,-0.936552018799402
0.7864,26,5,-0.938566240424818
0.7864,26,6,-0.940549943540757
0.7864,26,7,-0.942503128147221
0.7864,26,8,-0.944639423810541
0.7864,26,9,-0.944639423810541
0.7864,26,10,-0.946714682454909
0.7864,26,11,-0.948728904080325
0.7864,26,12,-0.948728904080325
0.7864,26,13,-0.950865199743644
0.7864,26,14,-0.953093050935392
0.7864,26,15,-0.953093050935392
0.7864,26,16,-0.955229346598712
0.7864,26,17,-0.955229346598712
0.7864,26,18,-0.957487716299936
0.7864,26,19,-0.95974608600116
0.7864,26,20,-0.962034974211859
0.7864,26,21,-0.962034974211859
0.7864,26,22,-0.964384899441511
0.7864,26,23,-0.966673787652211
0.7864,26,24,-0.966673787652211
0.7864,26,25,-0.969084749900815
0.7864,26,26,-0.971495712149419
0.7864,26,27,-0.971495712149419
0.7864,26,28,-0.97399822992645
0.7864,26,29,-0.97643971068453
0.7864,26,30,-0.97643971068453
0.7864,26,31,-0.978972746971038
0.7864,26,32,-0.978972746971038
0.7864,26,33,-0.984160893581957
0.7864,26,34,-0.986754966887417
0.7864,26,35,-0.989440595721305
0.7864,26,36,-0.992126224555193
0.7864,26,37,0.999969481490524
0.7864,26,38,0.999969481490524
0.7864,26,39,0.999969481490524
0.7864,26,40,0.999969481490524
0.7864,26,41,0.999969481490524
0.7864,26,42,0.999969481490524
0.7864,26,43,0.999969481490524
0.7864,26,44,0.999969481490524
0.7864,26,45,0.999969481490524
0.7864,26,46,0.999969481490524
0.7864,26,47,0.999969481490524
0.7864,26,48,0.999969481490524
0.7864,26,49,0.999969481490524
0.7864,26,50,0.999969481490524
0.7864,26,51,0.999969481490524
0.7864,26,52,0.999969481490524
0.7864,26,53,0.999969481490524
0.7864,26,54,0.535874507889035
0.7864,26,55,-0.933194982757042
0.7864,26,56,-0.93511764885403
0.7864,26,57,-0.93710135196997
0.7864,26,58,-0.939115573595386
0.7864,26,59,-0.941099276711325
0.7864,26,60,-0.943174535355693
0.7864,26,61,-0.945310831019013
0.7864,26,62,-0.945310831019013
0.7864,26,63,-0.947386089663381
0.7864,26,64,-0.949552903836177
0.7864,26,65,-0.951719718008972
0.7864,26,66,-0.951719718008972
0.7864,26,67,-0.956205938901944
0.7864,26,68,-0.958464308603168
0.7864,26,69,-0.960753196813868
0.7864,26,70,-0.963103122043519
0.7864,26,71,-0.965422528763695
0.7864,26,72,-0.967802972502823
0.7864,26,73,-0.967802972502823
0.7864,26,74,-0.970336008789331
0.7864,26,75,-0.972746971037935
0.7864,26,76,-0.975280007324442
0.7864,26,77,-0.975280007324442
0.7864,26,78,-0.98040711691641
0.7864,26,79,-0.983062227240822
0.7864,26,80,-0.985717337565233
0.7864,26,81,-0.988433484908597
0.7864,26,82,1
0.7864,26,83,1
0.7864,26,84,1
0.7864,26,85,1
0.7864,26,86,1
0.7864,26,87,1
0.7864,26,88,1
0.7864,26,89,1
0.7864,26,90,1
0.7864,26,91,1
0.7864,26,92,1
0.7864,26,93,1
0.7864,26,94,1
0.7864,26,95,1
0.7864,26,96,-0.929685354167302
0.7864,26,97,-0.931638538773766
0.7864,26,98,-0.93359172338023
0.7864,26,99,-0.93557542649617
0.7864,26,100,-0.93755912961211
0.7864,26,101,-0.939664906765954
0.7864,26,102,-0.941770683919797
0.7864,26,103,-0.943937498092593
0.7864,26,104,-0.946012756736961
0.7864,26,105,-0.948149052400281
0.7864,26,106,-0.948149052400281
0.7864,26,107,-0.950285348063601
0.8147,27,1,-0.952543717764824
0.8147,27,2,-0.954802087466048
0.8147,27,3,-0.957182531205176
0.8147,27,4,-0.959471419415876
0.8147,27,5,-0.961851863155003
0.8147,27,6,-0.964232306894131
0.8147,27,7,-0.966673787652211
0.8147,27,8,-0.969084749900815
0.8147,27,9,-0.971617786187323
0.8147,27,10,-0.971617786187323
0.8147,27,11,-0.97415082247383
0.8147,27,12,-0.976714377269814
0.8147,27,13,-0.979247413556322
0.8147,27,14,-0.98193304239021
0.8147,27,15,-0.984618671224097
0.8147,27,16,1
0.8147,27,17,1
0.8147,27,18,1
0.8147,27,19,1
0.8147,27,20,1
0.8147,27,21,1
0.8147,27,22,1
0.8147,27,23,1
0.8147,27,24,1
0.8147,27,25,1
0.8147,27,26,1
0.8147,27,27,1
0.8147,27,28,1
0.8147,27,29,1
0.8147,27,30,1
0.8147,27,31,1
0.8147,27,32,1
0.8147,27,33,1
0.8147,27,34,0.535874507889035
0.8147,27,35,-0.926236762596515
0.8147,27,36,-0.928098391674551
0.8147,27,37,-0.93008209479049
0.8147,27,38,-0.93206579790643
0.8147,27,39,-0.93404950102237
0.8147,27,40,-0.936124759666738
0.8147,27,41,-0.938138981292154
0.8147,27,42,-0.938138981292154
0.8147,27,43,-0.940244758445998
0.8147,27,44,-0.942381054109317
0.8147,27,45,-0.944639423810541
0.8147,27,46,-0.944639423810541
0.8147,27,47,-0.948973052156133
0.8147,27,48,-0.951231421857357
0.8147,27,49,-0.953520310068056
0.8147,27,50,-0.955809198278756
0.8147,27,51,-0.958159123508408
0.8147,27,52,-0.960570085757012
0.8147,27,53,-0.960570085757012
0.8147,27,54,-0.962950529496139
0.8147,27,55,-0.965392010254219
0.8147,27,56,-0.967894528031251
0.8147,27,57,-0.967894528031251
0.8147,27,58,-0.972899563585314
0.8147,27,59,-0.975554673909726
0.8147,27,60,-0.97811822870571
0.8147,27,61,-0.980803857539598
0.8147,27,62,1
0.8147,27,63,1
0.8147,27,64,1
0.8147,27,65,1
0.8147,27,66,1
0.8147,27,67,1
0.8147,27,68,1
0.8147,27,69,1
0.8147,27,70,1
0.8147,27,71,1
0.8147,27,72,1
0.8147,27,73,1
0.8147,27,74,1
0.8147,27,75,1
0.8147,27,76,1
0.8147,27,77,1
0.8147,27,78,1
0.8147,27,79,1
0.8147,27,80,-0.922696615497299
0.8147,27,81,-0.924558244575335
0.8147,27,82,-0.926541947691275
0.8147,27,83,-0.928525650807215
0.8147,27,84,-0.930509353923154
0.8147,27,85,-0.932584612567522
0.8147,27,86,-0.934598834192938
0.8147,27,87,-0.936704611346782
0.8147,27,88,-0.938840907010102
0.8147,27,89,-0.940977202673421
0.8147,27,90,-0.940977202673421
0.8147,27,91,-0.943082979827265
0.8147,27,92,-0.945341349528489
0.8147,27,93,-0.947599719229713
0.8147,27,94,-0.949858088930937
0.8147,27,95,-0.95211645863216
0.8147,27,96,-0.954496902371288
0.8147,27,97,-0.956877346110416
0.8147,27,98,-0.959196752830592
0.8147,27,99,-0.961729789117099
0.8147,27,100,-0.964140751365703
0.8147,27,101,-0.964140751365703
0.8147,27,102,-0.966673787652211
0.8147,27,103,-0.969237342448195
0.8147,27,104,-0.971770378734703
0.8147,27,105,-0.974425489059114
0.8147,27,106,-0.976989043855098
0.8147,27,107,0.999969481490524
0.8431,28,1,0.999969481490524
0.8431,28,2,0.999969481490524
0.8431,28,3,0.999969481490524
0.8431,28,4,0.999969481490524
0.8431,28,5,0.999969481490524
0.8431,28,6,0.999969481490524
0.8431,28,7,0.999969481490524
0.8431,28,8,0.999969481490524
0.8431,28,9,0.999969481490524
0.8431,28,10,0.999969481490524
0.8431,28,11,0.999969481490524
0.8431,28,12,0.999969481490524
0.8431,28,13,0.999969481490524
0.8431,28,14,0.999969481490524
0.8431,28,15,0.999969481490524
0.8431,28,16,0.999969481490524
0.8431,28,17,-0.925840021973327
0.8431,28,18,-0.927823725089267
0.8431,28,19,-0.929807428205206
0.8431,28,20,-0.93191320535905
0.8431,28,21,-0.934018982512894
0.8431,28,22,-0.936124759666738
0.8431,28,23,-0.938261055330058
0.8431,28,24,-0.940397350993378
0.8431,28,25,-0.942655720694601
0.8431,28,26,-0.944883571886349
0.8431,28,27,-0.944883571886349
0.8431,28,28,-0.947172460097049
0.8431,28,29,-0.949430829798273
0.8431,28,30,-0.9518112735374
0.8431,28,31,-0.954130680257576
0.8431,28,32,-0.956602679525132
0.8431,28,33,-0.959044160283212
0.8431,28,34,-0.961455122531816
0.8431,28,35,-0.963988158818323
0.8431,28,36,-0.966551713614307
0.8431,28,37,-0.969054231391339
0.8431,28,38,-0.969054231391339
0.8431,28,39,-0.971770378734703
0.8431,28,40,-0.974425489059114
0.8431,28,41,-0.977111117893002
0.8431,28,42,-0.979827265236366
0.8431,28,43,-0.982634968108158
0.8431,28,44,0.999969481490524
0.8431,28,45,0.999969481490524
0.8431,28,46,0.999969481490524
0.8431,28,47,0.999969481490524
0.8431,28,48,0.999969481490524
0.8431,28,49,0.999969481490524
0.8431,28,50,0.999969481490524
0.8431,28,51,0.999969481490524
0.8431,28,52,0.999969481490524
0.8431,28,53,0.999969481490524
0.8431,28,54,0.999969481490524
0.8431,28,55,0.999969481490524
0.8431,28,56,0.583819086275826
0.8431,28,57,-0.93740653706473
0.8431,28,58,-0.93954283272805
0.8431,28,59,-0.941801202429273
0.8431,28,60,-0.944059572130497
0.8431,28,61,-0.946440015869625
0.8431,28,62,-0.948728904080325
0.8431,28,63,-0.951109347819452
0.8431,28,64,-0.951109347819452
0.8431,28,65,-0.953520310068056
0.8431,28,66,-0.95593127231666
0.8431,28,67,-0.958342234565264
0.8431,28,68,-0.958342234565264
0.8431,28,69,-0.963408307138279
0.8431,28,70,-0.965971861934263
0.8431,28,71,-0.968626972258675
0.8431,28,72,-0.971190527054659
0.8431,28,73,-0.97399822992645
0.8431,28,74,-0.976683858760338
0.8431,28,75,-0.976683858760338
0.8431,28,76,-0.979400006103702
0.8431,28,77,-0.98223822748497
0.8431,28,78,-0.985045930356761
0.8431,28,79,-0.985045930356761
0.8431,28,80,-0.990966521195105
0.8431,28,81,-0.993804742576373
0.8431,28,82,-0.996917630542924
0.8431,28,83,-1
0.8431,28,84,1
0.8431,28,85,1
0.8431,28,86,1
0.8431,28,87,1
0.8431,28,88,1
0.8431,28,89,1
0.8431,28,90,1
0.8431,28,91,1
0.8431,28,92,1
0.8431,28,93,1
0.8431,28,94,1
0.8431,28,95,1
0.8431,28,96,1
0.8431,28,97,0.897885067293313
0.8431,28,98,0.622302926725059
0.8431,28,99,0.619891964476455
0.8431,28,100,0.617328409680471
0.8431,28,101,0.614703817865535
0.8431,28,102,0.612109744560076
0.8431,28,103,0.609424115726188
0.8431,28,104,0.6067384868923
0.8431,28,105,0.604052858058412
0.8431,28,106,0.601245155186621
0.8431,28,107,0.601245155186621
0.8715,29,1,0.598437452314829
0.8715,29,2,0.595599230933561
0.8715,29,3,0.592730491042817
0.8715,29,4,0.589770195623646
0.8715,29,5,0.586809900204474
0.8715,29,6,0.583727530747398
0.8715,29,7,0.580736716818751
0.8715,29,8,0.577623828852199
0.8715,29,9,0.574388866847743
0.8715,29,10,0.571275978881191
0.8715,29,11,0.571275978881191
0.8715,29,12,0.56801049836726
0.8715,29,13,0.564622943815424
0.8715,29,14,0.561265907773064
0.8715,29,15,0.557847834711753
0.8715,29,16,0.554460280159917
0.8715,29,17,0.999969481490524
0.8715,29,18,0.999969481490524
0.8715,29,19,0.999969481490524
0.8715,29,20,0.999969481490524
0.8715,29,21,0.999969481490524
0.8715,29,22,0.999969481490524
0.8715,29,23,0.999969481490524
0.8715,29,24,0.999969481490524
0.8715,29,25,0.999969481490524
0.8715,29,26,0.999969481490524
0.8715,29,27,0.999969481490524
0.8715,29,28,0.842402417065951
0.8715,29,29,0.362956633198035
0.8715,29,30,0.360850856044191
0.8715,29,31,0.358745078890347
0.8715,29,32,0.356608783227027
0.8715,29,33,0.354503006073183
0.8715,29,34,0.35224463637196
0.8715,29,35,0.349986266670736
0.8715,29,36,0.349986266670736
0.8715,29,37,0.347727896969512
0.8715,29,38,0.345469527268288
0.8715,29,39,0.343180639057588
0.8715,29,40,0.343180639057588
0.8715,29,41,0.340800195318461
0.8715,29,42,0.340800195318461
0.8715,29,43,0.340800195318461
0.8715,29,44,0.340800195318461
0.8715,29,45,0.340800195318461
0.8715,29,46,0.340800195318461
0.8715,29,47,0.340800195318461
0.8715,29,48,0.340800195318461
0.8715,29,49,0.340800195318461
0.8715,29,50,0.340800195318461
0.8715,29,51,0.340800195318461
0.8715,29,52,0.340800195318461
0.8715,29,53,0.340800195318461
0.8715,29,54,0.340800195318461
0.8715,29,55,0.340800195318461
0.8715,29,56,0.340800195318461
0.8715,29,57,0.340800195318461
0.8715,29,58,0.340800195318461
0.8715,29,59,0.340800195318461
0.8715,29,60,0.340800195318461
0.8715,29,61,0.340800195318461
0.8715,29,62,0.340800195318461
0.8715,29,63,0.340800195318461
0.8715,29,64,0.340800195318461
0.8715,29,65,0.340800195318461
0.8715,29,66,0.340800195318461
0.8715,29,67,0.340800195318461
0.8715,29,68,0.340800195318461
0.8715,29,69,0.340800195318461
0.8715,29,70,0.340800195318461
0.8715,29,71,0.340800195318461
0.8715,29,72,0.340800195318461
0.8715,29,73,0.340800195318461
0.8715,29,74,0.340800195318461
0.8715,29,75,0.340800195318461
0.8715,29,76,0.340800195318461
0.8715,29,77,0.340800195318461
0.8715,29,78,0.340800195318461
0.8715,29,79,0.340800195318461
0.8715,29,80,0.340800195318461
0.8715,29,81,0.340800195318461
0.8715,29,82,0.340800195318461
0.8715,29,83,0.340800195318461
0.8715,29,84,0.340800195318461
0.8715,29,85,0.340800195318461
0.8715,29,86,0.340800195318461
0.8715,29,87,0.405072176274911
0.8715,29,88,0.403515732291635
0.8715,29,89,0.401867732779931
0.8715,29,90,0.400280770287179
0.8715,29,91,0.398571733756523
0.8715,29,92,0.396862697225867
0.8715,29,93,0.395062105166784
0.8715,29,94,0.395062105166784
0.8715,29,95,0.393353068636128
0.8715,29,96,0.391552476577044
0.8715,29,97,0.389812921536912
0.8715,29,98,0.389812921536912
0.8715,29,99,0.386028626361889
0.8715,29,100,0.384166997283853
0.8715,29,101,0.382305368205817
0.8715,29,102,0.380352183599353
0.8715,29,103,0.378398998992889
0.8715,29,104,0.376384777367473
0.8715,29,105,0.376384777367473
0.8715,29,106,0.374401074251534
0.8715,29,107,0.372325815607166
0.8999,30,1,0.37031159398175
0.8999,30,2,0.37031159398175
0.8999,30,3,0.366069521164586
0.8999,30,4,0.363933225501266
0.8999,30,5,0.361735892818995
0.8999,30,6,0.359569078646199
0.8999,30,7,1
0.8999,30,8,1
0.8999,30,9,1
0.8999,30,10,1
0.8999,30,11,1
0.8999,30,12,1
0.8999,30,13,1
0.8999,30,14,1
0.8999,30,15,1
0.8999,30,16,1
0.8999,30,17,1
0.8999,30,18,1
0.8999,30,19,1
0.8999,30,20,0.845851008636738
0.8999,30,21,0.377788628803369
0.8999,30,22,0.375713370159001
0.8999,30,23,0.373699148533586
0.8999,30,24,0.371593371379742
0.8999,30,25,0.369457075716422
0.8999,30,26,0.367351298562578
0.8999,30,27,0.365153965880306
0.8999,30,28,0.365153965880306
0.8999,30,29,0.362956633198035
0.8999,30,30,0.360698263496811
0.8999,30,31,0.358439893795587
0.8999,30,32,0.358439893795587
0.8999,30,33,0.353831598864711
0.8999,30,34,0.351512192144536
0.8999,30,35,0.349101229895932
0.8999,30,36,0.346720786156804
0.8999,30,37,0.344187749870296
0.8999,30,38,0.341624195074313
0.8999,30,39,0.341624195074313
0.8999,30,40,0.339213232825709
0.8999,30,41,0.336558122501297
0.8999,30,42,0.334025086214789
0.8999,30,43,0.334025086214789
0.8999,30,44,0.328775902584918
0.8999,30,45,0.325968199713126
0.8999,30,46,0.323252052369762
0.8999,30,47,0.320444349497971
0.8999,30,48,0.999969481490524
0.8999,30,49,0.999969481490524
0.8999,30,50,0.999969481490524
0.8999,30,51,0.999969481490524
0.8999,30,52,0.999969481490524
0.8999,30,53,0.999969481490524
0.8999,30,54,0.999969481490524
0.8999,30,55,0.999969481490524
0.8999,30,56,0.999969481490524
0.8999,30,57,0.999969481490524
0.8999,30,58,0.999969481490524
0.8999,30,59,0.999969481490524
0.8999,30,60,0.999969481490524
0.8999,30,61,0.878963591418195
0.8999,30,62,0.494247260963775
0.8999,30,63,0.492416150395215
0.8999,30,64,0.490585039826655
0.8999,30,65,0.488753929258095
0.8999,30,66,0.486739707632679
0.8999,30,67,0.484939115573595
0.8999,30,68,0.482955412457656
0.8999,30,69,0.482955412457656
0.8999,30,70,0.481002227851192
0.8999,30,71,0.479018524735252
0.8999,30,72,0.477004303109836
0.8999,30,73,0.477004303109836
0.8999,30,74,0.472914822840052
0.8999,30,75,0.470809045686209
0.8999,30,76,0.468672750022889
0.8999,30,77,0.466536454359569
0.8999,30,78,0.464430677205725
0.8999,30,79,0.462172307504502
0.8999,30,80,0.462172307504502
0.8999,30,81,0.459913937803278
0.8999,30,82,0.457655568102054
0.8999,30,83,0.455366679891354
0.8999,30,84,0.455366679891354
0.8999,30,85,0.450727866451003
0.8999,30,86,0.448316904202399
0.8999,30,87,0.445905941953795
0.8999,30,88,0.443403424176763
0.8999,30,89,0.999969481490524
0.8999,30,90,0.999969481490524
0.8999,30,91,0.999969481490524
0.8999,30,92,0.999969481490524
0.8999,30,93,0.999969481490524
0.8999,30,94,0.999969481490524
0.8999,30,95,0.999969481490524
0.8999,30,96,0.999969481490524
0.8999,30,97,0.999969481490524
0.8999,30,98,0.999969481490524
0.8999,30,99,0.999969481490524
0.8999,30,100,0.999969481490524
0.8999,30,101,0.999969481490524
0.8999,30,102,0.999969481490524
0.8999,30,103,0.999969481490524
0.8999,30,104,0.999969481490524
0.8999,30,105,0.891140476699118
0.8999,30,106,0.495925778984954
0.8999,30,107,0.494094668416395
0.9282,31,1,0.492263557847835
0.9282,31,2,0.490310373241371
0.9282,31,3,0.488448744163335
0.9282,31,4,0.486495559556871
0.9282,31,5,0.484511856440931
0.9282,31,6,0.482558671834468
0.9282,31,7,0.480544450209052
0.9282,31,8,0.480544450209052
0.9282,31,9,0.478560747093112
0.9282,31,10,0.476454969939268
0.9282,31,11,0.474349192785424
0.9282,31,12,0.472334971160009
0.9282,31,13,0.470107119968261
0.9282,31,14,0.467970824304941
0.9282,31,15,0.465681936094241
0.9282,31,16,0.463576158940397
0.9282,31,17,0.461317789239174
0.9282,31,18,0.45890682699057
0.9282,31,19,0.45890682699057
0.9282,31,20,0.456648457289346
0.9282,31,21,0.454390087588122
0.9282,31,22,0.451979125339518
0.9282,31,23,0.449598681600391
0.9282,31,24,0.447065645313883
0.9282,31,25,0.999969481490524
0.9282,31,26,0.999969481490524
0.9282,31,27,0.999969481490524
0.9282,31,28,0.999969481490524
0.9282,31,29,0.999969481490524
0.9282,31,30,0.999969481490524
0.9282,31,31,0.999969481490524
0.9282,31,32,0.999969481490524
0.9282,31,33,0.999969481490524
0.9282,31,34,0.999969481490524
0.9282,31,35,0.999969481490524
0.9282,31,36,0.999969481490524
0.9282,31,37,0.999969481490524
0.9282,31,38,0.999969481490524
0.9282,31,39,0.999969481490524
0.9282,31,40,0.999969481490524
0.9282,31,41,0.999969481490524
0.9282,31,42,0.999969481490524
0.9282,31,43,0.999969481490524
0.9282,31,44,0.999969481490524
0.9282,31,45,0.880764183477279
0.9282,31,46,0.502304147465438
0.9282,31,47,0.500503555406354
0.9282,31,48,0.498764000366222
0.9282,31,49,0.496932889797662
0.9282,31,50,0.494979705191198
0.9282,31,51,0.493148594622639
0.9282,31,52,0.491286965544603
0.9282,31,53,0.491286965544603
0.9282,31,54,0.489303262428663
0.9282,31,55,0.487350077822199
0.9282,31,56,0.485366374706259
0.9282,31,57,0.485366374706259
0.9282,31,58,0.481368449964904
0.9282,31,59,0.47926267281106
0.9282,31,60,0.477156895657216
0.9282,31,61,0.475051118503372
0.9282,31,62,0.472914822840052
0.9282,31,63,0.470778527176733
0.9282,31,64,0.470778527176733
0.9282,31,65,0.468520157475509
0.9282,31,66,0.466292306283761
0.9282,31,67,0.464033936582537
0.9282,31,68,0.464033936582537
0.9282,31,69,0.459486678670614
0.9282,31,70,0.45707571642201
0.9282,31,71,0.454695272682882
0.9282,31,72,0.452284310434278
0.9282,31,73,0.999969481490524
0.9282,31,74,0.999969481490524
0.9282,31,75,0.999969481490524
0.9282,31,76,0.999969481490524
0.9282,31,77,0.999969481490524
0.9282,31,78,0.999969481490524
0.9282,31,79,0.999969481490524
0.9282,31,80,0.999969481490524
0.9282,31,81,0.999969481490524
0.9282,31,82,0.999969481490524
0.9282,31,83,0.999969481490524
0.9282,31,84,0.999969481490524
0.9282,31,85,0.999969481490524
0.9282,31,86,0.999969481490524
0.9282,31,87,0.999969481490524
0.9282,31,88,0.881588183233131
0.9282,31,89,0.504135258033998
0.9282,31,90,0.502304147465438
0.9282,31,91,0.500473036896878
0.9282,31,92,0.498641926328318
0.9282,31,93,0.496780297250282
0.9282,31,94,0.494949186681722
0.9282,31,95,0.492996002075259
0.9282,31,96,0.491012298959319
0.9282,31,97,0.489028595843379
0.9282,31,98,0.489028595843379
0.9282,31,99,0.487044892727439
0.9282,31,100,0.485061189611499
0.9282,31,101,0.482955412457656
0.9282,31,102,0.480849635303812
0.9282,31,103,0.478835413678396
0.9282,31,104,0.476729636524552
0.9282,31,105,0.474471266823328
0.9282,31,106,0.472334971160009
0.9282,31,107,0.470076601458785
0.9566,32,1,0.467818231757561
0.9566,32,2,0.467818231757561
0.9566,32,3,0.465559862056337
0.9566,32,4,0.463301492355113
0.9566,32,5,0.46089053010651
0.9566,32,6,0.458510086367382
0.9566,32,7,0.456099124118778
0.9566,32,8,1
0.9566,32,9,1
0.9566,32,10,1
0.9566,32,11,1
0.9566,32,12,1
0.9566,32,13,1
0.9566,32,14,1
0.9566,32,15,1
0.9566,32,16,1
0.9566,32,17,1
0.9566,32,18,1
0.9566,32,19,1
0.9566,32,20,1
0.9566,32,21,1
0.9566,32,22,1
0.9566,32,23,1
0.9566,32,24,1
0.9566,32,25,1
0.9566,32,26,0.891933957945494
0.9566,32,27,0.530014954069643
0.9566,32,28,0.528580584124271
0.9566,32,29,0.527024140140996
0.9566,32,30,0.52546769615772
0.9566,32,31,0.523911252174444
0.9566,32,32,0.522354808191168
0.9566,32,33,0.520676290169988
0.9566,32,34,0.519119846186712
0.9566,32,35,0.517441328165532
0.9566,32,36,0.517441328165532
0.9566,32,37,0.515762810144353
0.9566,32,38,0.514053773613697
0.9566,32,39,0.512344737083041
0.9566,32,40,0.510635700552385
0.9566,32,41,0.508926664021729
0.9566,32,42,0.507126071962645
0.9566,32,43,0.505294961394085
0.9566,32,44,0.503463850825526
0.9566,32,45,0.50160222174749
0.9566,32,46,0.49977111117893
0.9566,32,47,0.49977111117893
0.9566,32,48,0.497909482100894
0.9566,32,49,0.49595629749443
0.9566,32,50,0.493972594378491
0.9566,32,51,0.492019409772027
0.9566,32,52,0.490035706656087
0.9566,32,53,0.999969481490524
0.9566,32,54,0.999969481490524
0.9566,32,55,0.999969481490524
0.9566,32,56,0.999969481490524
0.9566,32,57,0.999969481490524
0.9566,32,58,0.999969481490524
0.9566,32,59,0.999969481490524
0.9566,32,60,0.999969481490524
0.9566,32,61,0.999969481490524
0.9566,32,62,0.999969481490524
0.9566,32,63,0.999969481490524
0.9566,32,64,0.999969481490524
0.9566,32,65,0.999969481490524
0.9566,32,66,0.999969481490524
0.9566,32,67,0.999969481490524
0.9566,32,68,0.999969481490524
0.9566,32,69,0.896938993499558
0.9566,32,70,0.523056733909116
0.9566,32,71,0.521378215887936
0.9566,32,72,0.519699697866756
0.9566,32,73,0.518112735374004
0.9566,32,74,0.516434217352824
0.9566,32,75,0.514633625293741
0.9566,32,76,0.512894070253609
0.9566,32,77,0.511185033722953
0.9566,32,78,0.509384441663869
0.9566,32,79,0.509384441663869
0.9566,32,80,0.507553331095309
0.9566,32,81,0.505722220526749
0.9566,32,82,0.503860591448714
0.9566,32,83,0.501998962370678
0.9566,32,84,0.50007629627369
0.9566,32,85,0.498214667195654
0.9566,32,86,0.496230964079714
0.9566,32,87,0.494247260963775
0.9566,32,88,0.492263557847835
0.9566,32,89,0.490157780693991
0.9566,32,90,0.490157780693991
0.9566,32,91,0.488174077578051
0.9566,32,92,0.486037781914731
0.9566,32,93,0.483932004760887
0.9566,32,94,0.481795709097568
0.9566,32,95,0.47956785790582
0.9566,32,96,1
0.9566,32,97,1
0.9566,32,98,1
0.9566,32,99,1
0.9566,32,100,1
0.9566,32,101,1
0.9566,32,102,1
0.9566,32,103,1
0.9566,32,104,1
0.9566,32,105,1
0.9566,32,106,1
0.9566,32,107,1
0.985,33,1,1
0.985,33,2,1
0.985,33,3,1
0.985,33,4,1
0.985,33,5,1
0.985,33,6,1
0.985,33,7,1
0.985,33,8,1
0.985,33,9,0.89547410504471
0.985,33,10,0.541184728537858
0.985,33,11,0.539750358592486
0.985,33,12,0.53834650715659
0.985,33,13,0.536820581682791
0.985,33,14,0.535355693227943
0.985,33,15,0.533799249244667
0.985,33,16,0.532303842280343
0.985,33,17,0.530747398297067
0.985,33,18,0.529160435804315
0.985,33,19,0.529160435804315
0.985,33,20,0.527603991821039
0.985,33,21,0.526047547837764
0.985,33,22,0.524338511307108
0.985,33,23,0.522659993285928
0.985,33,24,0.521103549302652
0.985,33,25,0.51936399426252
0.985,33,26,0.517593920712912
0.985,33,27,0.515884884182257
0.985,33,28,0.514175847651601
0.985,33,29,0.512344737083041
0.985,33,30,0.512344737083041
0.985,33,31,0.510513626514481
0.985,33,32,0.508682515945921
0.985,33,33,0.506820886867885
0.985,33,34,0.504989776299326
0.985,33,35,0.503036591692862
0.985,33,36,0.999969481490524
0.985,33,37,0.999969481490524
0.985,33,38,0.999969481490524
0.985,33,39,0.999969481490524
0.985,33,40,0.999969481490524
0.985,33,41,0.999969481490524
0.985,33,42,0.999969481490524
0.985,33,43,0.999969481490524
0.985,33,44,0.999969481490524
0.985,33,45,0.999969481490524
0.985,33,46,0.999969481490524
0.985,33,47,0.999969481490524
0.985,33,48,0.999969481490524
0.985,33,49,0.999969481490524
0.985,33,50,0.999969481490524
0.985,33,51,0.870052186651204
0.985,33,52,0.48323007904294
0.985,33,53,0.480971709341716
0.985,33,54,0.478713339640492
0.985,33,55,0.476454969939268
0.985,33,56,0.474166081728568
0.985,33,57,0.471785637989441
0.985,33,58,0.469405194250313
0.985,33,59,0.466994232001709
0.985,33,60,0.464552751243629
0.985,33,61,0.464552751243629
0.985,33,62,0.462050233466598
0.985,33,63,0.459486678670614
0.985,33,64,0.456984160893582
0.985,33,65,0.454390087588122
0.985,33,66,0.451857051301614
0.985,33,67,0.449171422467727
0.985,33,68,0.446485793633839
0.985,33,69,0.443800164799951
0.985,33,70,0.440961943418683
0.985,33,71,0.438154240546892
0.985,33,72,0.438154240546892
0.985,33,73,0.435316019165624
0.985,33,74,0.432477797784356
0.985,33,75,0.429517502365184
0.985,33,76,0.426557206946013
0.985,33,77,0.423596911526841
0.985,33,78,0.999969481490524
0.985,33,79,0.999969481490524
0.985,33,80,0.999969481490524
0.985,33,81,0.999969481490524
0.985,33,82,0.999969481490524
0.985,33,83,0.999969481490524
0.985,33,84,0.999969481490524
0.985,33,85,0.999969481490524
0.985,33,86,0.999969481490524
0.985,33,87,0.999969481490524
0.985,33,88,0.999969481490524
0.985,33,89,0.999969481490524
0.985,33,90,0.999969481490524
0.985,33,91,0.999969481490524
0.985,33,92,0.999969481490524
0.985,33,93,0.999969481490524
0.985,33,94,0.999969481490524
0.985,33,95,0.999969481490524
0.985,33,96,0.885280922879727
0.985,33,97,0.520798364207892
0.985,33,98,0.518997772148808
0.985,33,99,0.517166661580248
0.985,33,100,0.515335551011689
0.985,33,101,0.513504440443129
0.985,33,102,0.511642811365093
0.985,33,103,0.509781182287057
0.985,33,104,0.507797479171117
0.985,33,105,0.505844294564653
0.985,33,106,0.505844294564653
0.985,33,107,0.50389110995819
1.0134,34,1,0.50190740684225
1.0134,34,2,0.499893185216834
1.0134,34,3,0.497817926572466
1.0134,34,4,0.49580370494705
1.0134,34,5,0.493667409283731
1.0134,34,6,0.491561632129887
1.0134,34,7,0.489425336466567
1.0134,34,8,0.487197485274819
1.0134,34,9,0.484939115573595
1.0134,34,10,0.484939115573595
1.0134,34,11,0.4827723014008
1.0134,34,12,0.480422376171148
1.0134,34,13,0.478133487960448
1.0134,34,14,0.475783562730796
1.0134,34,15,0.47346415601062
1.0134,34,16,0.999969481490524
1.0134,34,17,0.999969481490524
1.0134,34,18,0.999969481490524
1.0134,34,19,0.999969481490524
1.0134,34,20,0.999969481490524
1.0134,34,21,0.999969481490524
1.0134,34,22,0.999969481490524
1.0134,34,23,0.999969481490524
1.0134,34,24,0.999969481490524
1.0134,34,25,0.999969481490524
1.0134,34,26,0.999969481490524
1.0134,34,27,0.999969481490524
1.0134,34,28,0.999969481490524
1.0134,34,29,0.999969481490524
1.0134,34,30,0.999969481490524
1.0134,34,31,0.999969481490524
1.0134,34,32,0.999969481490524
1.0134,34,33,0.898525955992309
1.0134,34,34,0.588763084810938
1.0134,34,35,0.587939085055086
1.0134,34,36,0.586931974242378
1.0134,34,37,0.585985900448622
1.0134,34,38,0.585070345164342
1.0134,34,39,0.58409375286111
1.0134,34,40,0.583117160557878
1.0134,34,41,0.583117160557878
1.0134,34,42,0.582140568254646
1.0134,34,43,0.581133457441939
1.0134,34,44,0.580126346629231
1.0134,34,45,0.580126346629231
1.0134,34,46,0.578051087984863
1.0134,34,47,0.577043977172155
1.0134,34,48,0.575914792321543
1.0134,34,49,0.574846644489883
1.0134,34,50,0.573778496658223
1.0134,34,51,0.572649311807611
1.0134,34,52,0.572649311807611
1.0134,34,53,0.571550645466475
1.0134,34,54,0.570421460615864
1.0134,34,55,0.569170201727348
1.0134,34,56,0.569170201727348
1.0134,34,57,0.566759239478744
1.0134,34,58,0.565599536118656
1.0134,34,59,0.56434827723014
1.0134,34,60,0.563097018341624
1.0134,34,61,0.999877925962096
1.0134,34,62,0.999877925962096
1.0134,34,63,0.999877925962096
1.0134,34,64,0.999877925962096
1.0134,34,65,0.999877925962096
1.0134,34,66,0.999877925962096
1.0134,34,67,0.999877925962096
1.0134,34,68,0.999877925962096
1.0134,34,69,0.999877925962096
1.0134,34,70,0.999877925962096
1.0134,34,71,0.999877925962096
1.0134,34,72,0.999877925962096
1.0134,34,73,0.999877925962096
1.0134,34,74,0.999877925962096
1.0134,34,75,0.999877925962096
1.0134,34,76,0.999877925962096
1.0134,34,77,0.898251289407025
1.0134,34,78,0.556291390728477
1.0134,34,79,0.554887539292581
1.0134,34,80,0.553483687856685
1.0134,34,81,0.552049317911313
1.0134,34,82,0.550645466475417
1.0134,34,83,0.549211096530046
1.0134,34,84,0.547685171056246
1.0134,34,85,0.547685171056246
1.0134,34,86,0.54612872707297
1.0134,34,87,0.544694357127598
1.0134,34,88,0.543137913144322
1.0134,34,89,0.543137913144322
1.0134,34,90,0.539902951139866
1.0134,34,91,0.53834650715659
1.0134,34,92,0.536667989135411
1.0134,34,93,0.535081026642659
1.0134,34,94,0.533371990112003
1.0134,34,95,0.531693472090823
1.0134,34,96,0.531693472090823
1.0134,34,97,0.529984435560167
1.0134,34,98,0.528183843501083
1.0134,34,99,0.526474806970428
1.0134,34,100,0.526474806970428
1.0134,34,101,0.522934659871212
1.0134,34,102,0.521103549302652
1.0134,34,103,0.519150364696188
1.0134,34,104,0.517288735618152
1.0134,34,105,0.999969481490524
1.0134,34,106,0.999969481490524
1.0134,34,107,0.999969481490524
1.0417,35,1,0.999969481490524
1.0417,35,2,0.999969481490524
1.0417,35,3,0.999969481490524
1.0417,35,4,0.999969481490524
1.0417,35,5,0.999969481490524
1.0417,35,6,0.999969481490524
1.0417,35,7,0.999969481490524
1.0417,35,8,0.999969481490524
1.0417,35,9,0.999969481490524
1.0417,35,10,0.999969481490524
1.0417,35,11,0.999969481490524
1.0417,35,12,0.999969481490524
1.0417,35,13,0.887630848109378
1.0417,35,14,0.531540879543443
1.0417,35,15,0.529862361522263
1.0417,35,16,0.528031250953703
1.0417,35,17,0.526200140385144
1.0417,35,18,0.524369029816584
1.0417,35,19,0.522537919248024
1.0417,35,20,0.520676290169988
1.0417,35,21,0.518692587054048
1.0417,35,22,0.516861476485488
1.0417,35,23,0.516861476485488
1.0417,35,24,0.514877773369549
1.0417,35,25,0.512924588763085
1.0417,35,26,0.510940885647145
1.0417,35,27,0.508926664021729
1.0417,35,28,0.506851405377361
1.0417,35,29,0.504837183751946
1.0417,35,30,0.502731406598102
1.0417,35,31,0.500625629444258
1.0417,35,32,0.498367259743034
1.0417,35,33,0.496230964079714
1.0417,35,34,0.496230964079714
1.0417,35,35,0.493972594378491
1.0417,35,36,0.491744743186743
1.0417,35,37,0.489455854976043
1.0417,35,38,0.487166966765343
1.0417,35,39,0.484786523026215
1.0417,35,40,0.999969481490524
1.0417,35,41,0.999969481490524
1.0417,35,42,0.999969481490524
1.0417,35,43,0.999969481490524
1.0417,35,44,0.999969481490524
1.0417,35,45,0.999969481490524
1.0417,35,46,0.999969481490524
1.0417,35,47,0.999969481490524
1.0417,35,48,0.999969481490524
1.0417,35,49,0.999969481490524
1.0417,35,50,0.999969481490524
1.0417,35,51,0.999969481490524
1.0417,35,52,0.999969481490524
1.0417,35,53,0.856471449934385
1.0417,35,54,0.460066530350658
1.0417,35,55,0.45738090151677
1.0417,35,56,0.454542680135502
1.0417,35,57,0.451704458754234
1.0417,35,58,0.448866237372967
1.0417,35,59,0.445905941953795
1.0417,35,60,0.442945646534623
1.0417,35,61,0.439985351115452
1.0417,35,62,0.436902981658376
1.0417,35,63,0.436902981658376
1.0417,35,64,0.433912167729728
1.0417,35,65,0.430799279763176
1.0417,35,66,0.427564317758721
1.0417,35,67,0.424451429792169
1.0417,35,68,0.421063875240333
1.0417,35,69,0.417798394726402
1.0417,35,70,0.414441358684042
1.0417,35,71,0.41102328562273
1.0417,35,72,0.407605212561419
1.0417,35,73,0.404095583971679
1.0417,35,74,0.404095583971679
1.0417,35,75,0.400555436872463
1.0417,35,76,0.396923734244819
1.0417,35,77,0.393353068636128
1.0417,35,78,0.389538254951628
1.0417,35,79,0.385876033814509
1.0417,35,80,1
1.0417,35,81,1
1.0417,35,82,1
1.0417,35,83,1
1.0417,35,84,1
1.0417,35,85,1
1.0417,35,86,1
1.0417,35,87,1
1.0417,35,88,1
1.0417,35,89,1
1.0417,35,90,1
1.0417,35,91,1
1.0417,35,92,1
1.0417,35,93,1
1.0417,35,94,0.898525955992309
1.0417,35,95,0.566606646931364
1.0417,35,96,0.565172276985992
1.0417,35,97,0.563798944059572
1.0417,35,98,0.5623645741142
1.0417,35,99,0.560960722678304
1.0417,35,100,0.559526352732932
1.0417,35,101,0.558000427259133
1.0417,35,102,0.558000427259133
1.0417,35,103,0.556566057313761
1.0417,35,104,0.555009613330485
1.0417,35,105,0.553483687856685
1.0417,35,106,0.553483687856685
1.0417,35,107,0.550370799890133
1.0701,36,1,0.548783837397381
1.0701,36,2,0.547257911923582
1.0701,36,3,0.545548875392926
1.0701,36,4,0.543870357371746
1.0701,36,5,0.542283394878994
1.0701,36,6,0.542283394878994
1.0701,36,7,0.540574358348338
1.0701,36,8,0.53880428479873
1.0701,36,9,0.537064729758599
1.0701,36,10,0.537064729758599
1.0701,36,11,0.533524582659383
1.0701,36,12,0.531723990600299
1.0701,36,13,0.529892880031739
1.0701,36,14,0.528031250953703
1.0701,36,15,0.999969481490524
1.0701,36,16,0.999969481490524
1.0701,36,17,0.999969481490524
1.0701,36,18,0.999969481490524
1.0701,36,19,0.999969481490524
1.0701,36,20,0.999969481490524
1.0701,36,21,0.999969481490524
1.0701,36,22,0.999969481490524
1.0701,36,23,0.999969481490524
1.0701,36,24,0.999969481490524
1.0701,36,25,0.999969481490524
1.0701,36,26,0.999969481490524
1.0701,36,27,0.895138401440474
1.0701,36,28,0.537919248023927
1.0701,36,29,0.536057618945891
1.0701,36,30,0.534257026886807
1.0701,36,31,0.532395397808771
1.0701,36,32,0.530564287240211
1.0701,36,33,0.528702658162175
1.0701,36,34,0.526749473555712
1.0701,36,35,0.526749473555712
1.0701,36,36,0.524765770439772
1.0701,36,37,0.522812585833308
1.0701,36,38,0.520828882717368
1.0701,36,39,0.520828882717368
1.0701,36,40,0.516861476485488
1.0701,36,41,0.514755699331645
1.0701,36,42,0.512741477706229
1.0701,36,43,0.510544145023957
1.0701,36,44,0.508407849360637
1.0701,36,45,0.506241035187841
1.0701,36,46,0.506241035187841
1.0701,36,47,0.504013183996094
1.0701,36,48,0.501785332804346
1.0701,36,49,0.499526963103122
1.0701,36,50,0.499526963103122
1.0701,36,51,0.494949186681722
1.0701,36,52,0.492568742942595
1.0701,36,53,0.490157780693991
1.0701,36,54,0.487746818445387
1.0701,36,55,0.999969481490524
1.0701,36,56,0.999969481490524
1.0701,36,57,0.999969481490524
1.0701,36,58,0.999969481490524
1.0701,36,59,0.999969481490524
1.0701,36,60,0.999969481490524
1.0701,36,61,0.999969481490524
1.0701,36,62,0.999969481490524
1.0701,36,63,0.999969481490524
1.0701,36,64,0.999969481490524
1.0701,36,65,0.999969481490524
1.0701,36,66,0.868892483291116
1.0701,36,67,0.497360148930326
1.0701,36,68,0.494979705191198
1.0701,36,69,0.492568742942595
1.0701,36,70,0.490157780693991
1.0701,36,71,0.487746818445387
1.0701,36,72,0.485183263649403
1.0701,36,73,0.482650227362896
1.0701,36,74,0.480117191076388
1.0701,36,75,0.47758415478988
1.0701,36,76,0.47758415478988
1.0701,36,77,0.474868007446516
1.0701,36,78,0.472212897122105
1.0701,36,79,0.469496749778741
1.0701,36,80,0.466719565416425
1.0701,36,81,0.464003418073061
1.0701,36,82,0.461165196691794
1.0701,36,83,0.458265938291574
1.0701,36,84,0.45539719840083
1.0701,36,85,0.452406384472182
1.0701,36,86,0.449446089053011
1.0701,36,87,0.449446089053011
1.0701,36,88,0.446394238105411
1.0701,36,89,0.443372905667287
1.0701,36,90,0.440260017700735
1.0701,36,91,0.43702505569628
1.0701,36,92,0.433912167729728
1.0701,36,93,0.999969481490524
1.0701,36,94,0.999969481490524
1.0701,36,95,0.999969481490524
1.0701,36,96,0.999969481490524
1.0701,36,97,0.999969481490524
1.0701,36,98,0.999969481490524
1.0701,36,99,0.999969481490524
1.0701,36,100,0.999969481490524
1.0701,36,101,0.999969481490524
1.0701,36,102,0.999969481490524
1.0701,36,103,0.999969481490524
1.0701,36,104,0.999969481490524
1.0701,36,105,0.999969481490524
1.0701,36,106,0.999969481490524
1.0701,36,107,0.999969481490524
1.0985,37,1,0.898464918973357
1.0985,37,2,0.567064424573504
1.0985,37,3,0.565599536118656
1.0985,37,4,0.564073610644856
1.0985,37,5,0.56251716666158
1.0985,37,6,0.560960722678304
1.0985,37,7,0.559404278695029
1.0985,37,8,0.557847834711753
1.0985,37,9,0.557847834711753
1.0985,37,10,0.556291390728477
1.0985,37,11,0.554582354197821
1.0985,37,12,0.552903836176641
1.0985,37,13,0.552903836176641
1.0985,37,14,0.549638355662709
1.0985,37,15,0.547837763603626
1.0985,37,16,0.54612872707297
1.0985,37,17,0.544419690542314
1.0985,37,18,0.542588579973754
1.0985,37,19,0.540757469405194
1.0985,37,20,0.540757469405194
1.0985,37,21,0.538926358836634
1.0985,37,22,0.537095248268075
1.0985,37,23,0.535233619190039
1.0985,37,24,0.535233619190039
1.0985,37,25,0.531418805505539
1.0985,37,26,0.529435102389599
1.0985,37,27,0.527451399273659
1.0985,37,28,0.525498214667196
1.0985,37,29,0.999969481490524
1.0985,37,30,0.999969481490524
1.0985,37,31,0.999969481490524
1.0985,37,32,0.999969481490524
1.0985,37,33,0.999969481490524
1.0985,37,34,0.999969481490524
1.0985,37,35,0.999969481490524
1.0985,37,36,0.999969481490524
1.0985,37,37,0.999969481490524
1.0985,37,38,0.999969481490524
1.0985,37,39,0.999969481490524
1.0985,37,40,0.875179296243171
1.0985,37,41,0.512497329630421
1.0985,37,42,0.510238959929197
1.0985,37,43,0.507980590227973
1.0985,37,44,0.505691702017273
1.0985,37,45,0.503402813806574
1.0985,37,46,0.501022370067446
1.0985,37,47,0.498611407818842
1.0985,37,48,0.496230964079714
1.0985,37,49,0.493697927793207
1.0985,37,50,0.493697927793207
1.0985,37,51,0.491256447035127
1.0985,37,52,0.488753929258095
1.0985,37,53,0.486159855952635
1.0985,37,54,0.483504745628224
1.0985,37,55,0.480849635303812
1.0985,37,56,0.478164006469924
1.0985,37,57,0.475478377636036
1.0985,37,58,0.472762230292673
1.0985,37,59,0.469954527420881
1.0985,37,60,0.467116306039613
1.0985,37,61,0.467116306039613
1.0985,37,62,0.464278084658345
1.0985,37,63,0.46134830774865
1.0985,37,64,0.458388012329478
1.0985,37,65,0.45539719840083
1.0985,37,66,0.452406384472182
1.0985,37,67,0.999969481490524
1.0985,37,68,0.999969481490524
1.0985,37,69,0.999969481490524
1.0985,37,70,0.999969481490524
1.0985,37,71,0.999969481490524
1.0985,37,72,0.999969481490524
1.0985,37,73,0.999969481490524
1.0985,37,74,0.999969481490524
1.0985,37,75,0.999969481490524
1.0985,37,76,0.999969481490524
1.0985,37,77,0.999969481490524
1.0985,37,78,0.999969481490524
1.0985,37,79,0.999969481490524
1.0985,37,80,0.999969481490524
1.0985,37,81,0.999969481490524
1.0985,37,82,0.999969481490524
1.0985,37,83,0.892941068758202
1.0985,37,84,0.556138798181097
1.0985,37,85,0.554338206122013
1.0985,37,86,0.552629169591357
1.0985,37,87,0.550889614551225
1.0985,37,88,0.549089022492142
1.0985,37,89,0.54734946745201
1.0985,37,90,0.545548875392926
1.0985,37,91,0.543595690786462
1.0985,37,92,0.541734061708426
1.0985,37,93,0.541734061708426
1.0985,37,94,0.539902951139866
1.0985,37,95,0.537949766533403
1.0985,37,96,0.536088137455367
1.0985,37,97,0.534104434339427
1.0985,37,98,0.532120731223487
1.0985,37,99,0.530014954069643
1.0985,37,100,0.528000732444227
1.0985,37,101,0.525894955290384
1.0985,37,102,0.52378917813654
1.0985,37,103,0.521683400982696
1.0985,37,104,0.521683400982696
1.0985,37,105,0.519547105319376
1.0985,37,106,0.517319254127628
1.0985,37,107,0.515152439954833
1.1269,38,1,0.512894070253609
1.1269,38,2,0.510635700552385
1.1269,38,3,0.999969481490524
1.1269,38,4,0.999969481490524
1.1269,38,5,0.999969481490524
1.1269,38,6,0.999969481490524
1.1269,38,7,0.999969481490524
1.1269,38,8,0.999969481490524
1.1269,38,9,0.999969481490524
1.1269,38,10,0.999969481490524
1.1269,38,11,0.999969481490524
1.1269,38,12,0.999969481490524
1.1269,38,13,0.999969481490524
1.1269,38,14,0.999969481490524
1.1269,38,15,0.999969481490524
1.1269,38,16,0.999969481490524
1.1269,38,17,0.999969481490524
1.1269,38,18,0.999969481490524
1.1269,38,19,0.999969481490524
1.1269,38,20,0.898586993011261
1.1269,38,21,0.561235389263588
1.1269,38,22,0.559556871242408
1.1269,38,23,0.557847834711753
1.1269,38,24,0.556138798181097
1.1269,38,25,0.554429761650441
1.1269,38,26,0.554429761650441
1.1269,38,27,0.552629169591357
1.1269,38,28,0.550798059022797
1.1269,38,29,0.550798059022797
1.1269,38,30,0.549058503982666
1.1269,38,31,0.547105319376202
1.1269,38,32,0.547105319376202
1.1269,38,33,0.545304727317118
1.1269,38,34,0.545304727317118
1.1269,38,35,0.543412579729606
1.1269,38,36,0.541489913632618
1.1269,38,37,0.539597766045106
1.1269,38,38,0.539597766045106
1.1269,38,39,0.537614062929167
1.1269,38,40,0.535660878322703
1.1269,38,41,0.535660878322703
1.1269,38,42,0.533677175206763
1.1269,38,43,0.531571398052919
1.1269,38,44,0.531571398052919
1.1269,38,45,0.529465620899075
1.1269,38,46,0.527451399273659
1.1269,38,47,0.527451399273659
1.1269,38,48,0.525345622119816
1.1269,38,49,0.525345622119816
1.1269,38,50,0.520981475264748
1.1269,38,51,0.518723105563524
1.1269,38,52,0.516586809900204
1.1269,38,53,0.514328440198981
1.1269,38,54,0.999969481490524
1.1269,38,55,0.999969481490524
1.1269,38,56,0.999969481490524
1.1269,38,57,0.999969481490524
1.1269,38,58,0.999969481490524
1.1269,38,59,0.999969481490524
1.1269,38,60,0.999969481490524
1.1269,38,61,0.999969481490524
1.1269,38,62,0.999969481490524
1.1269,38,63,0.999969481490524
1.1269,38,64,0.999969481490524
1.1269,38,65,0.999969481490524
1.1269,38,66,0.999969481490524
1.1269,38,67,0.999969481490524
1.1269,38,68,0.999969481490524
1.1269,38,69,0.999969481490524
1.1269,38,70,0.999969481490524
1.1269,38,71,0.895046845912046
1.1269,38,72,0.558397167882321
1.1269,38,73,0.556596575823237
1.1269,38,74,0.554857020783105
1.1269,38,75,0.553025910214545
1.1269,38,76,0.551225318155461
1.1269,38,77,0.549363689077425
1.1269,38,78,0.547532578508866
1.1269,38,79,0.545579393902402
1.1269,38,80,0.54368724631489
1.1269,38,81,0.54368724631489
1.1269,38,82,0.541734061708426
1.1269,38,83,0.539750358592486
1.1269,38,84,0.537766655476547
1.1269,38,85,0.535782952360607
1.1269,38,86,0.533677175206763
1.1269,38,87,0.531571398052919
1.1269,38,88,0.529465620899075
1.1269,38,89,0.527329325235755
1.1269,38,90,0.525193029572436
1.1269,38,91,0.522965178380688
1.1269,38,92,0.522965178380688
1.1269,38,93,0.520798364207892
1.1269,38,94,0.518539994506668
1.1269,38,95,0.51631214331492
1.1269,38,96,0.513901181066317
1.1269,38,97,0.511642811365093
1.1269,38,98,0.999969481490524
1.1269,38,99,0.999969481490524
1.1269,38,100,0.999969481490524
1.1269,38,101,0.999969481490524
1.1269,38,102,0.999969481490524
1.1269,38,103,0.999969481490524
1.1269,38,104,0.999969481490524
1.1269,38,105,0.999969481490524
1.1269,38,106,0.999969481490524
1.1269,38,107,0.999969481490524
1.1552,39,1,0.999969481490524
1.1552,39,2,0.999969481490524
1.1552,39,3,0.999969481490524
1.1552,39,4,0.999969481490524
1.1552,39,5,0.999969481490524
1.1552,39,6,0.999969481490524
1.1552,39,7,0.999969481490524
1.1552,39,8,0.999969481490524
1.1552,39,9,0.884945219275491
1.1552,39,10,0.543015839106418
1.1552,39,11,0.541032135990478
1.1552,39,12,0.539048432874538
1.1552,39,13,0.536942655720695
1.1552,39,14,0.534836878566851
1.1552,39,15,0.532822656941435
1.1552,39,16,0.530716879787591
1.1552,39,17,0.528458510086367
1.1552,39,18,0.526322214423048
1.1552,39,19,0.526322214423048
1.1552,39,20,0.524063844721824
1.1552,39,21,0.521835993530076
1.1552,39,22,0.519547105319376
1.1552,39,23,0.517288735618152
1.1552,39,24,0.514877773369549
1.1552,39,25,0.512497329630421
1.1552,39,26,0.510086367381817
1.1552,39,27,0.507675405133213
1.1552,39,28,0.505172887356181
1.1552,39,29,0.502731406598102
1.1552,39,30,0.502731406598102
1.1552,39,31,0.500198370311594
1.1552,39,32,0.497512741477706
1.1552,39,33,0.494949186681722
1.1552,39,34,0.492263557847835
1.1552,39,35,0.489577929013947
1.1552,39,36,1
1.1552,39,37,1
1.1552,39,38,1
1.1552,39,39,1
1.1552,39,40,1
1.1552,39,41,1
1.1552,39,42,1
1.1552,39,43,1
1.1552,39,44,1
1.1552,39,45,1
1.1552,39,46,1
1.1552,39,47,-0.748741111484115
1.1552,39,48,-0.748741111484115
1.1552,39,49,-0.748741111484115
1.1552,39,50,-0.748741111484115
1.1552,39,51,-0.748741111484115
1.1552,39,52,-0.748741111484115
1.1552,39,53,-0.748741111484115
1.1552,39,54,-0.748741111484115
1.1552,39,55,-0.748741111484115
1.1552,39,56,-0.748741111484115
1.1552,39,57,-0.857692190313425
1.1552,39,58,-0.901638843958861
1.1552,39,59,-0.896450697347941
1.1552,39,60,-0.891262550737022
1.1552,39,61,-0.885982848597675
1.1552,39,62,-0.880855739005707
1.1552,39,63,-0.875576036866359
1.1552,39,64,-0.870509964293344
1.1552,39,65,-0.870509964293344
1.1552,39,66,-0.865321817682424
1.1552,39,67,-0.860133671071505
1.1552,39,68,-0.854945524460585
1.1552,39,69,-0.84987945188757
1.1552,39,70,-0.84469130527665
1.1552,39,71,-0.839533677175207
1.1552,39,72,-0.834437086092715
1.1552,39,73,-0.8293710135197
1.1552,39,74,-0.824213385418256
1.1552,39,75,-0.819147312845241
1.1552,39,76,-0.819147312845241
1.1552,39,77,-0.814050721762749
1.1552,39,78,-0.80901516769921
1.1552,39,79,-0.803949095126194
1.1552,39,80,-0.798852504043703
1.1552,39,81,-0.793786431470687
1.1552,39,82,-0.788872951445051
1.1552,39,83,-0.783806878872036
1.1552,39,84,-0.778862880336924
1.1552,39,85,-0.748741111484115
1.1552,39,86,-0.748741111484115
1.1552,39,87,-0.748741111484115
1.1552,39,88,-0.748741111484115
1.1552,39,89,-0.748741111484115
1.1552,39,90,-0.748741111484115
1.1552,39,91,-0.748741111484115
1.1552,39,92,-0.748741111484115
1.1552,39,93,-0.748741111484115
1.1552,39,94,-0.748741111484115
1.1552,39,95,-0.748741111484115
1.1552,39,96,-0.748741111484115
1.1552,39,97,-0.748741111484115
1.1552,39,98,-0.748741111484115
1.1552,39,99,-0.748741111484115
1.1552,39,100,-0.748741111484115
1.1552,39,101,-0.748741111484115
1.1552,39,102,-0.748741111484115
1.1552,39,103,-0.748741111484115
1.1552,39,104,-0.886135441145054
1.1552,39,105,-0.974639118625446
1.1552,39,106,-0.969267860957671
1.1552,39,107,-0.963957640308847
1.1836,40,1,-0.958586382641072
1.1836,40,2,-0.9533371990112
1.1836,40,3,-0.948088015381329
1.1836,40,4,-0.942777794732505
1.1836,40,5,-0.942777794732505
1.1836,40,6,-0.937467574083682
1.1836,40,7,-0.932248908963286
1.1836,40,8,-0.926969206823939
1.1836,40,9,-0.921628467665639
1.1836,40,10,-0.91644032105472
1.1836,40,11,-0.911160618915372
1.1836,40,12,-0.905941953794977
1.1836,40,13,-0.900692770165105
1.1836,40,14,-0.89547410504471
1.1836,40,15,-0.890255439924314
1.1836,40,16,-0.890255439924314
1.1836,40,17,-0.885067293313395
1.1836,40,18,-0.879879146702475
1.1836,40,19,-0.874691000091556
1.1836,40,20,-0.869502853480636
1.1836,40,21,-0.864314706869716
1.1836,40,22,-0.859126560258797
1.1836,40,23,-0.853938413647877
1.1836,40,24,-0.848750267036958
1.1836,40,25,-0.748771629993591
1.1836,40,26,-0.748771629993591
1.1836,40,27,-0.748771629993591
1.1836,40,28,-0.748771629993591
1.1836,40,29,-0.748771629993591
1.1836,40,30,-0.748771629993591
1.1836,40,31,-0.748771629993591
1.1836,40,32,-0.748771629993591
1.1836,40,33,-0.748771629993591
1.1836,40,34,-0.748771629993591
1.1836,40,35,-0.748771629993591
1.1836,40,36,-0.748771629993591
1.1836,40,37,-0.748771629993591
1.1836,40,38,-0.748771629993591
1.1836,40,39,-0.748771629993591
1.1836,40,40,-0.748771629993591
1.1836,40,41,-0.966551713614307
1.1836,40,42,-1
1.1836,40,43,-1
1.1836,40,44,-1
1.1836,40,45,-1
1.1836,40,46,-1
1.1836,40,47,-1
1.1836,40,48,-1
1.1836,40,49,-1
1.1836,40,50,-1
1.1836,40,51,-1
1.1836,40,52,-1
1.1836,40,53,-1
1.1836,40,54,-1
1.1836,40,55,-1
1.1836,40,56,-1
1.1836,40,57,-1
1.1836,40,58,-1
1.1836,40,59,-0.9984740745262
1.1836,40,60,-0.9984740745262
1.1836,40,61,-0.993163853877377
1.1836,40,62,-0.987762077700125
1.1836,40,63,-0.98239082003235
1.1836,40,64,-0.977111117893002
1.1836,40,65,-0.971770378734703
1.1836,40,66,-0.966460158085879
1.1836,40,67,-0.961149937437056
1.1836,40,68,-0.955839716788232
1.1836,40,69,-0.748741111484115
1.1836,40,70,-0.748741111484115
1.1836,40,71,-0.748741111484115
1.1836,40,72,-0.748741111484115
1.1836,40,73,-0.748741111484115
1.1836,40,74,-0.748741111484115
1.1836,40,75,-0.748741111484115
1.1836,40,76,-0.748741111484115
1.1836,40,77,-0.748741111484115
1.1836,40,78,-0.748741111484115
1.1836,40,79,-0.748741111484115
1.1836,40,80,-0.748741111484115
1.1836,40,81,-0.748741111484115
1.1836,40,82,-0.748741111484115
1.1836,40,83,-0.748741111484115
1.1836,40,84,-0.748741111484115
1.1836,40,85,-0.984649189733573
1.1836,40,86,-0.997589037751396
1.1836,40,87,-0.992156743064669
1.1836,40,88,-0.986724448377941
1.1836,40,89,-0.981292153691214
1.1836,40,90,-0.975859859004486
1.1836,40,91,-0.970397045808283
1.1836,40,92,-0.965056306649983
1.1836,40,93,-0.965056306649983
1.1836,40,94,-0.959624011963256
1.1836,40,95,-0.954161198767052
1.1836,40,96,-0.948759422589801
1.1836,40,97,-0.943388164922025
1.1836,40,98,-0.937955870235298
1.1836,40,99,-0.932554094058046
1.1836,40,100,-0.927213354899747
1.1836,40,101,-0.921781060213019
1.1836,40,102,-0.916348765526292
1.1836,40,103,-0.911008026367992
1.1836,40,104,-0.911008026367992
1.1836,40,105,-0.905697805719169
1.1836,40,106,-0.900265511032441
1.1836,40,107,-0.894924771874142
1.212,41,1,-0.889614551225318
1.212,41,2,-0.884212775048067
1.212,41,3,-0.878872035889767
1.212,41,4,-0.873531296731468
1.212,41,5,-0.868221076082644
1.212,41,6,-0.748741111484115
1.212,41,7,-0.748741111484115
1.212,41,8,-0.748741111484115
1.212,41,9,-0.748741111484115
1.212,41,10,-0.748741111484115
1.212,41,11,-0.748741111484115
1.212,41,12,-0.748741111484115
1.212,41,13,-0.748741111484115
1.212,41,14,-0.748741111484115
1.212,41,15,-0.748741111484115
1.212,41,16,-0.748741111484115
1.212,41,17,-0.748741111484115
1.212,41,18,-0.748741111484115
1.212,41,19,-0.748741111484115
1.212,41,20,-0.748741111484115
1.212,41,21,-0.748741111484115
1.212,41,22,-0.9984740745262
1.212,41,23,-0.993041779839473
1.212,41,24,-0.987578966643269
1.212,41,25,-0.982146671956542
1.212,41,26,-0.976714377269814
1.212,41,27,-0.971251564073611
1.212,41,28,-0.965819269386883
1.212,41,29,-0.960386974700156
1.212,41,30,-0.954924161503952
1.212,41,31,-0.949522385326701
1.212,41,32,-0.949522385326701
1.212,41,33,-0.944181646168401
1.212,41,34,-0.938749351481674
1.212,41,35,-0.933317056794946
1.212,41,36,-0.927976317636647
1.212,41,37,-0.922513504440443
1.212,41,38,-0.917111728263192
1.212,41,39,-0.911770989104892
1.212,41,40,-0.906338694418165
1.212,41,41,-0.900997955259865
1.212,41,42,-0.895596179082614
1.212,41,43,-0.895596179082614
1.212,41,44,-0.890255439924314
1.212,41,45,-0.884945219275491
1.212,41,46,-0.879512924588763
1.212,41,47,-0.874172185430464
1.212,41,48,-0.86886196478164
1.212,41,49,-0.748741111484115
1.212,41,50,-0.748741111484115
1.212,41,51,-0.748741111484115
1.212,41,52,-0.748741111484115
1.212,41,53,-0.748741111484115
1.212,41,54,-0.748741111484115
1.212,41,55,-0.748741111484115
1.212,41,56,-0.748741111484115
1.212,41,57,-0.748741111484115
1.212,41,58,-0.748741111484115
1.212,41,59,-0.748741111484115
1.212,41,60,-0.748741111484115
1.212,41,61,-0.748741111484115
1.212,41,62,-0.748741111484115
1.212,41,63,-0.748741111484115
1.212,41,64,-0.748741111484115
1.212,41,65,0.896237067781609
1.212,41,66,0.890774254585406
1.212,41,67,0.885219885860775
1.212,41,68,0.879787591174047
1.212,41,69,0.87420270393994
1.212,41,70,0.868770409253212
1.212,41,71,0.863216040528581
1.212,41,72,0.857753227332377
1.212,41,73,0.85232093264565
1.212,41,74,0.846766563921018
1.212,41,75,0.846766563921018
1.212,41,76,0.841303750724815
1.212,41,77,0.835840937528611
1.212,41,78,0.830408642841884
1.212,41,79,0.824976348155156
1.212,41,80,0.819391460921049
1.212,41,81,0.813959166234321
1.212,41,82,0.808526871547594
1.212,41,83,0.803094576860866
1.212,41,84,0.797631763664663
1.212,41,85,0.792199468977935
1.212,41,86,0.792199468977935
1.212,41,87,0.786736655781732
1.212,41,88,0.78133487960448
1.212,41,89,0.775872066408277
1.212,41,90,0.770531327249977
1.212,41,91,0.76509903256325
1.212,41,92,-0.748741111484115
1.212,41,93,-0.748741111484115
1.212,41,94,-0.748741111484115
1.212,41,95,-0.748741111484115
1.212,41,96,-0.748741111484115
1.212,41,97,-0.748741111484115
1.212,41,98,-0.748741111484115
1.212,41,99,-0.748741111484115
1.212,41,100,-0.748741111484115
1.212,41,101,-0.748741111484115
1.212,41,102,-0.748741111484115
1.212,41,103,-0.748741111484115
1.212,41,104,-0.748741111484115
1.212,41,105,-0.748741111484115
1.212,41,106,-0.748741111484115
1.212,41,107,-0.333017975402081
1.2404,42,1,0.619769890438551
1.2404,42,2,0.614612262337107
1.2404,42,3,0.609424115726188
1.2404,42,4,0.604205450605792
1.2404,42,5,0.599017303994873
1.2404,42,6,0.593829157383953
1.2404,42,7,0.588641010773034
1.2404,42,8,0.588641010773034
1.2404,42,9,0.583574938200018
1.2404,42,10,0.578386791589099
1.2404,42,11,0.573290200506607
1.2404,42,12,0.573290200506607
1.2404,42,13,0.563097018341624
1.2404,42,14,0.558030945768609
1.2404,42,15,0.552964873195593
1.2404,42,16,0.547898800622578
1.2404,42,17,0.542832728049562
1.2404,42,18,0.537888729514451
1.2404,42,19,0.537888729514451
1.2404,42,20,0.532822656941435
1.2404,42,21,0.527909176915799
1.2404,42,22,0.522843104342784
1.2404,42,23,0.522843104342784
1.2404,42,24,0.512955107272561
1.2404,42,25,0.508041627246925
1.2404,42,26,0.503219702749718
1.2404,42,27,0.498275704214606
1.2404,42,28,-0.748741111484115
1.2404,42,29,-0.748741111484115
1.2404,42,30,-0.748741111484115
1.2404,42,31,-0.748741111484115
1.2404,42,32,-0.748741111484115
1.2404,42,33,-0.748741111484115
1.2404,42,34,-0.748741111484115
1.2404,42,35,-0.748741111484115
1.2404,42,36,-0.748741111484115
1.2404,42,37,-0.748741111484115
1.2404,42,38,-0.748741111484115
1.2404,42,39,-0.748741111484115
1.2404,42,40,-0.748741111484115
1.2404,42,41,-0.748741111484115
1.2404,42,42,-0.333048493911557
1.2404,42,43,0.865932187871944
1.2404,42,44,0.860927152317881
1.2404,42,45,0.855739005706961
1.2404,42,46,0.850672933133946
1.2404,42,47,0.845484786523026
1.2404,42,48,0.840418713950011
1.2404,42,49,0.835230567339091
1.2404,42,50,0.835230567339091
1.2404,42,51,0.830164494766076
1.2404,42,52,0.82509842219306
1.2404,42,53,0.820032349620045
1.2404,42,54,0.820032349620045
1.2404,42,55,0.809900204474013
1.2404,42,56,0.804956205938902
1.2404,42,57,0.799920651875362
1.2404,42,58,0.794854579302347
1.2404,42,59,0.789910580767235
1.2404,42,60,0.78484450819422
1.2404,42,61,0.78484450819422
1.2404,42,62,0.779900509659108
1.2404,42,63,0.774956511123997
1.2404,42,64,0.770043031098361
1.2404,42,65,0.770043031098361
1.2404,42,66,0.760155034028138
1.2404,42,67,0.755211035493026
1.2404,42,68,0.750297555467391
1.2404,42,69,0.745475630970183
1.2404,42,70,-0.748741111484115
1.2404,42,71,-0.748741111484115
1.2404,42,72,-0.748741111484115
1.2404,42,73,-0.748741111484115
1.2404,42,74,-0.748741111484115
1.2404,42,75,-0.748741111484115
1.2404,42,76,-0.748741111484115
1.2404,42,77,-0.748741111484115
1.2404,42,78,-0.748741111484115
1.2404,42,79,-0.748741111484115
1.2404,42,80,-0.748741111484115
1.2404,42,81,-0.748741111484115
1.2404,42,82,-0.748741111484115
1.2404,42,83,-0.748741111484115
1.2404,42,84,-0.748741111484115
1.2404,42,85,-1
1.2404,42,86,-1
1.2404,42,87,-1
1.2404,42,88,-1
1.2404,42,89,-0.997375408185064
1.2404,42,90,-0.992034669026765
1.2404,42,91,-0.986724448377941
1.2404,42,92,-0.981414227729118
1.2404,42,93,-0.976073488570818
1.2404,42,94,-0.970763267921995
1.2404,42,95,-0.970763267921995
1.2404,42,96,-0.965483565782647
1.2404,42,97,-0.960264900662252
1.2404,42,98,-0.954924161503952
1.2404,42,99,-0.949644459364605
1.2404,42,100,-0.944395275734733
1.2404,42,101,-0.939115573595386
1.2404,42,102,-0.933835871456038
1.2404,42,103,-0.928586687826167
1.2404,42,104,-0.923337504196295
1.2404,42,105,-0.918088320566424
1.2404,42,106,-0.918088320566424
1.2404,42,107,-0.91293069246498
1.2687,43,1,-0.907681508835108
1.2687,43,2,-0.902432325205237
1.2687,43,3,-0.897244178594317
1.2687,43,4,-0.892025513473922
1.2687,43,5,-0.748771629993591
1.2687,43,6,-0.748771629993591
1.2687,43,7,-0.748771629993591
1.2687,43,8,-0.748771629993591
1.2687,43,9,-0.748771629993591
1.2687,43,10,-0.748771629993591
1.2687,43,11,-0.748771629993591
1.2687,43,12,-0.748771629993591
1.2687,43,13,-0.748771629993591
1.2687,43,14,-0.748771629993591
1.2687,43,15,-0.748771629993591
1.2687,43,16,-0.748771629993591
1.2687,43,17,-0.748771629993591
1.2687,43,18,-0.748771629993591
1.2687,43,19,-0.748771629993591
1.2687,43,20,-0.839625232703635
1.2687,43,21,-1
1.2687,43,22,-1
1.2687,43,23,-1
1.2687,43,24,-1
1.2687,43,25,-1
1.2687,43,26,-1
1.2687,43,27,-1
1.2687,43,28,-1
1.2687,43,29,-1
1.2687,43,30,-1
1.2687,43,31,-1
1.2687,43,32,-1
1.2687,43,33,-1
1.2687,43,34,-1
1.2687,43,35,-1
1.2687,43,36,-1
1.2687,43,37,-0.996581926938688
1.2687,43,38,-0.991241187780389
1.2687,43,39,-0.991241187780389
1.2687,43,40,-0.985930967131565
1.2687,43,41,-0.980651264992218
1.2687,43,42,-0.975310525833918
1.2687,43,43,-0.970000305185095
1.2687,43,44,-0.964690084536271
1.2687,43,45,-0.959349345377972
1.2687,43,46,-0.954039124729148
1.2687,43,47,-0.948759422589801
1.2687,43,48,-0.748741111484115
1.2687,43,49,-0.748741111484115
1.2687,43,50,-0.748741111484115
1.2687,43,51,-0.748741111484115
1.2687,43,52,-0.748741111484115
1.2687,43,53,-0.748741111484115
1.2687,43,54,-0.748741111484115
1.2687,43,55,-0.748741111484115
1.2687,43,56,-0.748741111484115
1.2687,43,57,-0.748741111484115
1.2687,43,58,-0.748741111484115
1.2687,43,59,-0.748741111484115
1.2687,43,60,-0.748741111484115
1.2687,43,61,-0.748741111484115
1.2687,43,62,-0.748741111484115
1.2687,43,63,-0.748741111484115
1.2687,43,64,-0.748741111484115
1.2687,43,65,-0.748741111484115
1.2687,43,66,-0.949125644703513
1.2687,43,67,-0.943906979583117
1.2687,43,68,-0.938596758934294
1.2687,43,69,-0.93328653828547
1.2687,43,70,-0.928098391674551
1.2687,43,71,-0.922818689535203
1.2687,43,72,-0.917600024414808
1.2687,43,73,-0.91232032227546
1.2687,43,74,-0.907101657155065
1.2687,43,75,-0.901913510544145
1.2687,43,76,-0.901913510544145
1.2687,43,77,-0.896633808404798
1.2687,43,78,-0.891415143284402
1.2687,43,79,-0.886226996673482
1.2687,43,80,-0.881038850062563
1.2687,43,81,-0.875850703451643
1.2687,43,82,-0.870662556840724
1.2687,43,83,-0.865474410229804
1.2687,43,84,-0.860408337656789
1.2687,43,85,-0.855189672536393
1.2687,43,86,-0.85003204443495
1.2687,43,87,-0.85003204443495
1.2687,43,88,-0.844965971861934
1.2687,43,89,-0.839777825251015
1.2687,43,90,-0.834681234168523
1.2687,43,91,-0.829645680104984
1.2687,43,92,-0.824457533494064
1.2687,43,93,-0.748741111484115
1.2687,43,94,-0.748741111484115
1.2687,43,95,-0.748741111484115
1.2687,43,96,-0.748741111484115
1.2687,43,97,-0.748741111484115
1.2687,43,98,-0.748741111484115
1.2687,43,99,-0.748741111484115
1.2687,43,100,-0.748741111484115
1.2687,43,101,-0.748741111484115
1.2687,43,102,-0.748741111484115
1.2687,43,103,-0.748741111484115
1.2687,43,104,-0.748741111484115
1.2687,43,105,-0.748741111484115
1.2687,43,106,-0.748741111484115
1.2687,43,107,0.547227393414106
1.2971,44,1,0.543321024201178
1.2971,44,2,0.53941465498825
1.2971,44,3,0.535599841303751
1.2971,44,4,0.531815546128727
1.2971,44,5,0.528122806482131
1.2971,44,6,0.524338511307108
1.2971,44,7,0.520706808679464
1.2971,44,8,0.517105624561296
1.2971,44,9,0.513473921933653
1.2971,44,10,0.513473921933653
1.2971,44,11,0.509933774834437
1.2971,44,12,0.508255256813257
1.2971,44,13,0.504745628223518
1.2971,44,14,0.503067110202338
1.2971,44,15,0.50129703665273
1.2971,44,16,0.497909482100894
1.2971,44,17,0.496230964079714
1.2971,44,18,0.49458296456801
1.2971,44,19,0.491317484054079
1.2971,44,20,0.489669484542375
1.2971,44,21,0.488052003540147
1.2971,44,22,0.484847560045167
1.2971,44,23,0.483321634571368
1.2971,44,24,0.48170415356914
1.2971,44,25,0.47865230262154
1.2971,44,26,0.47712637714774
1.2971,44,27,0.475630970183416
1.2971,44,28,0.472701193273721
1.2971,44,29,0.471175267799921
1.2971,44,30,0.469679860835597
1.2971,44,31,0.466841639454329
1.2971,44,32,0.465468306527909
1.2971,44,33,-0.748741111484115
1.2971,44,34,-0.748741111484115
1.2971,44,35,-0.748741111484115
1.2971,44,36,-0.748741111484115
1.2971,44,37,-0.748741111484115
1.2971,44,38,-0.748741111484115
1.2971,44,39,-0.748741111484115
1.2971,44,40,-0.748741111484115
1.2971,44,41,-0.748741111484115
1.2971,44,42,-0.748741111484115
1.2971,44,43,-0.748741111484115
1.2971,44,44,-0.748741111484115
1.2971,44,45,-0.748741111484115
1.2971,44,46,-0.748741111484115
1.2971,44,47,-0.748741111484115
1.2971,44,48,-0.748741111484115
1.2971,44,49,-0.333048493911557
1.2971,44,50,0.649403363139744
1.2971,44,51,0.644856105227821
1.2971,44,52,0.640278328806421
1.2971,44,53,0.635761589403974
1.2971,44,54,0.631305887020478
1.2971,44,55,0.626758629108554
1.2971,44,56,0.622302926725059
1.2971,44,57,0.622302926725059
1.2971,44,58,0.617877742851039
1.2971,44,59,0.61345255897702
1.2971,44,60,0.609027375103
1.2971,44,61,0.609027375103
1.2971,44,62,0.600390636921293
1.2971,44,63,0.596118045594653
1.2971,44,64,0.591784417249062
1.2971,44,65,0.587511825922422
1.2971,44,66,0.583300271614734
1.2971,44,67,0.579058198797571
1.2971,44,68,0.579058198797571
1.2971,44,69,0.574968718527787
1.2971,44,70,0.570787682729575
1.2971,44,71,0.56663716544084
1.2971,44,72,0.56663716544084
1.2971,44,73,0.558519241920225
1.2971,44,74,0.554582354197821
1.2971,44,75,0.550553910946989
1.2971,44,76,0.546617023224586
1.2971,44,77,-0.748741111484115
1.2971,44,78,-0.748741111484115
1.2971,44,79,-0.748741111484115
1.2971,44,80,-0.748741111484115
1.2971,44,81,-0.748741111484115
1.2971,44,82,-0.748741111484115
1.2971,44,83,-0.748741111484115
1.2971,44,84,-0.748741111484115
1.2971,44,85,-0.748741111484115
1.2971,44,86,-0.748741111484115
1.2971,44,87,-0.748741111484115
1.2971,44,88,-0.748741111484115
1.2971,44,89,-0.748741111484115
1.2971,44,90,-0.748741111484115
1.2971,44,91,-0.748741111484115
1.2971,44,92,-0.748741111484115
1.2971,44,93,0.781914731284524
1.2971,44,94,0.776848658711509
1.2971,44,95,0.771813104647969
1.2971,44,96,0.766869106112857
1.2971,44,97,0.761803033539842
1.2971,44,98,0.75685903500473
1.2971,44,99,0.751792962431715
1.2971,44,100,0.746879482406079
1.2971,44,101,0.741935483870968
1.2971,44,102,0.736991485335856
1.2971,44,103,0.736991485335856
1.2971,44,104,0.732078005310221
1.2971,44,105,0.727225562303537
1.2971,44,106,0.722312082277902
1.2971,44,107,0.717398602252266
1.3255,45,1,0.712546159245582
1.3255,45,2,0.707754753257851
1.3255,45,3,0.702932828760643
1.3255,45,4,0.698141422772912
1.3255,45,5,0.693319498275704
1.3255,45,6,0.688497573778497
1.3255,45,7,0.688497573778497
1.3255,45,8,0.683706167790765
1.3255,45,9,0.679006317331462
1.3255,45,10,0.674336985381634
1.3255,45,11,0.669545579393902
1.3255,45,12,0.664876247444075
1.3255,45,13,-0.748741111484115
1.3255,45,14,-0.748741111484115
1.3255,45,15,-0.748741111484115
1.3255,45,16,-0.748741111484115
1.3255,45,17,-0.748741111484115
1.3255,45,18,-0.748741111484115
1.3255,45,19,-0.748741111484115
1.3255,45,20,-0.748741111484115
1.3255,45,21,-0.748741111484115
1.3255,45,22,-0.748741111484115
1.3255,45,23,-0.748741111484115
1.3255,45,24,-0.748741111484115
1.3255,45,25,-0.748741111484115
1.3255,45,26,-0.839625232703635
1.3255,45,27,-0.929593798638874
1.3255,45,28,-0.924314096499527
1.3255,45,29,-0.919003875850703
1.3255,45,30,-0.91369365520188
1.3255,45,31,-0.90850550859096
1.3255,45,32,-0.903164769432661
1.3255,45,33,-0.897854548783837
1.3255,45,34,-0.897854548783837
1.3255,45,35,-0.892666402172918
1.3255,45,36,-0.88738670003357
1.3255,45,37,-0.882168034913175
1.3255,45,38,-0.876979888302255
1.3255,45,39,-0.87176122318186
1.3255,45,40,-0.866481521042512
1.3255,45,41,-0.861293374431593
1.3255,45,42,-0.856105227820673
1.3255,45,43,-0.850917081209754
1.3255,45,44,-0.845728934598834
1.3255,45,45,-0.845728934598834
1.3255,45,46,-0.840540787987915
1.3255,45,47,-0.835444196905423
1.3255,45,48,-0.830256050294504
1.3255,45,49,-0.82509842219306
1.3255,45,50,-0.820001831110569
1.3255,45,51,-0.814844203009125
1.3255,45,52,-0.809778130436109
1.3255,45,53,-0.804681539353618
1.3255,45,54,-0.748741111484115
1.3255,45,55,-0.748741111484115
1.3255,45,56,-0.748741111484115
1.3255,45,57,-0.748741111484115
1.3255,45,58,-0.748741111484115
1.3255,45,59,-0.748741111484115
1.3255,45,60,-0.748741111484115
1.3255,45,61,-0.748741111484115
1.3255,45,62,-0.748741111484115
1.3255,45,63,-0.748741111484115
1.3255,45,64,-0.748741111484115
1.3255,45,65,-0.748741111484115
1.3255,45,66,-0.748741111484115
1.3255,45,67,-0.748741111484115
1.3255,45,68,-0.748741111484115
1.3255,45,69,-0.748741111484115
1.3255,45,70,-0.333048493911557
1.3255,45,71,0.595477156895657
1.3255,45,72,0.591143528550066
1.3255,45,73,0.586748863185522
1.3255,45,74,0.58241523483993
1.3255,45,75,0.578020569475387
1.3255,45,76,0.573839533677175
1.3255,45,77,0.569505905331584
1.3255,45,78,0.569505905331584
1.3255,45,79,0.565233314004944
1.3255,45,80,0.561052278206732
1.3255,45,81,0.556871242408521
1.3255,45,82,0.556871242408521
1.3255,45,83,0.548631244850001
1.3255,45,84,0.54460280159917
1.3255,45,85,0.540543839838862
1.3255,45,86,0.536484878078555
1.3255,45,87,0.532456434827723
1.3255,45,88,0.528550065614795
1.3255,45,89,0.528550065614795
1.3255,45,90,0.524613177892392
1.3255,45,91,0.520798364207892
1.3255,45,92,0.517014069032868
1.3255,45,93,0.517014069032868
1.3255,45,94,0.509414960173345
1.3255,45,95,0.505722220526749
1.3255,45,96,0.503830072939238
1.3255,45,97,0.50205999938963
1.3255,45,98,0.500167851802118
1.3255,45,99,-0.748741111484115
1.3255,45,100,-0.748741111484115
1.3255,45,101,-0.748741111484115
1.3255,45,102,-0.748741111484115
1.3255,45,103,-0.748741111484115
1.3255,45,104,-0.748741111484115
1.3255,45,105,-0.748741111484115
1.3255,45,106,-0.748741111484115
1.3255,45,107,-0.748741111484115
1.3539,46,1,-0.748741111484115
1.3539,46,2,-0.748741111484115
1.3539,46,3,-0.748741111484115
1.3539,46,4,-0.840510269478439
1.3539,46,5,-1
1.3539,46,6,-1
1.3539,46,7,-1
1.3539,46,8,-1
1.3539,46,9,-1
1.3539,46,10,-1
1.3539,46,11,-1
1.3539,46,12,-1
1.3539,46,13,-1
1.3539,46,14,-1
1.3539,46,15,-1
1.3539,46,16,-1
1.3539,46,17,-1
1.3539,46,18,-1
1.3539,46,19,-1
1.3539,46,20,-0.999023407696768
1.3539,46,21,-0.993530075991089
1.3539,46,22,-0.988250373851741
1.3539,46,23,-0.988250373851741
1.3539,46,24,-0.982818079165014
1.3539,46,25,-0.977477340006714
1.3539,46,26,-0.972045045319987
1.3539,46,27,-0.966734824671163
1.3539,46,28,-0.96127201147496
1.3539,46,29,-0.955961790826136
1.3539,46,30,-0.950529496139409
1.3539,46,31,-0.945188756981109
1.3539,46,32,-0.748741111484115
1.3539,46,33,-0.748741111484115
1.3539,46,34,-0.748741111484115
1.3539,46,35,-0.748741111484115
1.3539,46,36,-0.748741111484115
1.3539,46,37,-0.748741111484115
1.3539,46,38,-0.748741111484115
1.3539,46,39,-0.748741111484115
1.3539,46,40,-0.748741111484115
1.3539,46,41,-0.748741111484115
1.3539,46,42,-0.748741111484115
1.3539,46,43,-0.748741111484115
1.3539,46,44,-0.748741111484115
1.3539,46,45,-0.748741111484115
1.3539,46,46,-0.748741111484115
1.3539,46,47,-0.839625232703635
1.3539,46,48,-1
1.3539,46,49,-1
1.3539,46,50,-1
1.3539,46,51,-1
1.3539,46,52,-1
1.3539,46,53,-1
1.3539,46,54,-1
1.3539,46,55,-1
1.3539,46,56,-0.999877925962096
1.3539,46,57,-0.994476149784845
1.3539,46,58,-0.989135410626545
1.3539,46,59,-0.983672597430342
1.3539,46,60,-0.978240302743614
1.3539,46,61,-0.972899563585314
1.3539,46,62,-0.967497787408063
1.3539,46,63,-0.962126529740287
1.3539,46,64,-0.956724753563036
1.3539,46,65,-0.951292458876309
1.3539,46,66,-0.951292458876309
1.3539,46,67,-0.945982238227485
1.3539,46,68,-0.940641499069185
1.3539,46,69,-0.935331278420362
1.3539,46,70,-0.929898983733634
1.3539,46,71,-0.924558244575335
1.3539,46,72,-0.919248023926511
1.3539,46,73,-0.913937803277688
1.3539,46,74,-0.908627582628864
1.3539,46,75,-0.748741111484115
1.3539,46,76,-0.748741111484115
1.3539,46,77,-0.748741111484115
1.3539,46,78,-0.748741111484115
1.3539,46,79,-0.748741111484115
1.3539,46,80,-0.748741111484115
1.3539,46,81,-0.748741111484115
1.3539,46,82,-0.748741111484115
1.3539,46,83,-0.748741111484115
1.3539,46,84,-0.748741111484115
1.3539,46,85,-0.748741111484115
1.3539,46,86,-0.748741111484115
1.3539,46,87,-0.748741111484115
1.3539,46,88,-0.748741111484115
1.3539,46,89,-0.748741111484115
1.3539,46,90,-0.748741111484115
1.3539,46,91,-0.748741111484115
1.3539,46,92,-0.748741111484115
1.3539,46,93,-0.837244788964507
1.3539,46,94,-0.963682973723563
1.3539,46,95,-0.95822016052736
1.3539,46,96,-0.952909939878536
1.3539,46,97,-0.947477645191809
1.3539,46,98,-0.942167424542985
1.3539,46,99,-0.936735129856258
1.3539,46,100,-0.931394390697958
1.3539,46,101,-0.931394390697958
1.3539,46,102,-0.926084170049135
1.3539,46,103,-0.920682393871883
1.3539,46,104,-0.915341654713584
1.3539,46,105,-0.91003143406476
1.3539,46,106,-0.904721213415937
1.3539,46,107,-0.899380474257637
1.3822,47,1,-0.894070253608814
1.3822,47,2,-0.88876003295999
1.3822,47,3,-0.883449812311167
1.3822,47,4,-0.878139591662343
1.3822,47,5,-0.878139591662343
1.3822,47,6,-0.872920926541948
1.3822,47,7,-0.867610705893124
1.3822,47,8,-0.862392040772729
1.3822,47,9,-0.857112338633381
1.3822,47,10,-0.851832636494034
1.3822,47,11,-0.846613971373638
1.3822,47,12,-0.841395306253243
1.3822,47,13,-0.836237678151799
1.3822,47,14,-0.748741111484115
1.3822,47,15,-0.748741111484115
1.3822,47,16,-0.748741111484115
1.3822,47,17,-0.748741111484115
1.3822,47,18,-0.748741111484115
1.3822,47,19,-0.748741111484115
1.3822,47,20,-0.748741111484115
1.3822,47,21,-0.748741111484115
1.3822,47,22,-0.748741111484115
1.3822,47,23,-0.748741111484115
1.3822,47,24,-0.748741111484115
1.3822,47,25,-0.748741111484115
1.3822,47,26,-0.748741111484115
1.3822,47,27,-0.748741111484115
1.3822,47,28,-0.748741111484115
1.3822,47,29,-0.748741111484115
1.3822,47,30,-0.748741111484115
1.3822,47,31,-0.748741111484115
1.3822,47,32,-0.748741111484115
1.3822,47,33,-0.840510269478439
1.3822,47,34,-1
1.3822,47,35,-1
1.3822,47,36,-1
1.3822,47,37,-1
1.3822,47,38,-0.997619556260872
1.3822,47,39,-0.997619556260872
1.3822,47,40,-0.992187261574145
1.3822,47,41,-0.986724448377941
1.3822,47,42,-0.986724448377941
1.3822,47,43,-0.981261635181738
1.3822,47,44,-0.975951414532914
1.3822,47,45,-0.975951414532914
1.3822,47,46,-0.970519119846187
1.3822,47,47,-0.965086825159459
1.3822,47,48,-0.965086825159459
1.3822,47,49,-0.95974608600116
1.3822,47,50,-0.954313791314432
1.3822,47,51,-0.954313791314432
1.3822,47,52,-0.948881496627705
1.3822,47,53,-0.943571275978881
1.3822,47,54,-0.943571275978881
1.3822,47,55,-0.938138981292154
1.3822,47,56,-0.932798242133854
1.3822,47,57,-0.932798242133854
1.3822,47,58,-0.927457502975555
1.3822,47,59,-0.922055726798303
1.3822,47,60,-0.922055726798303
1.3822,47,61,-0.916714987640004
1.3822,47,62,-0.91140476699118
1.3822,47,63,-0.906094546342357
1.3822,47,64,-0.900662251655629
1.3822,47,65,-0.895352031006806
1.3822,47,66,-0.890041810357982
1.3822,47,67,-0.748741111484115
1.3822,47,68,-0.748741111484115
1.3822,47,69,-0.748741111484115
1.3822,47,70,-0.748741111484115
1.3822,47,71,-0.748741111484115
1.3822,47,72,-0.748741111484115
1.3822,47,73,-0.748741111484115
1.3822,47,74,-0.748741111484115
1.3822,47,75,-0.748741111484115
1.3822,47,76,-0.748741111484115
1.3822,47,77,-0.748741111484115
1.3822,47,78,-0.748741111484115
1.3822,47,79,-0.748741111484115
1.3822,47,80,-0.748741111484115
1.3822,47,81,-0.748741111484115
1.3822,47,82,-0.748741111484115
1.3822,47,83,-0.748741111484115
1.3822,47,84,-0.839625232703635
1.3822,47,85,-1
1.3822,47,86,-1
1.3822,47,87,-1
1.3822,47,88,-1
1.3822,47,89,-0.997589037751396
1.3822,47,90,-0.992156743064669
1.3822,47,91,-0.986724448377941
1.3822,47,92,-0.986724448377941
1.3822,47,93,-0.981292153691214
1.3822,47,94,-0.975859859004486
1.3822,47,95,-0.970427564317759
1.3822,47,96,-0.964964751121555
1.3822,47,97,-0.959624011963256
1.3822,47,98,-0.954191717276528
1.3822,47,99,-0.948759422589801
1.3822,47,100,-0.943418683431501
1.3822,47,101,-0.93801690725425
1.3822,47,102,-0.93267616809595
1.3822,47,103,-0.93267616809595
1.3822,47,104,-0.927243873409223
1.3822,47,105,-0.921903134250923
1.3822,47,106,-0.9165929136021
1.3822,47,107,-0.911160618915372
1.4106,48,1,-0.905819879757073
1.4106,48,2,-0.900540177617725
1.4106,48,3,-0.895199438459426
1.4106,48,4,-0.889889217810602
1.4106,48,5,-0.748741111484115
1.4106,48,6,-0.748741111484115
1.4106,48,7,-0.748741111484115
1.4106,48,8,-0.748741111484115
1.4106,48,9,-0.748741111484115
1.4106,48,10,-0.748741111484115
1.4106,48,11,-0.748741111484115
1.4106,48,12,-0.748741111484115
1.4106,48,13,-0.748741111484115
1.4106,48,14,-0.748741111484115
1.4106,48,15,-0.748741111484115
1.4106,48,16,-0.748741111484115
1.4106,48,17,-0.748741111484115
1.4106,48,18,-0.748741111484115
1.4106,48,19,-1
1.4106,48,20,-1
1.4106,48,21,-1
1.4106,48,22,-1
1.4106,48,23,-0.997466963713492
1.4106,48,24,-0.992034669026765
1.4106,48,25,-0.986602374340037
1.4106,48,26,-0.981139561143834
1.4106,48,27,-0.975707266457106
1.4106,48,28,-0.970244453260903
1.4106,48,29,-0.970244453260903
1.4106,48,30,-0.964812158574175
1.4106,48,31,-0.959379863887448
1.4106,48,32,-0.95394756920072
1.4106,48,33,-0.948606830042421
1.4106,48,34,-0.943174535355693
1.4106,48,35,-0.937772759178442
1.4106,48,36,-0.932401501510666
1.4106,48,37,-0.926999725333415
1.4106,48,38,-0.921658986175115
1.4106,48,39,-0.916257209997864
1.4106,48,40,-0.916257209997864
1.4106,48,41,-0.910885952330088
1.4106,48,42,-0.905606250190741
1.4106,48,43,-0.900173955504013
1.4106,48,44,-0.894833216345714
1.4106,48,45,-0.88952299569689
1.4106,48,46,-0.748741111484115
1.4106,48,47,-0.748741111484115
1.4106,48,48,-0.748741111484115
1.4106,48,49,-0.748741111484115
1.4106,48,50,-0.748741111484115
1.4106,48,51,-0.748741111484115
1.4106,48,52,-0.748741111484115
1.4106,48,53,-0.748741111484115
1.4106,48,54,-0.748741111484115
1.4106,48,55,-0.748741111484115
1.4106,48,56,-0.748741111484115
1.4106,48,57,-0.748741111484115
1.4106,48,58,-0.748741111484115
1.4106,48,59,-0.748741111484115
1.4106,48,60,-0.748741111484115
1.4106,48,61,-0.748741111484115
1.4106,48,62,-0.748741111484115
1.4106,48,63,-0.748741111484115
1.4106,48,64,-0.839625232703635
1.4106,48,65,-1
1.4106,48,66,-1
1.4106,48,67,-1
1.4106,48,68,-1
1.4106,48,69,-0.997344889675588
1.4106,48,70,-0.991912594988861
1.4106,48,71,-0.986449781792657
1.4106,48,72,-0.986449781792657
1.4106,48,73,-0.980925931577502
1.4106,48,74,-0.975493636890774
1.4106,48,75,-0.970152897732475
1.4106,48,76,-0.964690084536271
1.4106,48,77,-0.959257789849544
1.4106,48,78,-0.95379497665334
1.4106,48,79,-0.948393200476089
1.4106,48,80,-0.942960905789361
1.4106,48,81,-0.937620166631062
1.4106,48,82,-0.932157353434858
1.4106,48,83,-0.932157353434858
1.4106,48,84,-0.926755577257607
1.4106,48,85,-0.921414838099307
1.4106,48,86,-0.91598254341258
1.4106,48,87,-0.91064180425428
1.4106,48,88,-0.905331583605457
1.4106,48,89,-0.899899288918729
1.4106,48,90,-0.89455854976043
1.4106,48,91,-0.889248329111606
1.4106,48,92,-0.748741111484115
1.4106,48,93,-0.748741111484115
1.4106,48,94,-0.748741111484115
1.4106,48,95,-0.748741111484115
1.4106,48,96,-0.748741111484115
1.4106,48,97,-0.748741111484115
1.4106,48,98,-0.748741111484115
1.4106,48,99,-0.748741111484115
1.4106,48,100,-0.748741111484115
1.4106,48,101,-0.748741111484115
1.4106,48,102,-0.748741111484115
1.4106,48,103,-0.748741111484115
1.4106,48,104,-0.748741111484115
1.4106,48,105,-0.748741111484115
1.4106,48,106,-0.748741111484115
1.4106,48,107,-0.748741111484115
1.439,49,1,-0.748741111484115
1.439,49,2,-0.748741111484115
1.439,49,3,-1
1.439,49,4,-1
1.439,49,5,-1
1.439,49,6,-1
1.439,49,7,-0.99710074159978
1.439,49,8,-0.991637928403577
1.439,49,9,-0.986236152226325
1.439,49,10,-0.980773339030122
1.439,49,11,-0.975310525833918
1.439,49,12,-0.969756157109287
1.439,49,13,-0.969756157109287
1.439,49,14,-0.964415417950987
1.439,49,15,-0.958922086245308
1.439,49,16,-0.953550828577532
1.439,49,17,-0.948118533890805
1.439,49,18,-0.942655720694601
1.439,49,19,-0.93725394451735
1.439,49,20,-0.931821649830622
1.439,49,21,-0.926480910672323
1.439,49,22,-0.921048615985595
1.439,49,23,-0.915707876827296
1.439,49,24,-0.915707876827296
1.439,49,25,-0.910275582140568
1.439,49,26,-0.904934842982269
1.439,49,27,-0.899533066805017
1.439,49,28,-0.894192327646718
1.439,49,29,-0.888790551469466
1.439,49,30,-0.748741111484115
1.439,49,31,-0.748741111484115
1.439,49,32,-0.748741111484115
1.439,49,33,-0.748741111484115
1.439,49,34,-0.748741111484115
1.439,49,35,-0.748741111484115
1.439,49,36,-0.748741111484115
1.439,49,37,-0.748741111484115
1.439,49,38,-0.748741111484115
1.439,49,39,-0.748741111484115
1.439,49,40,-0.748741111484115
1.439,49,41,-0.748741111484115
1.439,49,42,-0.748741111484115
1.439,49,43,-0.748741111484115
1.439,49,44,-0.748741111484115
1.439,49,45,-0.748741111484115
1.439,49,46,-0.748741111484115
1.439,49,47,-1
1.439,49,48,-0.994567705313273
1.439,49,49,-0.989013336588641
1.439,49,50,-0.983581041901914
1.439,49,51,-0.978087710196234
1.439,49,52,-0.972655415509507
1.439,49,53,-0.967223120822779
1.439,49,54,-0.961760307626575
1.439,49,55,-0.956328012939848
1.439,49,56,-0.95089571825312
1.439,49,57,-0.95089571825312
1.439,49,58,-0.945432905056917
1.439,49,59,-0.94000061037019
1.439,49,60,-0.934598834192938
1.439,49,61,-0.929166539506211
1.439,49,62,-0.923825800347911
1.439,49,63,-0.918393505661183
1.439,49,64,-0.912961210974456
1.439,49,65,-0.907620471816156
1.439,49,66,-0.902188177129429
1.439,49,67,-0.89684743797113
1.439,49,68,-0.89684743797113
1.439,49,69,-0.891445661793878
1.439,49,70,-0.886104922635578
1.439,49,71,-0.880794701986755
1.439,49,72,-0.875362407300027
1.439,49,73,-0.870052186651204
1.439,49,74,-0.748741111484115
1.439,49,75,-0.748741111484115
1.439,49,76,-0.748741111484115
1.439,49,77,-0.748741111484115
1.439,49,78,-0.748741111484115
1.439,49,79,-0.748741111484115
1.439,49,80,-0.748741111484115
1.439,49,81,-0.748741111484115
1.439,49,82,-0.748741111484115
1.439,49,83,-0.748741111484115
1.439,49,84,-0.748741111484115
1.439,49,85,-0.748741111484115
1.439,49,86,-0.83104953154088
1.439,49,87,-0.962553788872951
1.439,49,88,-0.9571520126957
1.439,49,89,-0.951750236518448
1.439,49,90,-0.946256904812769
1.439,49,91,-0.940916165654469
1.439,49,92,-0.935453352458266
1.439,49,93,-0.930021057771538
1.439,49,94,-0.930021057771538
1.439,49,95,-0.924588763084811
1.439,49,96,-0.919156468398083
1.439,49,97,-0.91384624774926
1.439,49,98,-0.908383434553056
1.439,49,99,-0.902951139866329
1.439,49,100,-0.897610400708029
1.439,49,101,-0.892208624530778
1.439,49,102,-0.886867885372478
1.439,49,103,-0.881527146214179
1.439,49,104,-0.876125370036927
1.439,49,105,-0.876125370036927
1.439,49,106,-0.870784630878628
1.439,49,107,-0.865474410229804
1.4674,50,1,-0.860164189580981
1.4674,50,2,-0.854731894894253
1.4674,50,3,-0.849482711264382
1.4674,50,4,-0.84408093508713
1.4674,50,5,-0.838892788476211
1.4674,50,6,-0.833552049317911
1.4674,50,7,-0.748741111484115
1.4674,50,8,-0.748741111484115
1.4674,50,9,-0.748741111484115
1.4674,50,10,-0.748741111484115
1.4674,50,11,-0.748741111484115
1.4674,50,12,-0.748741111484115
1.4674,50,13,-0.748741111484115
1.4674,50,14,-0.748741111484115
1.4674,50,15,-0.748741111484115
1.4674,50,16,-0.748741111484115
1.4674,50,17,-0.748741111484115
1.4674,50,18,-0.748741111484115
1.4674,50,19,-0.748741111484115
1.4674,50,20,0.896450697347941
1.4674,50,21,0.891018402661214
1.4674,50,22,0.885586107974487
1.4674,50,23,0.880275887325663
1.4674,50,24,0.87481307412946
1.4674,50,25,0.869380779442732
1.4674,50,26,0.864070558793908
1.4674,50,27,0.858638264107181
1.4674,50,28,0.853297524948881
1.4674,50,29,0.847956785790582
1.4674,50,30,0.847956785790582
1.4674,50,31,0.842555009613331
1.4674,50,32,0.837214270455031
1.4674,50,33,0.831904049806207
1.4674,50,34,0.826563310647908
1.4674,50,35,0.821161534470656
1.4674,50,36,0.815851313821833
1.4674,50,37,0.810541093173009
1.4674,50,38,0.805230872524186
1.4674,50,39,0.80001220740379
1.4674,50,40,0.794701986754967
1.4674,50,41,0.794701986754967
1.4674,50,42,0.789391766106143
1.4674,50,43,0.784203619495224
1.4674,50,44,0.778862880336924
1.4674,50,45,0.773674733726005
1.4674,50,46,0.768364513077181
1.4674,50,47,-0.748741111484115
1.4674,50,48,-0.748741111484115
1.4674,50,49,-0.748741111484115
1.4674,50,50,-0.748741111484115
1.4674,50,51,-0.748741111484115
1.4674,50,52,-0.748741111484115
1.4674,50,53,-0.748741111484115
1.4674,50,54,-0.748741111484115
1.4674,50,55,-0.748741111484115
1.4674,50,56,-0.748741111484115
1.4674,50,57,-0.748741111484115
1.4674,50,58,-0.333048493911557
1.4674,50,59,1
1.4674,50,60,0.994567705313273
1.4674,50,61,0.989104892117069
1.4674,50,62,0.983550523392438
1.4674,50,63,0.97811822870571
1.4674,50,64,0.972655415509507
1.4674,50,65,0.967223120822779
1.4674,50,66,0.967223120822779
1.4674,50,67,0.961760307626575
1.4674,50,68,0.956328012939848
1.4674,50,69,0.95089571825312
1.4674,50,70,0.95089571825312
1.4674,50,71,0.945432905056917
1.4674,50,72,0.945432905056917
1.4674,50,73,0.945432905056917
1.4674,50,74,0.945432905056917
1.4674,50,75,0.945432905056917
1.4674,50,76,0.945432905056917
1.4674,50,77,0.945432905056917
1.4674,50,78,0.945432905056917
1.4674,50,79,0.945432905056917
1.4674,50,80,0.945432905056917
1.4674,50,81,0.945432905056917
1.4674,50,82,0.945432905056917
1.4674,50,83,0.945432905056917
1.4674,50,84,0.945432905056917
1.4674,50,85,0.945432905056917
1.4674,50,86,0.945432905056917
1.4674,50,87,0.945432905056917
1.4674,50,88,0.945432905056917
1.4674,50,89,0.945432905056917
1.4674,50,90,0.945432905056917
1.4674,50,91,0.945432905056917
1.4674,50,92,0.945432905056917
1.4674,50,93,0.945432905056917
1.4674,50,94,0.945432905056917
1.4674,50,95,0.945432905056917
1.4674,50,96,0.945432905056917
1.4674,50,97,0.945432905056917
1.4674,50,98,0.945432905056917
1.4674,50,99,0.945432905056917
1.4674,50,100,0.945432905056917
1.4674,50,101,0.945432905056917
1.4674,50,102,0.945432905056917
1.4674,50,103,0.945432905056917
1.4674,50,104,0.945432905056917
1.4674,50,105,0.945432905056917
1.4674,50,106,0.945432905056917
1.4674,50,107,0.945432905056917
1.4957,51,1,0.945432905056917
1.4957,51,2,0.945432905056917
1.4957,51,3,0.945432905056917
1.4957,51,4,0.945432905056917
1.4957,51,5,0.945432905056917
1.4957,51,6,0.945432905056917
1.4957,51,7,0.945432905056917
1.4957,51,8,0.945432905056917
1.4957,51,9,0.945432905056917
1.4957,51,10,1
1.4957,51,11,1
1.4957,51,12,1
1.4957,51,13,1
1.4957,51,14,1
1.4957,51,15,1
1.4957,51,16,1
1.4957,51,17,1
1.4957,51,18,1
1.4957,51,19,1
1.4957,51,20,1
1.4957,51,21,1
1.4957,51,22,1
1.4957,51,23,1
1.4957,51,24,1
1.4957,51,25,1
1.4957,51,26,1
1.4957,51,27,1
1.4957,51,28,1
1.4957,51,29,0.999359111301004
1.4957,51,30,0.993804742576373
1.4957,51,31,0.988341929380169
1.4957,51,32,0.988341929380169
1.4957,51,33,0.97735526596881
1.4957,51,34,0.971892452772607
1.4957,51,35,0.966429639576403
1.4957,51,36,0.960905789361248
1.4957,51,37,-0.748771629993591
1.4957,51,38,-0.748771629993591
1.4957,51,39,-0.748771629993591
1.4957,51,40,-0.748771629993591
1.4957,51,41,-0.748771629993591
1.4957,51,42,-0.748771629993591
1.4957,51,43,-0.748771629993591
1.4957,51,44,-0.748771629993591
1.4957,51,45,-0.748771629993591
1.4957,51,46,-0.748771629993591
1.4957,51,47,-0.748771629993591
1.4957,51,48,-0.748771629993591
1.4957,51,49,-0.748771629993591
1.4957,51,50,-0.333048493911557
1.4957,51,51,0.998077333903012
1.4957,51,52,0.992645039216285
1.4957,51,53,0.987090670491653
1.4957,51,54,0.981658375804926
1.4957,51,55,0.976073488570818
1.4957,51,56,0.970641193884091
1.4957,51,57,0.965147862178411
1.4957,51,58,0.965147862178411
1.4957,51,59,0.959624011963256
1.4957,51,60,0.954191717276528
1.4957,51,61,0.948728904080325
1.4957,51,62,0.948728904080325
1.4957,51,63,0.937742240668966
1.4957,51,64,0.932279427472762
1.4957,51,65,0.926847132786035
1.4957,51,66,0.921384319589831
1.4957,51,67,0.915952024903104
1.4957,51,68,0.910519730216376
1.4957,51,69,0.910519730216376
1.4957,51,70,0.905087435529649
1.4957,51,71,0.899655140842921
1.4957,51,72,0.894314401684622
1.4957,51,73,0.894314401684622
1.4957,51,74,0.883449812311167
1.4957,51,75,0.878109073152867
1.4957,51,76,0.87267677846614
1.4957,51,77,0.86733603930784
1.4957,51,78,-0.748741111484115
1.4957,51,79,-0.748741111484115
1.4957,51,80,-0.748741111484115
1.4957,51,81,-0.748741111484115
1.4957,51,82,-0.748741111484115
1.4957,51,83,-0.748741111484115
1.4957,51,84,-0.748741111484115
1.4957,51,85,-0.748741111484115
1.4957,51,86,-0.748741111484115
1.4957,51,87,-0.748741111484115
1.4957,51,88,-0.748741111484115
1.4957,51,89,-0.748741111484115
1.4957,51,90,-0.748741111484115
1.4957,51,91,-0.333048493911557
1.4957,51,92,1
1.4957,51,93,1
1.4957,51,94,1
1.4957,51,95,1
1.4957,51,96,1
1.4957,51,97,1
1.4957,51,98,1
1.4957,51,99,1
1.4957,51,100,1
1.4957,51,101,1
1.4957,51,102,1
1.4957,51,103,1
1.4957,51,104,1
1.4957,51,105,1
1.4957,51,106,0.997741630298776
1.4957,51,107,0.992156743064669
1.5241,52,1,0.986724448377941
1.5241,52,2,0.98117007965331
1.5241,52,3,0.98117007965331
1.5241,52,4,0.975707266457106
1.5241,52,5,0.970244453260903
1.5241,52,6,0.964812158574175
1.5241,52,7,0.964812158574175
1.5241,52,8,0.953917050691244
1.5241,52,9,0.948484756004517
1.5241,52,10,0.943021942808313
1.5241,52,11,0.937589648121586
1.5241,52,12,-0.748741111484115
1.5241,52,13,-0.748741111484115
1.5241,52,14,-0.748741111484115
1.5241,52,15,-0.748741111484115
1.5241,52,16,-0.748741111484115
1.5241,52,17,-0.748741111484115
1.5241,52,18,-0.748741111484115
1.5241,52,19,-0.748741111484115
1.5241,52,20,-0.748741111484115
1.5241,52,21,-0.748741111484115
1.5241,52,22,-0.748741111484115
1.5241,52,23,-0.748741111484115
1.5241,52,24,-0.748741111484115
1.5241,52,25,-0.748741111484115
1.5241,52,26,-0.748741111484115
1.5241,52,27,-0.748741111484115
1.5241,52,28,1
1.5241,52,29,1
1.5241,52,30,1
1.5241,52,31,1
1.5241,52,32,1
1.5241,52,33,1
1.5241,52,34,1
1.5241,52,35,1
1.5241,52,36,1
1.5241,52,37,1
1.5241,52,38,1
1.5241,52,39,1
1.5241,52,40,1
1.5241,52,41,1
1.5241,52,42,0.996856593523972
1.5241,52,43,0.991393780327769
1.5241,52,44,0.985869930112613
1.5241,52,45,0.980376598406934
1.5241,52,46,0.974944303720206
1.5241,52,47,0.969389934995575
1.5241,52,48,0.963927121799371
1.5241,52,49,0.963927121799371
1.5241,52,50,0.958494827112644
1.5241,52,51,0.95303201391644
1.5241,52,52,0.947599719229713
1.5241,52,53,0.942167424542985
1.5241,52,54,0.936704611346782
1.5241,52,55,-0.748771629993591
1.5241,52,56,-0.748771629993591
1.5241,52,57,-0.748771629993591
1.5241,52,58,-0.748771629993591
1.5241,52,59,-0.748771629993591
1.5241,52,60,-0.748771629993591
1.5241,52,61,-0.748771629993591
1.5241,52,62,-0.748771629993591
1.5241,52,63,-0.748771629993591
1.5241,52,64,-0.748771629993591
1.5241,52,65,-0.748771629993591
1.5241,52,66,-0.748771629993591
1.5241,52,67,-0.748771629993591
1.5241,52,68,-0.748771629993591
1.5241,52,69,-0.748771629993591
1.5241,52,70,-0.748771629993591
1.5241,52,71,-0.748771629993591
1.5241,52,72,-0.748771629993591
1.5241,52,73,-0.748771629993591
1.5241,52,74,-0.748771629993591
1.5241,52,75,-0.333048493911557
1.5241,52,76,1
1.5241,52,77,1
1.5241,52,78,1
1.5241,52,79,1
1.5241,52,80,1
1.5241,52,81,1
1.5241,52,82,1
1.5241,52,83,1
1.5241,52,84,1
1.5241,52,85,1
1.5241,52,86,1
1.5241,52,87,1
1.5241,52,88,1
1.5241,52,89,1
1.5241,52,90,0.996459852900784
1.5241,52,91,0.990874965666677
1.5241,52,92,0.985412152470473
1.5241,52,93,0.979888302255318
1.5241,52,94,0.979888302255318
1.5241,52,95,0.97445600756859
1.5241,52,96,0.968871120334483
1.5241,52,97,0.963408307138279
1.5241,52,98,0.963408307138279
1.5241,52,99,0.95242164372692
1.5241,52,100,0.946958830530717
1.5241,52,101,0.941526535843989
1.5241,52,102,0.936094241157262
1.5241,52,103,-0.748771629993591
1.5241,52,104,-0.748771629993591
1.5241,52,105,-0.748771629993591
1.5241,52,106,-0.748771629993591
1.5241,52,107,-0.748771629993591
1.5525,53,1,-0.748771629993591
1.5525,53,2,-0.748771629993591
1.5525,53,3,-0.748771629993591
1.5525,53,4,-0.748771629993591
1.5525,53,5,-0.748771629993591
1.5525,53,6,-0.748771629993591
1.5525,53,7,-0.748771629993591
1.5525,53,8,-0.748771629993591
1.5525,53,9,-0.748771629993591
1.5525,53,10,-0.748771629993591
1.5525,53,11,1
1.5525,53,12,1
1.5525,53,13,1
1.5525,53,14,1
1.5525,53,15,1
1.5525,53,16,1
1.5525,53,17,1
1.5525,53,18,1
1.5525,53,19,1
1.5525,53,20,1
1.5525,53,21,1
1.5525,53,22,1
1.5525,53,23,1
1.5525,53,24,1
1.5525,53,25,0.995330668050172
1.5525,53,26,0.989776299325541
1.5525,53,27,0.984313486129337
1.5525,53,28,0.978759117404706
1.5525,53,29,0.973296304208502
1.5525,53,30,0.967741935483871
1.5525,53,31,0.962279122287667
1.5525,53,32,0.962279122287667
1.5525,53,33,0.956724753563036
1.5525,53,34,0.951261940366833
1.5525,53,35,0.945829645680105
1.5525,53,36,0.940397350993378
1.5525,53,37,0.93481246375927
1.5525,53,38,-0.748741111484115
1.5525,53,39,-0.748741111484115
1.5525,53,40,-0.748741111484115
1.5525,53,41,-0.748741111484115
1.5525,53,42,-0.748741111484115
1.5525,53,43,-0.748741111484115
1.5525,53,44,-0.748741111484115
1.5525,53,45,-0.748741111484115
1.5525,53,46,-0.748741111484115
1.5525,53,47,-0.748741111484115
1.5525,53,48,-0.748741111484115
1.5525,53,49,-0.748741111484115
1.5525,53,50,-0.748741111484115
1.5525,53,51,-0.748741111484115
1.5525,53,52,-0.748741111484115
1.5525,53,53,-0.748741111484115
1.5525,53,54,-0.748741111484115
1.5525,53,55,-0.748741111484115
1.5525,53,56,1
1.5525,53,57,1
1.5525,53,58,1
1.5525,53,59,1
1.5525,53,60,1
1.5525,53,61,1
1.5525,53,62,1
1.5525,53,63,1
1.5525,53,64,1
1.5525,53,65,1
1.5525,53,66,1
1.5525,53,67,1
1.5525,53,68,1
1.5525,53,69,1
1.5525,53,70,1
1.5525,53,71,1
1.5525,53,72,1
1.5525,53,73,1
1.5525,53,74,1
1.5525,53,75,1
1.5525,53,76,1
1.5525,53,77,1
1.5525,53,78,1
1.5525,53,79,1
1.5525,53,80,1
1.5525,53,81,1
1.5525,53,82,1
1.5525,53,83,-0.748741111484115
1.5525,53,84,-0.748741111484115
1.5525,53,85,-0.748741111484115
1.5525,53,86,-0.748741111484115
1.5525,53,87,-0.748741111484115
1.5525,53,88,-0.748741111484115
1.5525,53,89,-0.748741111484115
1.5525,53,90,-0.748741111484115
1.5525,53,91,-0.748741111484115
1.5525,53,92,-0.748741111484115
1.5525,53,93,-0.748741111484115
1.5525,53,94,-0.748741111484115
1.5525,53,95,-0.748741111484115
1.5525,53,96,-0.748741111484115
1.5525,53,97,-0.748741111484115
1.5525,53,98,-0.748741111484115
1.5525,53,99,1
1.5525,53,100,1
1.5525,53,101,1
1.5525,53,102,1
1.5525,53,103,1
1.5525,53,104,1
1.5525,53,105,1
1.5525,53,106,1
1.5525,53,107,1
1.5809,54,1,1
1.5809,54,2,1
1.5809,54,3,1
1.5809,54,4,1
1.5809,54,5,1
1.5809,54,6,1
1.5809,54,7,1
1.5809,54,8,1
1.5809,54,9,1
1.5809,54,10,1
1.5809,54,11,1
1.5809,54,12,0.998596148564104
1.5809,54,13,0.998596148564104
1.5809,54,14,0.993072298348949
1.5809,54,15,0.987609485152745
1.5809,54,16,0.982024597918638
1.5809,54,17,0.976470229194006
1.5809,54,18,0.971007415997803
1.5809,54,19,-0.748741111484115
1.5809,54,20,-0.748741111484115
1.5809,54,21,-0.748741111484115
1.5809,54,22,-0.748741111484115
1.5809,54,23,-0.748741111484115
1.5809,54,24,-0.748741111484115
1.5809,54,25,-0.748741111484115
1.5809,54,26,-0.748741111484115
1.5809,54,27,-0.748741111484115
1.5809,54,28,-0.748741111484115
1.5809,54,29,-0.748741111484115
1.5809,54,30,-0.748741111484115
1.5809,54,31,-0.748741111484115
1.5809,54,32,-0.748741111484115
1.5809,54,33,-0.748741111484115
1.5809,54,34,-0.748741111484115
1.5809,54,35,-0.748741111484115
1.5809,54,36,-0.748741111484115
1.5809,54,37,-0.748741111484115
1.5809,54,38,-0.748741111484115
1.5809,54,39,1
1.5809,54,40,1
1.5809,54,41,1
1.5809,54,42,1
1.5809,54,43,1
1.5809,54,44,1
1.5809,54,45,1
1.5809,54,46,1
1.5809,54,47,1
1.5809,54,48,1
1.5809,54,49,1
1.5809,54,50,1
1.5809,54,51,1
1.5809,54,52,1
1.5809,54,53,1
1.5809,54,54,1
1.5809,54,55,1
1.5809,54,56,1
1.5809,54,57,1
1.5809,54,58,1
1.5809,54,59,1
1.5809,54,60,1
1.5809,54,61,1
1.5809,54,62,1
1.5809,54,63,1
1.5809,54,64,1
1.5809,54,65,1
1.5809,54,66,-0.748741111484115
1.5809,54,67,-0.748741111484115
1.5809,54,68,-0.748741111484115
1.5809,54,69,-0.748741111484115
1.5809,54,70,-0.748741111484115
1.5809,54,71,-0.748741111484115
1.5809,54,72,-0.748741111484115
1.5809,54,73,-0.748741111484115
1.5809,54,74,-0.748741111484115
1.5809,54,75,-0.748741111484115
1.5809,54,76,-0.748741111484115
1.5809,54,77,-0.748741111484115
1.5809,54,78,-0.748741111484115
1.5809,54,79,-0.748741111484115
1.5809,54,80,-0.748741111484115
1.5809,54,81,0.969359416486099
1.5809,54,82,0.963927121799371
1.5809,54,83,0.958342234565264
1.5809,54,84,0.952818384350108
1.5809,54,85,0.947355571153905
1.5809,54,86,0.941801202429273
1.5809,54,87,0.93633838923307
1.5809,54,88,0.930784020508438
1.5809,54,89,0.925321207312235
1.5809,54,90,0.919888912625507
1.5809,54,91,0.919888912625507
1.5809,54,92,0.914334543900876
1.5809,54,93,0.908871730704672
1.5809,54,94,0.903408917508469
1.5809,54,95,0.897976622821741
1.5809,54,96,0.89242225409711
1.5809,54,97,0.886989959410382
1.5809,54,98,0.881557664723655
1.5809,54,99,0.876094851527451
1.5809,54,100,0.870662556840724
1.5809,54,101,0.865321817682424
1.5809,54,102,0.865321817682424
1.5809,54,103,0.859889522995697
1.5809,54,104,0.854426709799493
1.5809,54,105,0.848994415112766
1.5809,54,106,0.843684194463942
1.5809,54,107,0.838251899777215
1.6092,55,1,-0.748741111484115
1.6092,55,2,-0.748741111484115
1.6092,55,3,-0.748741111484115
1.6092,55,4,-0.748741111484115
1.6092,55,5,-0.748741111484115
1.6092,55,6,-0.748741111484115
1.6092,55,7,-0.748741111484115
1.6092,55,8,-0.748741111484115
1.6092,55,9,-0.748741111484115
1.6092,55,10,-0.748741111484115
1.6092,55,11,-0.748741111484115
1.6092,55,12,-0.748741111484115
1.6092,55,13,-0.748741111484115
1.6092,55,14,-0.748741111484115
1.6092,55,15,-0.748741111484115
1.6092,55,16,-0.748741111484115
1.6092,55,17,-0.748741111484115
1.6092,55,18,-0.748741111484115
1.6092,55,19,1
1.6092,55,20,1
1.6092,55,21,1
1.6092,55,22,1
1.6092,55,23,1
1.6092,55,24,1
1.6092,55,25,1
1.6092,55,26,1
1.6092,55,27,1
1.6092,55,28,1
1.6092,55,29,1
1.6092,55,30,1
1.6092,55,31,1
1.6092,55,32,0.996826075014496
1.6092,55,33,0.991271706289865
1.6092,55,34,0.985717337565233
1.6092,55,35,0.980132450331126
1.6092,55,36,0.974578081606494
1.6092,55,37,0.969115268410291
1.6092,55,38,0.963560899685659
1.6092,55,39,0.957976012451552
1.6092,55,40,0.957976012451552
1.6092,55,41,0.95242164372692
1.6092,55,42,0.946958830530717
1.6092,55,43,0.941404461806085
1.6092,55,44,0.935941648609882
1.6092,55,45,0.93038727988525
1.6092,55,46,-0.748741111484115
1.6092,55,47,-0.748741111484115
1.6092,55,48,-0.748741111484115
1.6092,55,49,-0.748741111484115
1.6092,55,50,-0.748741111484115
1.6092,55,51,-0.748741111484115
1.6092,55,52,-0.748741111484115
1.6092,55,53,-0.748741111484115
1.6092,55,54,-0.748741111484115
1.6092,55,55,-0.748741111484115
1.6092,55,56,-0.748741111484115
1.6092,55,57,-0.748741111484115
1.6092,55,58,-0.748741111484115
1.6092,55,59,-0.748741111484115
1.6092,55,60,-0.748741111484115
1.6092,55,61,-0.748741111484115
1.6092,55,62,-0.748741111484115
1.6092,55,63,-0.333048493911557
1.6092,55,64,1
1.6092,55,65,1
1.6092,55,66,1
1.6092,55,67,1
1.6092,55,68,1
1.6092,55,69,1
1.6092,55,70,1
1.6092,55,71,1
1.6092,55,72,1
1.6092,55,73,1
1.6092,55,74,1
1.6092,55,75,1
1.6092,55,76,1
1.6092,55,77,1
1.6092,55,78,1
1.6092,55,79,1
1.6092,55,80,1
1.6092,55,81,1
1.6092,55,82,1
1.6092,55,83,1
1.6092,55,84,1
1.6092,55,85,1
1.6092,55,86,1
1.6092,55,87,1
1.6092,55,88,1
1.6092,55,89,1
1.6092,55,90,1
1.6092,55,91,-0.748741111484115
1.6092,55,92,-0.748741111484115
1.6092,55,93,-0.748741111484115
1.6092,55,94,-0.748741111484115
1.6092,55,95,-0.748741111484115
1.6092,55,96,-0.748741111484115
1.6092,55,97,-0.748741111484115
1.6092,55,98,-0.748741111484115
1.6092,55,99,-0.748741111484115
1.6092,55,100,-0.748741111484115
1.6092,55,101,-0.748741111484115
1.6092,55,102,-0.748741111484115
1.6092,55,103,-0.748741111484115
1.6092,55,104,-0.748741111484115
1.6092,55,105,-0.748741111484115
1.6092,55,106,-0.748741111484115
1.6092,55,107,-0.333048493911557
1.6376,56,1,1
1.6376,56,2,1
1.6376,56,3,1
1.6376,56,4,1
1.6376,56,5,1
1.6376,56,6,1
1.6376,56,7,1
1.6376,56,8,1
1.6376,56,9,1
1.6376,56,10,1
1.6376,56,11,1
1.6376,56,12,1
1.6376,56,13,1
1.6376,56,14,1
1.6376,56,15,1
1.6376,56,16,1
1.6376,56,17,1
1.6376,56,18,1
1.6376,56,19,1
1.6376,56,20,1
1.6376,56,21,1
1.6376,56,22,1
1.6376,56,23,1
1.6376,56,24,1
1.6376,56,25,1
1.6376,56,26,1
1.6376,56,27,1
1.6376,56,28,-0.748771629993591
1.6376,56,29,-0.748771629993591
1.6376,56,30,-0.748771629993591
1.6376,56,31,-0.748771629993591
1.6376,56,32,-0.748771629993591
1.6376,56,33,-0.748771629993591
1.6376,56,34,-0.748771629993591
1.6376,56,35,-0.748771629993591
1.6376,56,36,-0.748771629993591
1.6376,56,37,-0.748771629993591
1.6376,56,38,-0.748771629993591
1.6376,56,39,-0.748771629993591
1.6376,56,40,-0.748771629993591
1.6376,56,41,-0.748771629993591
1.6376,56,42,-0.748771629993591
1.6376,56,43,1
1.6376,56,44,1
1.6376,56,45,1
1.6376,56,46,1
1.6376,56,47,1
1.6376,56,48,1
1.6376,56,49,1
1.6376,56,50,1
1.6376,56,51,1
1.6376,56,52,1
1.6376,56,53,1
1.6376,56,54,1
1.6376,56,55,0.998992889187292
1.6376,56,56,0.993408001953185
1.6376,56,57,0.987853633228553
1.6376,56,58,0.982299264503922
1.6376,56,59,0.976714377269814
1.6376,56,60,0.971068453016755
1.6376,56,61,0.965575121311075
1.6376,56,62,0.960020752586444
1.6376,56,63,0.954435865352336
1.6376,56,64,0.954435865352336
1.6376,56,65,0.948881496627705
1.6376,56,66,0.943296609393597
1.6376,56,67,0.937742240668966
1.6376,56,68,0.932187871944334
1.6376,56,69,0.926725058748131
1.6376,56,70,-0.748741111484115
1.6376,56,71,-0.748741111484115
1.6376,56,72,-0.748741111484115
1.6376,56,73,-0.748741111484115
1.6376,56,74,-0.748741111484115
1.6376,56,75,-0.748741111484115
1.6376,56,76,-0.748741111484115
1.6376,56,77,-0.748741111484115
1.6376,56,78,-0.748741111484115
1.6376,56,79,-0.748741111484115
1.6376,56,80,-0.748741111484115
1.6376,56,81,-0.748741111484115
1.6376,56,82,-0.748741111484115
1.6376,56,83,0.86886196478164
1.6376,56,84,0.863429670094913
1.6376,56,85,0.857875301370281
1.6376,56,86,0.852443006683554
1.6376,56,87,0.84698019348735
1.6376,56,88,0.841547898800623
1.6376,56,89,0.836085085604419
1.6376,56,90,0.830652790917692
1.6376,56,91,0.825220496230964
1.6376,56,92,0.819757683034761
1.6376,56,93,0.819757683034761
1.6376,56,94,0.814416943876461
1.6376,56,95,0.80901516769921
1.6376,56,96,0.803552354503006
1.6376,56,97,0.798150578325755
1.6376,56,98,0.792809839167455
1.6376,56,99,0.787347025971252
1.6376,56,100,0.782036805322428
1.6376,56,101,0.776726584673605
1.6376,56,102,0.771294289986877
1.6376,56,103,0.765953550828578
1.6376,56,104,0.765953550828578
1.6376,56,105,0.760643330179754
1.6376,56,106,0.75533310953093
1.6376,56,107,0.750022888882107
1.666,57,1,0.744712668233284
1.666,57,2,0.73940244758446
1.666,57,3,-0.748741111484115
1.666,57,4,-0.748741111484115
1.666,57,5,-0.748741111484115
1.666,57,6,-0.748741111484115
1.666,57,7,-0.748741111484115
1.666,57,8,-0.748741111484115
1.666,57,9,-0.748741111484115
1.666,57,10,-0.748741111484115
1.666,57,11,-0.748741111484115
1.666,57,12,-0.748741111484115
1.666,57,13,-0.748741111484115
1.666,57,14,-0.748741111484115
1.666,57,15,-0.748741111484115
1.666,57,16,-0.748741111484115
1.666,57,17,-0.333048493911557
1.666,57,18,1
1.666,57,19,1
1.666,57,20,1
1.666,57,21,1
1.666,57,22,1
1.666,57,23,1
1.666,57,24,1
1.666,57,25,1
1.666,57,26,1
1.666,57,27,1
1.666,57,28,1
1.666,57,29,1
1.666,57,30,1
1.666,57,31,1
1.666,57,32,1
1.666,57,33,1
1.666,57,34,1
1.666,57,35,1
1.666,57,36,1
1.666,57,37,1
1.666,57,38,1
1.666,57,39,1
1.666,57,40,1
1.666,57,41,1
1.666,57,42,1
1.666,57,43,1
1.666,57,44,1
1.666,57,45,-0.748741111484115
1.666,57,46,-0.748741111484115
1.666,57,47,-0.748741111484115
1.666,57,48,-0.748741111484115
1.666,57,49,-0.748741111484115
1.666,57,50,-0.748741111484115
1.666,57,51,-0.748741111484115
1.666,57,52,-0.748741111484115
1.666,57,53,-0.748741111484115
1.666,57,54,-0.748741111484115
1.666,57,55,-0.748741111484115
1.666,57,56,-0.748741111484115
1.666,57,57,-0.364146855067598
1.666,57,58,1
1.666,57,59,1
1.666,57,60,1
1.666,57,61,1
1.666,57,62,1
1.666,57,63,1
1.666,57,64,1
1.666,57,65,1
1.666,57,66,0.998504593035676
1.666,57,67,0.992919705801569
1.666,57,68,0.987212744529557
1.666,57,69,0.987212744529557
1.666,57,70,0.976073488570818
1.666,57,71,0.970519119846187
1.666,57,72,0.964842677083651
1.666,57,73,0.959257789849544
1.666,57,74,0.953672902615436
1.666,57,75,0.948118533890805
1.666,57,76,0.948118533890805
1.666,57,77,0.942533646656697
1.666,57,78,0.936979277932066
1.666,57,79,0.931394390697958
1.666,57,80,0.931394390697958
1.666,57,81,0.920255134739219
1.666,57,82,0.914700766014588
1.666,57,83,0.909146397289956
1.666,57,84,0.903683584093753
1.666,57,85,-0.748771629993591
1.666,57,86,-0.748771629993591
1.666,57,87,-0.748771629993591
1.666,57,88,-0.748771629993591
1.666,57,89,-0.748771629993591
1.666,57,90,-0.748771629993591
1.666,57,91,-0.748771629993591
1.666,57,92,-0.748771629993591
1.666,57,93,-0.748771629993591
1.666,57,94,-0.748771629993591
1.666,57,95,-0.748771629993591
1.666,57,96,0.921384319589831
1.666,57,97,0.9158299508652
1.666,57,98,0.910245063631092
1.666,57,99,0.904690694906461
1.666,57,100,0.899136326181829
1.666,57,101,0.893673512985626
1.666,57,102,0.888119144260994
1.666,57,103,0.882534257026887
1.666,57,104,0.876979888302255
1.666,57,105,0.871517075106052
1.666,57,106,0.871517075106052
1.666,57,107,0.86596270638142
1.6944,58,1,0.860530411694693
1.6944,58,2,0.854976042970061
1.6944,58,3,0.849513229773858
1.6944,58,4,0.844050416577654
1.6944,58,5,0.838496047853023
1.6944,58,6,0.833033234656819
1.6944,58,7,0.827600939970092
1.6944,58,8,0.822168645283364
1.6944,58,9,0.816675313577685
1.6944,58,10,0.816675313577685
1.6944,58,11,0.811273537400433
1.6944,58,12,0.805749687185278
1.6944,58,13,0.800378429517502
1.6944,58,14,0.794946134830775
1.6944,58,15,0.789513840144047
1.6944,58,16,-0.748741111484115
1.6944,58,17,-0.748741111484115
1.6944,58,18,-0.748741111484115
1.6944,58,19,-0.748741111484115
1.6944,58,20,-0.748741111484115
1.6944,58,21,-0.748741111484115
1.6944,58,22,-0.748741111484115
1.6944,58,23,-0.748741111484115
1.6944,58,24,-0.748741111484115
1.6944,58,25,-0.748741111484115
1.6944,58,26,-0.748741111484115
1.6944,58,27,-0.748741111484115
1.6944,58,28,-0.748741111484115
1.6944,58,29,-0.748741111484115
1.6944,58,30,-0.748741111484115
1.6944,58,31,-0.333048493911557
1.6944,58,32,1
1.6944,58,33,1
1.6944,58,34,1
1.6944,58,35,1
1.6944,58,36,1
1.6944,58,37,1
1.6944,58,38,1
1.6944,58,39,1
1.6944,58,40,1
1.6944,58,41,1
1.6944,58,42,1
1.6944,58,43,1
1.6944,58,44,1
1.6944,58,45,1
1.6944,58,46,1
1.6944,58,47,1
1.6944,58,48,1
1.6944,58,49,1
1.6944,58,50,1
1.6944,58,51,1
1.6944,58,52,1
1.6944,58,53,1
1.6944,58,54,1
1.6944,58,55,0.994201483199561
1.6944,58,56,0.988494521927549
1.6944,58,57,0.982909634693442
1.6944,58,58,0.977233191930906
1.6944,58,59,-0.748741111484115
1.6944,58,60,-0.748741111484115
1.6944,58,61,-0.748741111484115
1.6944,58,62,-0.748741111484115
1.6944,58,63,-0.748741111484115
1.6944,58,64,-0.748741111484115
1.6944,58,65,-0.748741111484115
1.6944,58,66,-0.748741111484115
1.6944,58,67,-0.748741111484115
1.6944,58,68,-0.748741111484115
1.6944,58,69,-0.748741111484115
1.6944,58,70,0.937467574083682
1.6944,58,71,0.93191320535905
1.6944,58,72,0.926328318124943
1.6944,58,73,0.920773949400311
1.6944,58,74,0.91521958067568
1.6944,58,75,0.909634693441572
1.6944,58,76,0.904049806207465
1.6944,58,77,0.898495437482833
1.6944,58,78,0.892910550248726
1.6944,58,79,0.887356181524094
1.6944,58,80,0.887356181524094
1.6944,58,81,0.881771294289987
1.6944,58,82,0.876216925565355
1.6944,58,83,0.870632038331248
1.6944,58,84,0.86519974364452
1.6944,58,85,0.859614856410413
1.6944,58,86,0.854091006195257
1.6944,58,87,0.848628192999054
1.6944,58,88,0.843073824274422
1.6944,58,89,0.837611011078219
1.6944,58,90,0.832056642353587
1.6944,58,91,0.832056642353587
1.6944,58,92,0.826593829157384
1.6944,58,93,0.821161534470656
1.6944,58,94,0.815698721274453
1.6944,58,95,0.810144352549821
1.6944,58,96,0.804712057863094
1.6944,58,97,-0.748741111484115
1.6944,58,98,-0.748741111484115
1.6944,58,99,-0.748741111484115
1.6944,58,100,-0.748741111484115
1.6944,58,101,-0.748741111484115
1.6944,58,102,-0.748741111484115
1.6944,58,103,-0.748741111484115
1.6944,58,104,-0.748741111484115
1.6944,58,105,-0.748741111484115
1.6944,58,106,-0.748741111484115
1.6944,58,107,-0.748741111484115
1.7227,59,1,-0.748741111484115
1.7227,59,2,-0.748741111484115
1.7227,59,3,-0.748741111484115
1.7227,59,4,-0.748741111484115
1.7227,59,5,-0.748741111484115
1.7227,59,6,1
1.7227,59,7,1
1.7227,59,8,1
1.7227,59,9,1
1.7227,59,10,1
1.7227,59,11,1
1.7227,59,12,1
1.7227,59,13,1
1.7227,59,14,1
1.7227,59,15,1
1.7227,59,16,1
1.7227,59,17,0.995330668050172
1.7227,59,18,0.989654225287637
1.7227,59,19,0.984038819544053
1.7227,59,20,0.978362376781518
1.7227,59,21,0.972777489547411
1.7227,59,22,0.967101046784875
1.7227,59,23,0.961516159550768
1.7227,59,24,0.955839716788232
1.7227,59,25,0.950254829554125
1.7227,59,26,0.944700460829493
1.7227,59,27,0.944700460829493
1.7227,59,28,0.939024018066958
1.7227,59,29,0.93343913083285
1.7227,59,30,0.927854243598743
1.7227,59,31,0.922299874874111
1.7227,59,32,0.916623432111576
1.7227,59,33,-0.748741111484115
1.7227,59,34,-0.748741111484115
1.7227,59,35,-0.748741111484115
1.7227,59,36,-0.748741111484115
1.7227,59,37,-0.748741111484115
1.7227,59,38,-0.748741111484115
1.7227,59,39,-0.748741111484115
1.7227,59,40,-0.748741111484115
1.7227,59,41,-0.748741111484115
1.7227,59,42,-0.748741111484115
1.7227,59,43,-0.748741111484115
1.7227,59,44,-0.748741111484115
1.7227,59,45,-0.748741111484115
1.7227,59,46,-0.748741111484115
1.7227,59,47,-0.748741111484115
1.7227,59,48,-0.748741111484115
1.7227,59,49,-0.748741111484115
1.7227,59,50,-0.353770561845759
1.7227,59,51,1
1.7227,59,52,1
1.7227,59,53,1
1.7227,59,54,1
1.7227,59,55,1
1.7227,59,56,1
1.7227,59,57,1
1.7227,59,58,1
1.7227,59,59,1
1.7227,59,60,1
1.7227,59,61,1
1.7227,59,62,1
1.7227,59,63,0.999481185338908
1.7227,59,64,0.999481185338908
1.7227,59,65,0.993804742576373
1.7227,59,66,0.988219855342265
1.7227,59,67,0.98254341257973
1.7227,59,68,0.98254341257973
1.7227,59,69,0.976866969817194
1.7227,59,70,0.971282082583087
1.7227,59,71,0.971282082583087
1.7227,59,72,0.965575121311075
1.7227,59,73,0.960020752586444
1.7227,59,74,0.960020752586444
1.7227,59,75,0.954313791314432
1.7227,59,76,0.948728904080325
1.7227,59,77,0.948728904080325
1.7227,59,78,0.943052461317789
1.7227,59,79,0.943052461317789
1.7227,59,80,0.93191320535905
1.7227,59,81,0.926206244087039
1.7227,59,82,0.920651875362407
1.7227,59,83,0.9150669881283
1.7227,59,84,-0.748741111484115
1.7227,59,85,-0.748741111484115
1.7227,59,86,-0.748741111484115
1.7227,59,87,-0.748741111484115
1.7227,59,88,-0.748741111484115
1.7227,59,89,-0.748741111484115
1.7227,59,90,-0.748741111484115
1.7227,59,91,-0.748741111484115
1.7227,59,92,-0.748741111484115
1.7227,59,93,-0.748741111484115
1.7227,59,94,-0.748741111484115
1.7227,59,95,-0.748741111484115
1.7227,59,96,-0.748741111484115
1.7227,59,97,-0.748741111484115
1.7227,59,98,-0.748741111484115
1.7227,59,99,-0.748741111484115
1.7227,59,100,-0.748741111484115
1.7227,59,101,1
1.7227,59,102,1
1.7227,59,103,1
1.7227,59,104,1
1.7227,59,105,1
1.7227,59,106,1
1.7227,59,107,0.995605334635456
1.7511,60,1,0.989989928891873
1.7511,60,2,0.984313486129337
1.7511,60,3,0.978606524857326
1.7511,60,4,0.978606524857326
1.7511,60,5,0.973052156132694
1.7511,60,6,0.967345194860683
1.7511,60,7,0.961668752098148
1.7511,60,8,0.95608386486404
1.7511,60,9,0.950407422101505
1.7511,60,10,0.944822534867397
1.7511,60,11,0.939115573595386
1.7511,60,12,0.933561204870754
1.7511,60,13,0.927884762108219
1.7511,60,14,0.922269356364635
1.7511,60,15,0.922269356364635
1.7511,60,16,0.916714987640004
1.7511,60,17,0.911038544877468
1.7511,60,18,0.905453657643361
1.7511,60,19,0.899868770409253
1.7511,60,20,0.894314401684622
1.7511,60,21,-0.748771629993591
1.7511,60,22,-0.748771629993591
1.7511,60,23,-0.748771629993591
1.7511,60,24,-0.748771629993591
1.7511,60,25,-0.748771629993591
1.7511,60,26,-0.748771629993591
1.7511,60,27,-0.748771629993591
1.7511,60,28,-0.748771629993591
1.7511,60,29,-0.748771629993591
1.7511,60,30,-0.748771629993591
1.7511,60,31,-0.748771629993591
1.7511,60,32,-0.748771629993591
1.7511,60,33,-0.748771629993591
1.7511,60,34,-0.748771629993591
1.7511,60,35,-0.748771629993591
1.7511,60,36,-0.748771629993591
1.7511,60,37,-0.748771629993591
1.7511,60,38,-0.748771629993591
1.7511,60,39,0.969969786675619
1.7511,60,40,0.964293343913083
1.7511,60,41,0.958616901150548
1.7511,60,42,0.953001495406964
1.7511,60,43,0.947355571153905
1.7511,60,44,0.941679128391369
1.7511,60,45,0.936094241157262
1.7511,60,46,0.930417798394726
1.7511,60,47,0.924802392651143
1.7511,60,48,0.919125949888607
1.7511,60,49,0.919125949888607
1.7511,60,50,0.9135410626545
1.7511,60,51,0.907986693929868
1.7511,60,52,0.902310251167333
1.7511,60,53,0.896725363933226
1.7511,60,54,0.891140476699118
1.7511,60,55,0.885586107974487
1.7511,60,56,0.879909665211951
1.7511,60,57,0.874324777977844
1.7511,60,58,0.868739890743736
1.7511,60,59,0.863185522019105
1.7511,60,60,0.863185522019105
1.7511,60,61,0.857600634784997
1.7511,60,62,0.852046266060366
1.7511,60,63,0.846461378826258
1.7511,60,64,0.840907010101627
1.7511,60,65,0.835444196905423
1.7511,60,66,-0.748741111484115
1.7511,60,67,-0.748741111484115
1.7511,60,68,-0.748741111484115
1.7511,60,69,-0.748741111484115
1.7511,60,70,-0.748741111484115
1.7511,60,71,-0.748741111484115
1.7511,60,72,-0.748741111484115
1.7511,60,73,-0.748741111484115
1.7511,60,74,-0.748741111484115
1.7511,60,75,-0.748741111484115
1.7511,60,76,-0.748741111484115
1.7511,60,77,-1
1.7511,60,78,-1
1.7511,60,79,-1
1.7511,60,80,-1
1.7511,60,81,-1
1.7511,60,82,-1
1.7511,60,83,-1
1.7511,60,84,-1
1.7511,60,85,-1
1.7511,60,86,-1
1.7511,60,87,-1
1.7511,60,88,-1
1.7511,60,89,-1
1.7511,60,90,-1
1.7511,60,91,-1
1.7511,60,92,-1
1.7511,60,93,-1
1.7511,60,94,-1
1.7511,60,95,-1
1.7511,60,96,-1
1.7511,60,97,-1
1.7511,60,98,-1
1.7511,60,99,-1
1.7511,60,100,-1
1.7511,60,101,-1
1.7511,60,102,-1
1.7511,60,103,-1
1.7511,60,104,-1
1.7511,60,105,-1
1.7511,60,106,-1
1.7511,60,107,-1
1.7795,61,1,-1
1.7795,61,2,-1
1.7795,61,3,-1
1.7795,61,4,-1
1.7795,61,5,-1
1.7795,61,6,-1
1.7795,61,7,-1
1.7795,61,8,-1
1.7795,61,9,-1
1.7795,61,10,-1
1.7795,61,11,-1
1.7795,61,12,-1
1.7795,61,13,-1
1.7795,61,14,-1
1.7795,61,15,-1
1.7795,61,16,-1
1.7795,61,17,-1
1.7795,61,18,-1
1.7795,61,19,-1
1.7795,61,20,-1
1.7795,61,21,-1
1.7795,61,22,-1
1.7795,61,23,-1
1.7795,61,24,-1
1.7795,61,25,-1
1.7795,61,26,-1
1.7795,61,27,-1
1.7795,61,28,-1
1.7795,61,29,-1
1.7795,61,30,-1
1.7795,61,31,-1
1.7795,61,32,-1
1.7795,61,33,-1
1.7795,61,34,-1
1.7795,61,35,-1
1.7795,61,36,-1
1.7795,61,37,-1
1.7795,61,38,-1
1.7795,61,39,-1
1.7795,61,40,-1
1.7795,61,41,-1
1.7795,61,42,-1
1.7795,61,43,-1
1.7795,61,44,-1
1.7795,61,45,-1
1.7795,61,46,-1
1.7795,61,47,-1
1.7795,61,48,-1
1.7795,61,49,-1
1.7795,61,50,-1
1.7795,61,51,-1
1.7795,61,52,-1
1.7795,61,53,-1
1.7795,61,54,-1
1.7795,61,55,-1
1.7795,61,56,-1
1.7795,61,57,-1
1.7795,61,58,-1
1.7795,61,59,-1
1.7795,61,60,-1
1.7795,61,61,-1
1.7795,61,62,-1
1.7795,61,63,-1
1.7795,61,64,-1
1.7795,61,65,-1
1.7795,61,66,-1
1.7795,61,67,-1
1.7795,61,68,-1
1.7795,61,69,-1
1.7795,61,70,-1
1.7795,61,71,-1
1.7795,61,72,-1
1.7795,61,73,-1
1.7795,61,74,-1
1.7795,61,75,-1
1.7795,61,76,-1
1.7795,61,77,-1
1.7795,61,78,-1
1.7795,61,79,-1
1.7795,61,80,-1
1.7795,61,81,-1
1.7795,61,82,-1
1.7795,61,83,-1
1.7795,61,84,-1
1.7795,61,85,-1
1.7795,61,86,-1
1.7795,61,87,-1
1.7795,61,88,-1
1.7795,61,89,-1
1.7795,61,90,-1
1.7795,61,91,-1
1.7795,61,92,-1
1.7795,61,93,-1
1.7795,61,94,-1
1.7795,61,95,-1
1.7795,61,96,-1
1.7795,61,97,-1
1.7795,61,98,-1
1.7795,61,99,-1
1.7795,61,100,-1
1.7795,61,101,-1
1.7795,61,102,-1
1.7795,61,103,-1
1.7795,61,104,-1
1.7795,61,105,-1
1.7795,61,106,-1
1.7795,61,107,-1
1.8079,62,1,-1
1.8079,62,2,-1
1.8079,62,3,-1
1.8079,62,4,-1
1.8079,62,5,-1
1.8079,62,6,-1
1.8079,62,7,-1
1.8079,62,8,-1
1.8079,62,9,-1
1.8079,62,10,-1
1.8079,62,11,-1
1.8079,62,12,-1
1.8079,62,13,-1
1.8079,62,14,-1
1.8079,62,15,-1
1.8079,62,16,-1
1.8079,62,17,-1
1.8079,62,18,-1
1.8079,62,19,-1
1.8079,62,20,-1
1.8079,62,21,-1
1.8079,62,22,-1
1.8079,62,23,-1
1.8079,62,24,-1
1.8079,62,25,-1
1.8079,62,26,-1
1.8079,62,27,-1
1.8079,62,28,-1
1.8079,62,29,-1
1.8079,62,30,-1
1.8079,62,31,-1
1.8079,62,32,-1
1.8079,62,33,-1
1.8079,62,34,-1
1.8079,62,35,-1
1.8079,62,36,-1
1.8079,62,37,-1
1.8079,62,38,-1
1.8079,62,39,-1
1.8079,62,40,-1
1.8079,62,41,-1
1.8079,62,42,-1
1.8079,62,43,-1
1.8079,62,44,-1
1.8079,62,45,-1
1.8079,62,46,-1
1.8079,62,47,-1
1.8079,62,48,-1
1.8079,62,49,-1
1.8079,62,50,-1
1.8079,62,51,-1
1.8079,62,52,-1
1.8079,62,53,-1
1.8079,62,54,-1
1.8079,62,55,-1
1.8079,62,56,-1
1.8079,62,57,-1
1.8079,62,58,-1
1.8079,62,59,-1
1.8079,62,60,-1
1.8079,62,61,-1
1.8079,62,62,-1
1.8079,62,63,-1
1.8079,62,64,-1
1.8079,62,65,-1
1.8079,62,66,-1
1.8079,62,67,-1
1.8079,62,68,-1
1.8079,62,69,-1
1.8079,62,70,-1
1.8079,62,71,-1
1.8079,62,72,-1
1.8079,62,73,-1
1.8079,62,74,-1
1.8079,62,75,-1
1.8079,62,76,-1
1.8079,62,77,-1
1.8079,62,78,-1
1.8079,62,79,-1
1.8079,62,80,-1
1.8079,62,81,-1
1.8079,62,82,-1
1.8079,62,83,-1
1.8079,62,84,-1
1.8079,62,85,-1
1.8079,62,86,-1
1.8079,62,87,-1
1.8079,62,88,-1
1.8079,62,89,-1
1.8079,62,90,-1
1.8079,62,91,-1
1.8079,62,92,-1
1.8079,62,93,-1
1.8079,62,94,-1
1.8079,62,95,-1
1.8079,62,96,-1
1.8079,62,97,-1
1.8079,62,98,-1
1.8079,62,99,-1
1.8079,62,100,-1
1.8079,62,101,-1
1.8079,62,102,-1
1.8079,62,103,-1
1.8079,62,104,-1
1.8079,62,105,-1
1.8079,62,106,-1
1.8079,62,107,-1
1.8362,63,1,-1
1.8362,63,2,-1
1.8362,63,3,-1
1.8362,63,4,-1
1.8362,63,5,-1
1.8362,63,6,-1
1.8362,63,7,-1
1.8362,63,8,-1
1.8362,63,9,-1
1.8362,63,10,-1
1.8362,63,11,-1
1.8362,63,12,-1
1.8362,63,13,-1
1.8362,63,14,-1
1.8362,63,15,-1
1.8362,63,16,-1
1.8362,63,17,-1
1.8362,63,18,-1
1.8362,63,19,-1
1.8362,63,20,-1
1.8362,63,21,-1
1.8362,63,22,-1
1.8362,63,23,-1
1.8362,63,24,-1
1.8362,63,25,-1
1.8362,63,26,-1
1.8362,63,27,-1
1.8362,63,28,-1
1.8362,63,29,-1
1.8362,63,30,-1
1.8362,63,31,-1
1.8362,63,32,-1
1.8362,63,33,-1
1.8362,63,34,-1
1.8362,63,35,-1
1.8362,63,36,-1
1.8362,63,37,-1
1.8362,63,38,-1
1.8362,63,39,-1
1.8362,63,40,-1
1.8362,63,41,-1
1.8362,63,42,-1
1.8362,63,43,-1
1.8362,63,44,-1
1.8362,63,45,-1
1.8362,63,46,-1
1.8362,63,47,-1
1.8362,63,48,-1
1.8362,63,49,-1
1.8362,63,50,-1
1.8362,63,51,-1
1.8362,63,52,-1
1.8362,63,53,-1
1.8362,63,54,-1
1.8362,63,55,-1
1.8362,63,56,-1
1.8362,63,57,-1
1.8362,63,58,-1
1.8362,63,59,-1
1.8362,63,60,-1
1.8362,63,61,-1
1.8362,63,62,-1
1.8362,63,63,-1
1.8362,63,64,-1
1.8362,63,65,-1
1.8362,63,66,-1
1.8362,63,67,-1
1.8362,63,68,-1
1.8362,63,69,-1
1.8362,63,70,-1
1.8362,63,71,-1
1.8362,63,72,-1
1.8362,63,73,-1
1.8362,63,74,-1
1.8362,63,75,-1
1.8362,63,76,-1
1.8362,63,77,-1
1.8362,63,78,-1
1.8362,63,79,-1
1.8362,63,80,-1
1.8362,63,81,-1
1.8362,63,82,-1
1.8362,63,83,-1
1.8362,63,84,-1
1.8362,63,85,-1
1.8362,63,86,-1
1.8362,63,87,-1
1.8362,63,88,-1
1.8362,63,89,-1
1.8362,63,90,-1
1.8362,63,91,-1
1.8362,63,92,-1
1.8362,63,93,-1
1.8362,63,94,-1
1.8362,63,95,-1
1.8362,63,96,-1
1.8362,63,97,-1
1.8362,63,98,-1
1.8362,63,99,-1
1.8362,63,100,-1
1.8362,63,101,-1
1.8362,63,102,-1
1.8362,63,103,-1
1.8362,63,104,-1
1.8362,63,105,-1
1.8362,63,106,-1
1.8362,63,107,-1
1.8646,64,1,-1
1.8646,64,2,-1
1.8646,64,3,-1
1.8646,64,4,-1
1.8646,64,5,-1
1.8646,64,6,-1
1.8646,64,7,-1
1.8646,64,8,-1
1.8646,64,9,-1
1.8646,64,10,-1
1.8646,64,11,-1
1.8646,64,12,-1
1.8646,64,13,-1
1.8646,64,14,-1
1.8646,64,15,-1
1.8646,64,16,-1
1.8646,64,17,-1
1.8646,64,18,-1
1.8646,64,19,-1
1.8646,64,20,-1
1.8646,64,21,-1
1.8646,64,22,-1
1.8646,64,23,-1
1.8646,64,24,-1
1.8646,64,25,-1
1.8646,64,26,-1
1.8646,64,27,-1
1.8646,64,28,-1
1.8646,64,29,-1
1.8646,64,30,-1
1.8646,64,31,-1
1.8646,64,32,-1
1.8646,64,33,-1
1.8646,64,34,-1
1.8646,64,35,-1
1.8646,64,36,-1
1.8646,64,37,-1
1.8646,64,38,-1
1.8646,64,39,-1
1.8646,64,40,-1
1.8646,64,41,-1
1.8646,64,42,-1
1.8646,64,43,-1
1.8646,64,44,-1
1.8646,64,45,-1
1.8646,64,46,-1
1.8646,64,47,-1
1.8646,64,48,-1
1.8646,64,49,-1
1.8646,64,50,-1
1.8646,64,51,-1
1.8646,64,52,-1
1.8646,64,53,-1
1.8646,64,54,-1
1.8646,64,55,-1
1.8646,64,56,-1
1.8646,64,57,-1
1.8646,64,58,-1
1.8646,64,59,-1
1.8646,64,60,-1
1.8646,64,61,-1
1.8646,64,62,-1
1.8646,64,63,-1
1.8646,64,64,-1
1.8646,64,65,-1
1.8646,64,66,-1
1.8646,64,67,-1
1.8646,64,68,-1
1.8646,64,69,-1
1.8646,64,70,-1
1.8646,64,71,-1
1.8646,64,72,-1
1.8646,64,73,-1
1.8646,64,74,-1
1.8646,64,75,-1
1.8646,64,76,-1
1.8646,64,77,-1
1.8646,64,78,-1
1.8646,64,79,-1
1.8646,64,80,-1
1.8646,64,81,-1
1.8646,64,82,-1
1.8646,64,83,-1
1.8646,64,84,-1
1.8646,64,85,-1
1.8646,64,86,-1
1.8646,64,87,-1
1.8646,64,88,-1
1.8646,64,89,-1
1.8646,64,90,-1
1.8646,64,91,-1
1.8646,64,92,-1
1.8646,64,93,-1
1.8646,64,94,-1
1.8646,64,95,-1
1.8646,64,96,-1
1.8646,64,97,-1
1.8646,64,98,-1
1.8646,64,99,-1
1.8646,64,100,-1
1.8646,64,101,-1
1.8646,64,102,-1
1.8646,64,103,-1
1.8646,64,104,-1
1.8646,64,105,-1
1.8646,64,106,-1
1.8646,64,107,-1
1.893,65,1,-1
1.893,65,2,-1
1.893,65,3,-1
1.893,65,4,-1
1.893,65,5,-1
1.893,65,6,-1
1.893,65,7,-1
1.893,65,8,-1
1.893,65,9,-1
1.893,65,10,-1
1.893,65,11,-1
1.893,65,12,-1
1.893,65,13,-1
1.893,65,14,-1
1.893,65,15,-1
1.893,65,16,-1
1.893,65,17,-1
1.893,65,18,-1
1.893,65,19,-1
1.893,65,20,-1
1.893,65,21,-1
1.893,65,22,-1
1.893,65,23,-1
1.893,65,24,-1
1.893,65,25,-1
1.893,65,26,-1
1.893,65,27,-1
1.893,65,28,-1
1.893,65,29,-1
1.893,65,30,-1
1.893,65,31,-1
1.893,65,32,-1
1.893,65,33,-1
1.893,65,34,-1
1.893,65,35,-1
1.893,65,36,-1
1.893,65,37,-1
1.893,65,38,-1
1.893,65,39,-1
1.893,65,40,-1
1.893,65,41,-1
1.893,65,42,-1
1.893,65,43,-1
1.893,65,44,-1
1.893,65,45,-1
1.893,65,46,-1
1.893,65,47,-1
1.893,65,48,-1
1.893,65,49,-1
1.893,65,50,-1
1.893,65,51,-1
1.893,65,52,-1
1.893,65,53,-1
1.893,65,54,-1
1.893,65,55,-1
1.893,65,56,-1
1.893,65,57,-1
1.893,65,58,-1
1.893,65,59,-1
1.893,65,60,-1
1.893,65,61,-1
1.893,65,62,-1
1.893,65,63,-1
1.893,65,64,-1
1.893,65,65,-1
1.893,65,66,-1
1.893,65,67,-1
1.893,65,68,-1
1.893,65,69,-1
1.893,65,70,-1
1.893,65,71,-1
1.893,65,72,-1
1.893,65,73,-1
1.893,65,74,-1
1.893,65,75,-1
1.893,65,76,-1
1.893,65,77,-1
1.893,65,78,-1
1.893,65,79,-1
1.893,65,80,-1
1.893,65,81,-1
1.893,65,82,-1
1.893,65,83,-1
1.893,65,84,-1
1.893,65,85,-1
1.893,65,86,-1
1.893,65,87,-1
1.893,65,88,-1
1.893,65,89,-1
1.893,65,90,-1
1.893,65,91,-1
1.893,65,92,-1
1.893,65,93,-1
1.893,65,94,-1
1.893,65,95,-1
1.893,65,96,-1
1.893,65,97,-1
1.893,65,98,-1
1.893,65,99,-1
1.893,65,100,-1
1.893,65,101,-1
1.893,65,102,-1
1.893,65,103,-1
1.893,65,104,-1
1.893,65,105,-1
1.893,65,106,-1
1.893,65,107,-1
1.9214,66,1,-1
1.9214,66,2,-1
1.9214,66,3,-1
1.9214,66,4,-1
1.9214,66,5,-1
1.9214,66,6,-1
1.9214,66,7,-1
1.9214,66,8,-1
1.9214,66,9,-1
1.9214,66,10,-1
1.9214,66,11,-1
1.9214,66,12,-1
1.9214,66,13,-1
1.9214,66,14,-1
1.9214,66,15,-1
1.9214,66,16,-1
1.9214,66,17,-1
1.9214,66,18,-1
1.9214,66,19,-1
1.9214,66,20,-1
1.9214,66,21,-1
1.9214,66,22,-1
1.9214,66,23,-1
1.9214,66,24,-1
1.9214,66,25,-1
1.9214,66,26,-1
1.9214,66,27,-1
1.9214,66,28,-1
1.9214,66,29,-1
1.9214,66,30,-1
1.9214,66,31,-1
1.9214,66,32,-1
1.9214,66,33,-1
1.9214,66,34,-1
1.9214,66,35,-1
1.9214,66,36,-1
1.9214,66,37,-1
1.9214,66,38,-1
1.9214,66,39,-1
1.9214,66,40,-1
1.9214,66,41,-1
1.9214,66,42,-1
1.9214,66,43,-1
1.9214,66,44,-1
1.9214,66,45,-1
1.9214,66,46,-1
1.9214,66,47,-1
1.9214,66,48,-1
1.9214,66,49,-1
1.9214,66,50,-1
1.9214,66,51,-1
1.9214,66,52,-1
1.9214,66,53,-1
1.9214,66,54,-1
1.9214,66,55,-1
1.9214,66,56,-1
1.9214,66,57,-1
1.9214,66,58,-1
1.9214,66,59,-1
1.9214,66,60,-1
1.9214,66,61,-1
1.9214,66,62,-1
1.9214,66,63,-1
1.9214,66,64,-1
1.9214,66,65,-1
1.9214,66,66,-1
1.9214,66,67,-1
1.9214,66,68,-1
1.9214,66,69,-1
1.9214,66,70,-1
1.9214,66,71,-1
1.9214,66,72,-1
1.9214,66,73,-1
1.9214,66,74,-1
1.9214,66,75,-1
1.9214,66,76,-1
1.9214,66,77,-1
1.9214,66,78,-1
1.9214,66,79,-1
1.9214,66,80,-1
1.9214,66,81,-1
1.9214,66,82,-1
1.9214,66,83,-1
1.9214,66,84,-1
1.9214,66,85,-1
1.9214,66,86,-1
1.9214,66,87,-1
1.9214,66,88,-1
1.9214,66,89,-1
1.9214,66,90,-1
1.9214,66,91,-1
1.9214,66,92,-1
1.9214,66,93,-1
1.9214,66,94,-1
1.9214,66,95,-1
1.9214,66,96,-1
1.9214,66,97,-1
1.9214,66,98,-1
1.9214,66,99,-1
1.9214,66,100,-1
1.9214,66,101,-1
1.9214,66,102,-1
1.9214,66,103,-1
1.9214,66,104,-1
1.9214,66,105,-1
1.9214,66,106,-1
1.9214,66,107,-1
1.9497,67,1,-1
1.9497,67,2,-1
1.9497,67,3,-1
1.9497,67,4,-1
1.9497,67,5,-1
1.9497,67,6,-1
1.9497,67,7,-1
1.9497,67,8,-1
1.9497,67,9,-1
1.9497,67,10,-1
1.9497,67,11,-1
1.9497,67,12,-1
1.9497,67,13,-1
1.9497,67,14,-1
1.9497,67,15,-1
1.9497,67,16,-1
1.9497,67,17,-1
1.9497,67,18,-1
1.9497,67,19,-1
1.9497,67,20,-1
1.9497,67,21,-1
1.9497,67,22,-1
1.9497,67,23,-1
1.9497,67,24,-1
1.9497,67,25,-1
1.9497,67,26,-1
1.9497,67,27,-1
1.9497,67,28,-1
1.9497,67,29,-1
1.9497,67,30,-1
1.9497,67,31,-1
1.9497,67,32,-1
1.9497,67,33,-1
1.9497,67,34,-1
1.9497,67,35,-1
1.9497,67,36,-1
1.9497,67,37,-1
1.9497,67,38,-1
1.9497,67,39,-1
1.9497,67,40,-1
1.9497,67,41,-1
1.9497,67,42,-1
1.9497,67,43,-1
1.9497,67,44,-1
1.9497,67,45,-1
1.9497,67,46,-1
1.9497,67,47,-1
1.9497,67,48,-1
1.9497,67,49,-1
1.9497,67,50,-1
1.9497,67,51,-1
1.9497,67,52,-1
1.9497,67,53,-1
1.9497,67,54,-1
1.9497,67,55,-1
1.9497,67,56,-1
1.9497,67,57,-1
1.9497,67,58,-1
1.9497,67,59,-1
1.9497,67,60,-1
1.9497,67,61,-1
1.9497,67,62,-1
1.9497,67,63,-1
1.9497,67,64,-1
1.9497,67,65,-1
1.9497,67,66,-1
1.9497,67,67,-1
1.9497,67,68,-1
1.9497,67,69,-1
1.9497,67,70,-1
1.9497,67,71,-1
1.9497,67,72,-1
1.9497,67,73,-1
1.9497,67,74,-1
1.9497,67,75,-1
1.9497,67,76,-1
1.9497,67,77,-1
1.9497,67,78,-1
1.9497,67,79,-1
1.9497,67,80,-1
1.9497,67,81,-1
1.9497,67,82,-1
1.9497,67,83,-1
1.9497,67,84,-1
1.9497,67,85,-1
1.9497,67,86,-1
1.9497,67,87,-1
1.9497,67,88,-1
1.9497,67,89,-1
1.9497,67,90,-1
1.9497,67,91,-1
1.9497,67,92,-1
1.9497,67,93,-1
1.9497,67,94,-1
1.9497,67,95,-1
1.9497,67,96,-1
1.9497,67,97,-1
1.9497,67,98,-1
1.9497,67,99,-1
1.9497,67,100,-1
1.9497,67,101,-1
1.9497,67,102,-1
1.9497,67,103,-1
1.9497,67,104,-1
1.9497,67,105,-1
1.9497,67,106,-1
1.9497,67,107,-1
1.9781,68,1,-1
1.9781,68,2,-1
1.9781,68,3,-1
1.9781,68,4,-1
1.9781,68,5,-1
1.9781,68,6,-1
1.9781,68,7,-1
1.9781,68,8,-1
1.9781,68,9,-1
1.9781,68,10,-1
1.9781,68,11,-1
1.9781,68,12,-1
1.9781,68,13,-1
1.9781,68,14,-1
1.9781,68,15,-1
1.9781,68,16,-1
1.9781,68,17,-1
1.9781,68,18,-1
1.9781,68,19,-1
1.9781,68,20,-1
1.9781,68,21,-1
1.9781,68,22,-1
1.9781,68,23,-1
1.9781,68,24,-1
1.9781,68,25,-1
1.9781,68,26,-1
1.9781,68,27,-1
1.9781,68,28,-1
1.9781,68,29,-1
1.9781,68,30,-1
1.9781,68,31,-1
1.9781,68,32,-1
1.9781,68,33,-1
1.9781,68,34,-1
1.9781,68,35,-1
1.9781,68,36,-1
1.9781,68,37,-1
1.9781,68,38,-1
1.9781,68,39,-1
1.9781,68,40,-1
1.9781,68,41,-1
1.9781,68,42,-1
1.9781,68,43,-1
1.9781,68,44,-1
1.9781,68,45,-1
1.9781,68,46,-1
1.9781,68,47,-1
1.9781,68,48,-1
1.9781,68,49,-1
1.9781,68,50,-1
1.9781,68,51,-1
1.9781,68,52,-1
1.9781,68,53,-1
1.9781,68,54,-1
1.9781,68,55,-1
1.9781,68,56,-1
1.9781,68,57,-1
1.9781,68,58,-1
1.9781,68,59,-1
1.9781,68,60,-1
1.9781,68,61,-1
1.9781,68,62,-1
1.9781,68,63,-1
1.9781,68,64,-1
1.9781,68,65,-1
1.9781,68,66,-1
1.9781,68,67,-1
1.9781,68,68,-1
1.9781,68,69,-1
1.9781,68,70,-1
1.9781,68,71,-1
1.9781,68,72,-1
1.9781,68,73,-1
1.9781,68,74,-1
1.9781,68,75,-1
1.9781,68,76,-1
1.9781,68,77,-1
1.9781,68,78,-1
1.9781,68,79,-1
1.9781,68,80,-1
1.9781,68,81,-1
1.9781,68,82,-1
1.9781,68,83,-1
1.9781,68,84,-1
1.9781,68,85,-1
1.9781,68,86,-1
1.9781,68,87,-1
1.9781,68,88,-1
1.9781,68,89,-1
1.9781,68,90,-1
1.9781,68,91,-1
1.9781,68,92,-1
1.9781,68,93,-1
1.9781,68,94,-1
1.9781,68,95,-1
1.9781,68,96,-1
1.9781,68,97,-1
1.9781,68,98,-1
1.9781,68,99,-1
1.9781,68,100,-1
1.9781,68,101,-1
1.9781,68,102,-1
1.9781,68,103,-1
1.9781,68,104,-1
1.9781,68,105,-1
1.9781,68,106,-1
1.9781,68,107,-1
2.0065,69,1,-1
2.0065,69,2,-1
2.0065,69,3,-1
2.0065,69,4,-1
2.0065,69,5,-1
2.0065,69,6,-1
2.0065,69,7,-1
2.0065,69,8,-1
2.0065,69,9,-1
2.0065,69,10,-1
2.0065,69,11,-1
2.0065,69,12,-1
2.0065,69,13,-1
2.0065,69,14,-1
2.0065,69,15,-1
2.0065,69,16,-1
2.0065,69,17,-1
2.0065,69,18,-1
2.0065,69,19,1
2.0065,69,20,1
2.0065,69,21,1
2.0065,69,22,-1
2.0065,69,23,-1
2.0065,69,24,-1
2.0065,69,25,-1
2.0065,69,26,-1
2.0065,69,27,-1
2.0065,69,28,-1
2.0065,69,29,-1
2.0065,69,30,-1
2.0065,69,31,-1
2.0065,69,32,-1
2.0065,69,33,-1
2.0065,69,34,-1
2.0065,69,35,-1
2.0065,69,36,-1
2.0065,69,37,-1
2.0065,69,38,-1
2.0065,69,39,-1
2.0065,69,40,-1
2.0065,69,41,-1
2.0065,69,42,-1
2.0065,69,43,-1
2.0065,69,44,-1
2.0065,69,45,-1
2.0065,69,46,-1
2.0065,69,47,-1
2.0065,69,48,-1
2.0065,69,49,-1
2.0065,69,50,-1
2.0065,69,51,-1
2.0065,69,52,-1
2.0065,69,53,-1
2.0065,69,54,-1
2.0065,69,55,-1
2.0065,69,56,-1
2.0065,69,57,-1
2.0065,69,58,-1
2.0065,69,59,-1
2.0065,69,60,-1
2.0065,69,61,-1
2.0065,69,62,-1
2.0065,69,63,-1
2.0065,69,64,-1
2.0065,69,65,-1
2.0065,69,66,-1
2.0065,69,67,-1
2.0065,69,68,-1
2.0065,69,69,-1
2.0065,69,70,-1
2.0065,69,71,-1
2.0065,69,72,-1
2.0065,69,73,-1
2.0065,69,74,-1
2.0065,69,75,-1
2.0065,69,76,-1
2.0065,69,77,-1
2.0065,69,78,-1
2.0065,69,79,-1
2.0065,69,80,-1
2.0065,69,81,-1
2.0065,69,82,-1
2.0065,69,83,-1
2.0065,69,84,-1
2.0065,69,85,-1
2.0065,69,86,-1
2.0065,69,87,-1
2.0065,69,88,-1
2.0065,69,89,-1
2.0065,69,90,-1
2.0065,69,91,-1
2.0065,69,92,-1
2.0065,69,93,-1
2.0065,69,94,-1
2.0065,69,95,-1
2.0065,69,96,-1
2.0065,69,97,-1
2.0065,69,98,-1
2.0065,69,99,-1
2.0065,69,100,-1
2.0065,69,101,-1
2.0065,69,102,-1
2.0065,69,103,-1
2.0065,69,104,-1
2.0065,69,105,-1
2.0065,69,106,-1
2.0065,69,107,-1
2.0349,70,1,-1
2.0349,70,2,-1
2.0349,70,3,-1
2.0349,70,4,-1
2.0349,70,5,-1
2.0349,70,6,-1
2.0349,70,7,-1
2.0349,70,8,-1
2.0349,70,9,-1
2.0349,70,10,-1
2.0349,70,11,-1
2.0349,70,12,-1
2.0349,70,13,-1
2.0349,70,14,-1
2.0349,70,15,-1
2.0349,70,16,-1
2.0349,70,17,-1
2.0349,70,18,-1
2.0349,70,19,-1
2.0349,70,20,-1
2.0349,70,21,-1
2.0349,70,22,-1
2.0349,70,23,-1
2.0349,70,24,-1
2.0349,70,25,-1
2.0349,70,26,-1
2.0349,70,27,-1
2.0349,70,28,-1
2.0349,70,29,-1
2.0349,70,30,-1
2.0349,70,31,-1
2.0349,70,32,-1
2.0349,70,33,-1
2.0349,70,34,-1
2.0349,70,35,-1
2.0349,70,36,-1
2.0349,70,37,-1
2.0349,70,38,-1
2.0349,70,39,-1
2.0349,70,40,-1
2.0349,70,41,-1
2.0349,70,42,-1
2.0349,70,43,-1
2.0349,70,44,-1
2.0349,70,45,-1
2.0349,70,46,-1
2.0349,70,47,-1
2.0349,70,48,-1
2.0349,70,49,-1
2.0349,70,50,-1
2.0349,70,51,-1
2.0349,70,52,-1
2.0349,70,53,-1
2.0349,70,54,-1
2.0349,70,55,-1
2.0349,70,56,-1
2.0349,70,57,-1
2.0349,70,58,-1
2.0349,70,59,-1
2.0349,70,60,-1
2.0349,70,61,-1
2.0349,70,62,-1
2.0349,70,63,-1
2.0349,70,64,-1
2.0349,70,65,-1
2.0349,70,66,-1
2.0349,70,67,-1
2.0349,70,68,-1
2.0349,70,69,-1
2.0349,70,70,-1
2.0349,70,71,-1
2.0349,70,72,-1
2.0349,70,73,-1
2.0349,70,74,-1
2.0349,70,75,-1
2.0349,70,76,-1
2.0349,70,77,-1
2.0349,70,78,-1
2.0349,70,79,-1
2.0349,70,80,-1
2.0349,70,81,-1
2.0349,70,82,-1
2.0349,70,83,-1
2.0349,70,84,-1
2.0349,70,85,-1
2.0349,70,86,-1
2.0349,70,87,-1
2.0349,70,88,-1
2.0349,70,89,-1
2.0349,70,90,-1
2.0349,70,91,-1
2.0349,70,92,-1
2.0349,70,93,-1
2.0349,70,94,-1
2.0349,70,95,-1
2.0349,70,96,-1
2.0349,70,97,-1
2.0349,70,98,-1
2.0349,70,99,-1
2.0349,70,100,-1
2.0349,70,101,-1
2.0349,70,102,-1
2.0349,70,103,-1
2.0349,70,104,-1
2.0349,70,105,-1
2.0349,70,106,-1
2.0349,70,107,-1
2.0632,71,1,-1
2.0632,71,2,-1
2.0632,71,3,-1
2.0632,71,4,-1
2.0632,71,5,-1
2.0632,71,6,-1
2.0632,71,7,-1
2.0632,71,8,-1
2.0632,71,9,-1
2.0632,71,10,-1
2.0632,71,11,-1
2.0632,71,12,-1
2.0632,71,13,-1
2.0632,71,14,-1
2.0632,71,15,-1
2.0632,71,16,-1
2.0632,71,17,-1
2.0632,71,18,-1
2.0632,71,19,-1
2.0632,71,20,-1
2.0632,71,21,-1
2.0632,71,22,-1
2.0632,71,23,-1
2.0632,71,24,-1
2.0632,71,25,-1
2.0632,71,26,-1
2.0632,71,27,-1
2.0632,71,28,-1
2.0632,71,29,-1
2.0632,71,30,-1
2.0632,71,31,-1
2.0632,71,32,-1
2.0632,71,33,-1
2.0632,71,34,-1
2.0632,71,35,-1
2.0632,71,36,-1
2.0632,71,37,-1
2.0632,71,38,-1
2.0632,71,39,-1
2.0632,71,40,-1
2.0632,71,41,-1
2.0632,71,42,-1
2.0632,71,43,-1
2.0632,71,44,-1
2.0632,71,45,-1
2.0632,71,46,-1
2.0632,71,47,-1
2.0632,71,48,-1
2.0632,71,49,-1
2.0632,71,50,-1
2.0632,71,51,-1
2.0632,71,52,-1
2.0632,71,53,-1
2.0632,71,54,-1
2.0632,71,55,-1
2.0632,71,56,-1
2.0632,71,57,-1
2.0632,71,58,-1
2.0632,71,59,-1
2.0632,71,60,-1
2.0632,71,61,-1
2.0632,71,62,-1
2.0632,71,63,-1
2.0632,71,64,-1
2.0632,71,65,-1
2.0632,71,66,-1
2.0632,71,67,-1
2.0632,71,68,-1
2.0632,71,69,-1
2.0632,71,70,-1
2.0632,71,71,-1
2.0632,71,72,-1
2.0632,71,73,-1
2.0632,71,74,-1
2.0632,71,75,-1
2.0632,71,76,-1
2.0632,71,77,-1
2.0632,71,78,-1
2.0632,71,79,-1
2.0632,71,80,-1
2.0632,71,81,-1
2.0632,71,82,-1
2.0632,71,83,-1
2.0632,71,84,-1
2.0632,71,85,-1
2.0632,71,86,-1
2.0632,71,87,-1
2.0632,71,88,-1
2.0632,71,89,-1
2.0632,71,90,-1
2.0632,71,91,-1
2.0632,71,92,-1
2.0632,71,93,-1
2.0632,71,94,-1
2.0632,71,95,-1
2.0632,71,96,-1
2.0632,71,97,-1
2.0632,71,98,-1
2.0632,71,99,-1
2.0632,71,100,-1
2.0632,71,101,-1
2.0632,71,102,-1
2.0632,71,103,-1
2.0632,71,104,-1
2.0632,71,105,-1
2.0632,71,106,-1
2.0632,71,107,-1
2.0916,72,1,-1
2.0916,72,2,-1
2.0916,72,3,-1
2.0916,72,4,-1
2.0916,72,5,-1
2.0916,72,6,-1
2.0916,72,7,-1
2.0916,72,8,-1
2.0916,72,9,-1
2.0916,72,10,-1
2.0916,72,11,-1
2.0916,72,12,-1
2.0916,72,13,-1
2.0916,72,14,-1
2.0916,72,15,-1
2.0916,72,16,-1
2.0916,72,17,-1
2.0916,72,18,-1
2.0916,72,19,-1
2.0916,72,20,-1
2.0916,72,21,-1
2.0916,72,22,-1
2.0916,72,23,-1
2.0916,72,24,-1
2.0916,72,25,-1
2.0916,72,26,-1
2.0916,72,27,-1
2.0916,72,28,-1
2.0916,72,29,-1
2.0916,72,30,-1
2.0916,72,31,-1
2.0916,72,32,-1
2.0916,72,33,-1
2.0916,72,34,-1
2.0916,72,35,-1
2.0916,72,36,-1
2.0916,72,37,-1
2.0916,72,38,-1
2.0916,72,39,-1
2.0916,72,40,-1
2.0916,72,41,-1
2.0916,72,42,-1
2.0916,72,43,-1
2.0916,72,44,-1
2.0916,72,45,-1
2.0916,72,46,-1
2.0916,72,47,-1
2.0916,72,48,-1
2.0916,72,49,-1
2.0916,72,50,-1
2.0916,72,51,-1
2.0916,72,52,-1
2.0916,72,53,-1
2.0916,72,54,-1
2.0916,72,55,-1
2.0916,72,56,-1
2.0916,72,57,-1
2.0916,72,58,-1
2.0916,72,59,-1
2.0916,72,60,-1
2.0916,72,61,-1
2.0916,72,62,-1
2.0916,72,63,-1
2.0916,72,64,-1
2.0916,72,65,-1
2.0916,72,66,-1
2.0916,72,67,-1
2.0916,72,68,-1
2.0916,72,69,-1
2.0916,72,70,-1
2.0916,72,71,-1
2.0916,72,72,-1
2.0916,72,73,-1
2.0916,72,74,-1
2.0916,72,75,-1
2.0916,72,76,-1
2.0916,72,77,-1
2.0916,72,78,-1
2.0916,72,79,-1
2.0916,72,80,-1
2.0916,72,81,-1
2.0916,72,82,-1
2.0916,72,83,-1
2.0916,72,84,-1
2.0916,72,85,-1
2.0916,72,86,-1
2.0916,72,87,-1
2.0916,72,88,-1
2.0916,72,89,-1
2.0916,72,90,-1
2.0916,72,91,-1
2.0916,72,92,-1
2.0916,72,93,-1
2.0916,72,94,-1
2.0916,72,95,-1
2.0916,72,96,-1
2.0916,72,97,-1
2.0916,72,98,-1
2.0916,72,99,-1
2.0916,72,100,-1
2.0916,72,101,-1
2.0916,72,102,-1
2.0916,72,103,-1
2.0916,72,104,-1
2.0916,72,105,-1
2.0916,72,106,-1
2.0916,72,107,-1
2.12,73,1,-1
2.12,73,2,-1
2.12,73,3,-1
2.12,73,4,-1
2.12,73,5,-1
2.12,73,6,-1
2.12,73,7,-1
2.12,73,8,-1
2.12,73,9,-1
2.12,73,10,-1
2.12,73,11,-1
2.12,73,12,-1
2.12,73,13,-1
2.12,73,14,-1
2.12,73,15,-1
2.12,73,16,-1
2.12,73,17,-1
2.12,73,18,-1
2.12,73,19,-1
2.12,73,20,-1
2.12,73,21,-1
2.12,73,22,-1
2.12,73,23,-1
2.12,73,24,-1
2.12,73,25,-1
2.12,73,26,-1
2.12,73,27,-1
2.12,73,28,-1
2.12,73,29,-1
2.12,73,30,-1
2.12,73,31,-1
2.12,73,32,-1
2.12,73,33,-1
2.12,73,34,-1
2.12,73,35,-1
2.12,73,36,-1
2.12,73,37,-1
2.12,73,38,-1
2.12,73,39,-1
2.12,73,40,-1
2.12,73,41,-1
2.12,73,42,-1
2.12,73,43,-1
2.12,73,44,-1
2.12,73,45,-1
2.12,73,46,-1
2.12,73,47,-1
2.12,73,48,-1
2.12,73,49,-1
2.12,73,50,-1
2.12,73,51,-1
2.12,73,52,-1
2.12,73,53,-1
2.12,73,54,-1
2.12,73,55,-1
2.12,73,56,-1
2.12,73,57,-1
2.12,73,58,-1
2.12,73,59,-1
2.12,73,60,-1
2.12,73,61,-1
2.12,73,62,-1
2.12,73,63,-1
2.12,73,64,-1
2.12,73,65,-1
2.12,73,66,-1
2.12,73,67,-1
2.12,73,68,-1
2.12,73,69,-1
2.12,73,70,-1
2.12,73,71,-1
2.12,73,72,-1
2.12,73,73,-1
2.12,73,74,-1
2.12,73,75,-1
2.12,73,76,-1
2.12,73,77,-1
2.12,73,78,-1
2.12,73,79,-1
2.12,73,80,-1
2.12,73,81,-1
2.12,73,82,-1
2.12,73,83,-1
2.12,73,84,-1
2.12,73,85,-1
2.12,73,86,-1
2.12,73,87,-1
2.12,73,88,-1
2.12,73,89,-1
2.12,73,90,-1
2.12,73,91,-1
2.12,73,92,-1
2.12,73,93,-1
2.12,73,94,-1
2.12,73,95,-1
2.12,73,96,-1
2.12,73,97,-1
2.12,73,98,-1
2.12,73,99,-1
2.12,73,100,-1
2.12,73,101,-1
2.12,73,102,-1
2.12,73,103,-1
2.12,73,104,-1
2.12,73,105,-1
2.12,73,106,-1
2.12,73,107,-1
2.1484,74,1,-1
2.1484,74,2,-1
2.1484,74,3,-1
2.1484,74,4,-1
2.1484,74,5,-1
2.1484,74,6,-1
2.1484,74,7,-1
2.1484,74,8,-1
2.1484,74,9,-1
2.1484,74,10,-1
2.1484,74,11,-1
2.1484,74,12,-1
2.1484,74,13,-1
2.1484,74,14,-1
2.1484,74,15,-1
2.1484,74,16,-1
2.1484,74,17,-1
2.1484,74,18,-1
2.1484,74,19,-1
2.1484,74,20,-1
2.1484,74,21,-1
2.1484,74,22,-1
2.1484,74,23,-1
2.1484,74,24,-1
2.1484,74,25,-1
2.1484,74,26,-1
2.1484,74,27,-1
2.1484,74,28,-1
2.1484,74,29,-1
2.1484,74,30,-1
2.1484,74,31,-1
2.1484,74,32,-1
2.1484,74,33,-1
2.1484,74,34,-1
2.1484,74,35,-1
2.1484,74,36,-1
2.1484,74,37,-1
2.1484,74,38,-1
2.1484,74,39,-1
2.1484,74,40,-1
2.1484,74,41,-1
2.1484,74,42,-1
2.1484,74,43,-1
2.1484,74,44,-1
2.1484,74,45,-1
2.1484,74,46,-1
2.1484,74,47,-1
2.1484,74,48,-1
2.1484,74,49,-1
2.1484,74,50,-1
2.1484,74,51,-1
2.1484,74,52,-1
2.1484,74,53,-1
2.1484,74,54,-1
2.1484,74,55,-1
2.1484,74,56,-1
2.1484,74,57,-1
2.1484,74,58,-1
2.1484,74,59,-1
2.1484,74,60,-1
2.1484,74,61,-1
2.1484,74,62,-1
2.1484,74,63,-1
2.1484,74,64,-1
2.1484,74,65,-1
2.1484,74,66,-1
2.1484,74,67,-1
2.1484,74,68,-1
2.1484,74,69,-1
2.1484,74,70,-1
2.1484,74,71,-1
2.1484,74,72,-1
2.1484,74,73,-1
2.1484,74,74,-1
2.1484,74,75,-1
2.1484,74,76,-1
2.1484,74,77,-1
2.1484,74,78,-1
2.1484,74,79,-1
2.1484,74,80,-1
2.1484,74,81,-1
2.1484,74,82,-1
2.1484,74,83,-1
2.1484,74,84,-1
2.1484,74,85,-1
2.1484,74,86,-1
2.1484,74,87,-1
2.1484,74,88,-1
2.1484,74,89,-1
2.1484,74,90,-1
2.1484,74,91,-1
2.1484,74,92,-1
2.1484,74,93,-1
2.1484,74,94,-1
2.1484,74,95,-1
2.1484,74,96,-1
2.1484,74,97,-1
2.1484,74,98,-1
2.1484,74,99,-1
2.1484,74,100,-1
2.1484,74,101,-1
2.1484,74,102,-1
2.1484,74,103,-1
2.1484,74,104,-1
2.1484,74,105,-1
2.1484,74,106,-1
2.1484,74,107,-1
2.1767,75,1,-1
2.1767,75,2,-1
2.1767,75,3,-1
2.1767,75,4,-1
2.1767,75,5,-1
2.1767,75,6,-1
2.1767,75,7,-1
2.1767,75,8,-1
2.1767,75,9,-1
2.1767,75,10,-1
2.1767,75,11,-1
2.1767,75,12,-1
2.1767,75,13,-1
2.1767,75,14,-1
2.1767,75,15,-1
2.1767,75,16,-1
2.1767,75,17,-1
2.1767,75,18,-1
2.1767,75,19,-1
2.1767,75,20,-1
2.1767,75,21,-1
2.1767,75,22,-1
2.1767,75,23,-1
2.1767,75,24,-1
2.1767,75,25,-1
2.1767,75,26,-1
2.1767,75,27,-1
2.1767,75,28,-1
2.1767,75,29,-1
2.1767,75,30,-1
2.1767,75,31,-1
2.1767,75,32,-1
2.1767,75,33,-1
2.1767,75,34,-1
2.1767,75,35,-1
2.1767,75,36,-1
2.1767,75,37,-1
2.1767,75,38,-1
2.1767,75,39,-1
2.1767,75,40,-1
2.1767,75,41,-1
2.1767,75,42,-1
2.1767,75,43,-1
2.1767,75,44,-1
2.1767,75,45,-1
2.1767,75,46,-1
2.1767,75,47,-1
2.1767,75,48,-1
2.1767,75,49,-1
2.1767,75,50,-1
2.1767,75,51,-1
2.1767,75,52,-1
2.1767,75,53,-1
2.1767,75,54,-1
2.1767,75,55,-1
2.1767,75,56,-1
2.1767,75,57,-1
2.1767,75,58,-1
2.1767,75,59,-1
2.1767,75,60,-1
2.1767,75,61,-1
2.1767,75,62,-1
2.1767,75,63,-1
2.1767,75,64,-1
2.1767,75,65,-1
2.1767,75,66,-1
2.1767,75,67,-1
2.1767,75,68,-1
2.1767,75,69,-1
2.1767,75,70,-1
2.1767,75,71,-1
2.1767,75,72,-1
2.1767,75,73,-1
2.1767,75,74,-1
2.1767,75,75,-1
2.1767,75,76,-1
2.1767,75,77,-1
2.1767,75,78,-1
2.1767,75,79,-1
2.1767,75,80,-1
2.1767,75,81,-1
2.1767,75,82,-1
2.1767,75,83,-1
2.1767,75,84,-1
2.1767,75,85,-1
2.1767,75,86,-1
2.1767,75,87,-1
2.1767,75,88,-1
2.1767,75,89,-1
2.1767,75,90,-1
2.1767,75,91,-1
2.1767,75,92,-1
2.1767,75,93,-1
2.1767,75,94,-1
2.1767,75,95,-1
2.1767,75,96,-1
2.1767,75,97,-1
2.1767,75,98,-1
2.1767,75,99,-1
2.1767,75,100,-1
2.1767,75,101,-1
2.1767,75,102,-1
2.1767,75,103,-1
2.1767,75,104,-1
2.1767,75,105,-1
2.1767,75,106,-1
2.1767,75,107,-1
2.2051,76,1,-1
2.2051,76,2,-1
2.2051,76,3,-1
2.2051,76,4,-1
2.2051,76,5,-1
2.2051,76,6,-1
2.2051,76,7,-1
2.2051,76,8,-1
2.2051,76,9,-1
2.2051,76,10,-1
2.2051,76,11,-1
2.2051,76,12,-1
2.2051,76,13,-1
2.2051,76,14,-1
2.2051,76,15,-1
2.2051,76,16,-1
2.2051,76,17,-1
2.2051,76,18,-1
2.2051,76,19,-1
2.2051,76,20,-1
2.2051,76,21,-1
2.2051,76,22,-1
2.2051,76,23,-1
2.2051,76,24,-1
2.2051,76,25,-1
2.2051,76,26,-1
2.2051,76,27,-1
2.2051,76,28,-1
2.2051,76,29,-1
2.2051,76,30,-1
2.2051,76,31,-1
2.2051,76,32,-1
2.2051,76,33,-1
2.2051,76,34,-1
2.2051,76,35,-1
2.2051,76,36,-1
2.2051,76,37,-1
2.2051,76,38,-1
2.2051,76,39,-1
2.2051,76,40,-1
2.2051,76,41,-1
2.2051,76,42,-1
2.2051,76,43,-1
2.2051,76,44,-1
2.2051,76,45,-1
2.2051,76,46,-1
2.2051,76,47,-1
2.2051,76,48,-1
2.2051,76,49,-1
2.2051,76,50,-1
2.2051,76,51,-1
2.2051,76,52,-1
2.2051,76,53,-1
2.2051,76,54,-1
2.2051,76,55,-1
2.2051,76,56,-1
2.2051,76,57,-1
2.2051,76,58,-1
2.2051,76,59,-1
2.2051,76,60,-1
2.2051,76,61,-1
2.2051,76,62,-1
2.2051,76,63,-1
2.2051,76,64,-1
2.2051,76,65,-1
2.2051,76,66,-1
2.2051,76,67,-1
2.2051,76,68,-1
2.2051,76,69,-1
2.2051,76,70,-1
2.2051,76,71,-1
2.2051,76,72,-1
2.2051,76,73,-1
2.2051,76,74,-1
2.2051,76,75,-1
2.2051,76,76,-1
2.2051,76,77,-1
2.2051,76,78,-1
2.2051,76,79,-1
2.2051,76,80,-1
2.2051,76,81,-1
2.2051,76,82,-1
2.2051,76,83,-1
2.2051,76,84,-1
2.2051,76,85,-1
2.2051,76,86,-1
2.2051,76,87,-1
2.2051,76,88,-1
2.2051,76,89,-1
2.2051,76,90,-1
2.2051,76,91,-1
2.2051,76,92,-1
2.2051,76,93,-1
2.2051,76,94,-1
2.2051,76,95,-1
2.2051,76,96,-1
2.2051,76,97,-1
2.2051,76,98,-1
2.2051,76,99,-1
2.2051,76,100,-1
2.2051,76,101,-1
2.2051,76,102,-1
2.2051,76,103,-1
2.2051,76,104,-1
2.2051,76,105,-1
2.2051,76,106,-1
2.2051,76,107,-1
2.2335,77,1,-1
2.2335,77,2,-1
2.2335,77,3,-1
2.2335,77,4,-1
2.2335,77,5,-1
2.2335,77,6,-1
2.2335,77,7,-1
2.2335,77,8,-1
2.2335,77,9,-1
2.2335,77,10,-1
2.2335,77,11,-1
2.2335,77,12,-1
2.2335,77,13,-1
2.2335,77,14,-1
2.2335,77,15,-1
2.2335,77,16,-1
2.2335,77,17,-1
2.2335,77,18,-1
2.2335,77,19,-1
2.2335,77,20,-1
2.2335,77,21,-1
2.2335,77,22,-1
2.2335,77,23,-1
2.2335,77,24,-1
2.2335,77,25,-1
2.2335,77,26,-1
2.2335,77,27,-1
2.2335,77,28,-1
2.2335,77,29,-1
2.2335,77,30,-1
2.2335,77,31,-1
2.2335,77,32,-1
2.2335,77,33,-1
2.2335,77,34,-1
2.2335,77,35,-1
2.2335,77,36,-1
2.2335,77,37,-1
2.2335,77,38,-1
2.2335,77,39,-1
2.2335,77,40,-1
2.2335,77,41,-1
2.2335,77,42,-1
2.2335,77,43,-1
2.2335,77,44,-1
2.2335,77,45,-1
2.2335,77,46,-1
2.2335,77,47,-1
2.2335,77,48,-1
2.2335,77,49,-1
2.2335,77,50,-1
2.2335,77,51,-1
2.2335,77,52,-1
2.2335,77,53,-1
2.2335,77,54,-1
2.2335,77,55,-1
2.2335,77,56,-1
2.2335,77,57,-1
2.2335,77,58,-1
2.2335,77,59,-1
2.2335,77,60,-1
2.2335,77,61,-1
2.2335,77,62,-1
2.2335,77,63,-1
2.2335,77,64,-1
2.2335,77,65,-1
2.2335,77,66,-1
2.2335,77,67,-1
2.2335,77,68,-1
2.2335,77,69,-1
2.2335,77,70,-1
2.2335,77,71,-1
2.2335,77,72,-1
2.2335,77,73,-1
2.2335,77,74,-1
2.2335,77,75,-1
2.2335,77,76,-1
2.2335,77,77,-1
2.2335,77,78,-1
2.2335,77,79,-1
2.2335,77,80,-1
2.2335,77,81,-1
2.2335,77,82,-1
2.2335,77,83,-1
2.2335,77,84,-1
2.2335,77,85,0.992950224311045
2.2335,77,86,0.993774224066897
2.2335,77,87,0.993774224066897
2.2335,77,88,0.994628742332225
2.2335,77,89,0.994628742332225
2.2335,77,90,0.993774224066897
2.2335,77,91,0.994079409161656
2.2335,77,92,0.993499557481613
2.2335,77,93,0.994079409161656
2.2335,77,94,0.994354075746941
2.2335,77,95,0.994079409161656
2.2335,77,96,0.994903408917509
2.2335,77,97,0.995483260597552
2.2335,77,98,0.995483260597552
2.2335,77,99,0.994903408917509
2.2335,77,100,0.995208594012268
2.2335,77,101,0.992950224311045
2.2335,77,102,0.993774224066897
2.2335,77,103,0.993499557481613
2.2335,77,104,0.992645039216285
2.2335,77,105,0.993224890896329
2.2335,77,106,0.993774224066897
2.2335,77,107,0.992950224311045
2.2619,78,1,0.992370372631001
2.2619,78,2,0.994079409161656
2.2619,78,3,0.994354075746941
2.2619,78,4,0.994079409161656
2.2619,78,5,0.995208594012268
2.2619,78,6,0.993499557481613
2.2619,78,7,0.994354075746941
2.2619,78,8,0.993224890896329
2.2619,78,9,0.994628742332225
2.2619,78,10,0.993774224066897
2.2619,78,11,0.994354075746941
2.2619,78,12,0.994903408917509
2.2619,78,13,0.993774224066897
2.2619,78,14,0.992950224311045
2.2619,78,15,0.995757927182836
2.2619,78,16,0.994903408917509
2.2619,78,17,0.993224890896329
2.2619,78,18,0.994354075746941
2.2619,78,19,0.994079409161656
2.2619,78,20,0.994354075746941
2.2619,78,21,0.992095706045717
2.2619,78,22,0.994079409161656
2.2619,78,23,0.993774224066897
2.2619,78,24,0.994354075746941
2.2619,78,25,0.993499557481613
2.2619,78,26,0.994903408917509
2.2619,78,27,0.992950224311045
2.2619,78,28,0.994079409161656
2.2619,78,29,0.994079409161656
2.2619,78,30,0.992370372631001
2.2619,78,31,0.991821039460433
2.2619,78,32,0.995483260597552
2.2619,78,33,0.995483260597552
2.2619,78,34,0.994079409161656
2.2619,78,35,0.993499557481613
2.2619,78,36,0.992950224311045
2.2619,78,37,0.993774224066897
2.2619,78,38,0.992950224311045
2.2619,78,39,0.994354075746941
2.2619,78,40,0.992645039216285
2.2619,78,41,0.994079409161656
2.2619,78,42,0.995483260597552
2.2619,78,43,0.993499557481613
2.2619,78,44,0.994628742332225
2.2619,78,45,0.992950224311045
2.2619,78,46,0.993774224066897
2.2619,78,47,0.993774224066897
2.2619,78,48,0.994079409161656
2.2619,78,49,0.993499557481613
2.2619,78,50,0.993774224066897
2.2619,78,51,0.993774224066897
2.2619,78,52,0.994079409161656
2.2619,78,53,0.994079409161656
2.2619,78,54,0.993774224066897
2.2619,78,55,0.993224890896329
2.2619,78,56,0.993224890896329
2.2619,78,57,0.994628742332225
2.2619,78,58,0.994079409161656
2.2619,78,59,0.993774224066897
2.2619,78,60,0.994903408917509
2.2619,78,61,0.994354075746941
2.2619,78,62,0.994628742332225
2.2619,78,63,0.993499557481613
2.2619,78,64,0.992095706045717
2.2619,78,65,0.994354075746941
2.2619,78,66,0.993499557481613
2.2619,78,67,0.993499557481613
2.2619,78,68,0.993774224066897
2.2619,78,69,0.994628742332225
2.2619,78,70,0.992950224311045
2.2619,78,71,0.994079409161656
2.2619,78,72,0.994354075746941
2.2619,78,73,0.993774224066897
2.2619,78,74,0.993499557481613
2.2619,78,75,0.993224890896329
2.2619,78,76,0.992370372631001
2.2619,78,77,0.992095706045717
2.2619,78,78,0.993499557481613
2.2619,78,79,0.993224890896329
2.2619,78,80,0.994354075746941
2.2619,78,81,0.992645039216285
2.2619,78,82,0.994079409161656
2.2619,78,83,0.993224890896329
2.2619,78,84,0.994354075746941
2.2619,78,85,0.993499557481613
2.2619,78,86,0.993499557481613
2.2619,78,87,0.992370372631001
2.2619,78,88,0.993774224066897
2.2619,78,89,0.994354075746941
2.2619,78,90,0.993499557481613
2.2619,78,91,0.994354075746941
2.2619,78,92,0.992645039216285
2.2619,78,93,0.994354075746941
2.2619,78,94,0.994903408917509
2.2619,78,95,0.993224890896329
2.2619,78,96,0.993224890896329
2.2619,78,97,0.992095706045717
2.2619,78,98,0.992370372631001
2.2619,78,99,0.992645039216285
2.2619,78,100,0.994079409161656
2.2619,78,101,0.994628742332225
2.2619,78,102,0.993774224066897
2.2619,78,103,0.992645039216285
2.2619,78,104,0.992095706045717
2.2619,78,105,0.994354075746941
2.2619,78,106,0.993224890896329
2.2619,78,107,0.991515854365673
2.2902,79,1,0.994903408917509
2.2902,79,2,0.993774224066897
2.2902,79,3,0.993774224066897
2.2902,79,4,0.995483260597552
2.2902,79,5,0.992370372631001
2.2902,79,6,0.994079409161656
2.2902,79,7,0.995757927182836
2.2902,79,8,0.994354075746941
2.2902,79,9,0.994079409161656
2.2902,79,10,0.993224890896329
2.2902,79,11,0.994628742332225
2.2902,79,12,0.992645039216285
2.2902,79,13,0.994628742332225
2.2902,79,14,0.993499557481613
2.2902,79,15,0.993224890896329
2.2902,79,16,0.992950224311045
2.2902,79,17,0.994628742332225
2.2902,79,18,0.994354075746941
2.2902,79,19,0.992095706045717
2.2902,79,20,0.992095706045717
2.2902,79,21,0.994903408917509
2.2902,79,22,0.993224890896329
2.2902,79,23,0.994903408917509
2.2902,79,24,0.995757927182836
2.2902,79,25,0.992645039216285
2.2902,79,26,0.992370372631001
2.2902,79,27,0.993774224066897
2.2902,79,28,0.994079409161656
2.2902,79,29,0.993774224066897
2.2902,79,30,0.993224890896329
2.2902,79,31,0.993224890896329
2.2902,79,32,0.993224890896329
2.2902,79,33,0.994354075746941
2.2902,79,34,0.993224890896329
2.2902,79,35,0.992950224311045
2.2902,79,36,0.994354075746941
2.2902,79,37,0.994354075746941
2.2902,79,38,0.992645039216285
2.2902,79,39,0.993224890896329
2.2902,79,40,0.993774224066897
2.2902,79,41,0.994079409161656
2.2902,79,42,0.995483260597552
2.2902,79,43,0.993774224066897
2.2902,79,44,0.994903408917509
2.2902,79,45,0.992095706045717
2.2902,79,46,0.992950224311045
2.2902,79,47,0.992645039216285
2.2902,79,48,0.993224890896329
2.2902,79,49,0.993224890896329
2.2902,79,50,0.994079409161656
2.2902,79,51,0.993224890896329
2.2902,79,52,0.993224890896329
2.2902,79,53,0.993499557481613
2.2902,79,54,0.992645039216285
2.2902,79,55,0.993499557481613
2.2902,79,56,0.992370372631001
2.2902,79,57,0.995757927182836
2.2902,79,58,0.992370372631001
2.2902,79,59,0.993499557481613
2.2902,79,60,0.993499557481613
2.2902,79,61,0.993224890896329
2.2902,79,62,0.993499557481613
2.2902,79,63,0.993499557481613
2.2902,79,64,0.993224890896329
2.2902,79,65,0.993774224066897
2.2902,79,66,0.993224890896329
2.2902,79,67,0.994354075746941
2.2902,79,68,0.995208594012268
2.2902,79,69,0.993499557481613
2.2902,79,70,0.993499557481613
2.2902,79,71,0.992950224311045
2.2902,79,72,0.994628742332225
2.2902,79,73,0.993774224066897
2.2902,79,74,0.992370372631001
2.2902,79,75,0.993774224066897
2.2902,79,76,0.994628742332225
2.2902,79,77,0.994354075746941
2.2902,79,78,0.994354075746941
2.2902,79,79,0.992645039216285
2.2902,79,80,0.994354075746941
2.2902,79,81,0.992370372631001
2.2902,79,82,0.994354075746941
2.2902,79,83,0.994628742332225
2.2902,79,84,0.992950224311045
2.2902,79,85,0.992645039216285
2.2902,79,86,0.992370372631001
2.2902,79,87,0.994079409161656
2.2902,79,88,0.994628742332225
2.2902,79,89,0.992645039216285
2.2902,79,90,0.994628742332225
2.2902,79,91,0.994079409161656
2.2902,79,92,0.995208594012268
2.2902,79,93,0.994903408917509
2.2902,79,94,0.992645039216285
2.2902,79,95,0.993224890896329
2.2902,79,96,0.994903408917509
2.2902,79,97,0.991821039460433
2.2902,79,98,0.994354075746941
2.2902,79,99,0.993499557481613
2.2902,79,100,0.992095706045717
2.2902,79,101,0.992370372631001
2.2902,79,102,0.993774224066897
2.2902,79,103,0.994354075746941
2.2902,79,104,0.993224890896329
2.2902,79,105,0.993774224066897
2.2902,79,106,0.992645039216285
2.2902,79,107,0.993499557481613
2.3186,80,1,0.992645039216285
2.3186,80,2,0.994354075746941
2.3186,80,3,0.993499557481613
2.3186,80,4,0.994903408917509
2.3186,80,5,0.994903408917509
2.3186,80,6,0.995208594012268
2.3186,80,7,0.993499557481613
2.3186,80,8,0.993499557481613
2.3186,80,9,0.992370372631001
2.3186,80,10,0.993774224066897
2.3186,80,11,0.991821039460433
2.3186,80,12,0.994628742332225
2.3186,80,13,0.993499557481613
2.3186,80,14,0.993774224066897
2.3186,80,15,0.994628742332225
2.3186,80,16,0.993224890896329
2.3186,80,17,0.992645039216285
2.3186,80,18,0.993499557481613
2.3186,80,19,0.993499557481613
2.3186,80,20,0.993499557481613
2.3186,80,21,0.993774224066897
2.3186,80,22,0.993224890896329
2.3186,80,23,0.993224890896329
2.3186,80,24,0.994354075746941
2.3186,80,25,0.993224890896329
2.3186,80,26,0.993774224066897
2.3186,80,27,0.992950224311045
2.3186,80,28,0.993774224066897
2.3186,80,29,0.993774224066897
2.3186,80,30,0.992645039216285
2.3186,80,31,0.993499557481613
2.3186,80,32,0.992950224311045
2.3186,80,33,0.993499557481613
2.3186,80,34,0.994903408917509
2.3186,80,35,0.992950224311045
2.3186,80,36,0.993499557481613
2.3186,80,37,0.992095706045717
2.3186,80,38,0.994628742332225
2.3186,80,39,0.995208594012268
2.3186,80,40,0.993224890896329
2.3186,80,41,0.994354075746941
2.3186,80,42,0.993499557481613
2.3186,80,43,0.994079409161656
2.3186,80,44,0.993499557481613
2.3186,80,45,0.994079409161656
2.3186,80,46,0.994903408917509
2.3186,80,47,0.994079409161656
2.3186,80,48,0.994354075746941
2.3186,80,49,0.993499557481613
2.3186,80,50,0.992645039216285
2.3186,80,51,0.993224890896329
2.3186,80,52,0.994354075746941
2.3186,80,53,0.993774224066897
2.3186,80,54,0.993224890896329
2.3186,80,55,0.993774224066897
2.3186,80,56,0.994354075746941
2.3186,80,57,0.993774224066897
2.3186,80,58,0.992950224311045
2.3186,80,59,0.992645039216285
2.3186,80,60,0.993499557481613
2.3186,80,61,0.994079409161656
2.3186,80,62,0.994903408917509
2.3186,80,63,0.994903408917509
2.3186,80,64,0.994354075746941
2.3186,80,65,0.99603259376812
2.3186,80,66,0.993224890896329
2.3186,80,67,0.992645039216285
2.3186,80,68,0.992370372631001
2.3186,80,69,0.992950224311045
2.3186,80,70,0.991515854365673
2.3186,80,71,0.993499557481613
2.3186,80,72,0.993224890896329
2.3186,80,73,0.992950224311045
2.3186,80,74,0.993774224066897
2.3186,80,75,0.993499557481613
2.3186,80,76,0.992370372631001
2.3186,80,77,0.991821039460433
2.3186,80,78,0.993499557481613
2.3186,80,79,0.992950224311045
2.3186,80,80,0.993499557481613
2.3186,80,81,0.993224890896329
2.3186,80,82,0.993499557481613
2.3186,80,83,0.995483260597552
2.3186,80,84,0.994628742332225
2.3186,80,85,0.994079409161656
2.3186,80,86,0.993224890896329
2.3186,80,87,0.991515854365673
2.3186,80,88,0.994354075746941
2.3186,80,89,0.992950224311045
2.3186,80,90,0.993224890896329
2.3186,80,91,0.993774224066897
2.3186,80,92,0.994628742332225
2.3186,80,93,0.994079409161656
2.3186,80,94,0.993774224066897
2.3186,80,95,0.992095706045717
2.3186,80,96,0.993499557481613
2.3186,80,97,0.993499557481613
2.3186,80,98,0.993499557481613
2.3186,80,99,0.993224890896329
2.3186,80,100,0.993224890896329
2.3186,80,101,0.993774224066897
2.3186,80,102,0.992645039216285
2.3186,80,103,0.994079409161656
2.3186,80,104,0.993774224066897
2.3186,80,105,0.992370372631001
2.3186,80,106,0.993499557481613
2.3186,80,107,0.993224890896329
2.347,81,1,0.993774224066897
2.347,81,2,0.992950224311045
2.347,81,3,0.993774224066897
2.347,81,4,0.993224890896329
2.347,81,5,0.994079409161656
2.347,81,6,0.993499557481613
2.347,81,7,0.993499557481613
2.347,81,8,0.994903408917509
2.347,81,9,0.994354075746941
2.347,81,10,0.994079409161656
2.347,81,11,0.994903408917509
2.347,81,12,0.992645039216285
2.347,81,13,0.992370372631001
2.347,81,14,0.994628742332225
2.347,81,15,0.993224890896329
2.347,81,16,0.992095706045717
2.347,81,17,0.994354075746941
2.347,81,18,0.992950224311045
2.347,81,19,0.994628742332225
2.347,81,20,0.994079409161656
2.347,81,21,0.992950224311045
2.347,81,22,0.992095706045717
2.347,81,23,0.994079409161656
2.347,81,24,0.994903408917509
2.347,81,25,0.992950224311045
2.347,81,26,0.993499557481613
2.347,81,27,0.993224890896329
2.347,81,28,0.993499557481613
2.347,81,29,0.99603259376812
2.347,81,30,0.994354075746941
2.347,81,31,0.992095706045717
2.347,81,32,0.994903408917509
2.347,81,33,0.993499557481613
2.347,81,34,0.994628742332225
2.347,81,35,0.993224890896329
2.347,81,36,0.994079409161656
2.347,81,37,0.994354075746941
2.347,81,38,0.994079409161656
2.347,81,39,0.993224890896329
2.347,81,40,0.993499557481613
2.347,81,41,0.993224890896329
2.347,81,42,0.995483260597552
2.347,81,43,0.995208594012268
2.347,81,44,0.993774224066897
2.347,81,45,0.994628742332225
2.347,81,46,0.992950224311045
2.347,81,47,0.994354075746941
2.347,81,48,0.993774224066897
2.347,81,49,0.993774224066897
2.347,81,50,0.995757927182836
2.347,81,51,0.992370372631001
2.347,81,52,0.993499557481613
2.347,81,53,0.993774224066897
2.347,81,54,0.994354075746941
2.347,81,55,0.995208594012268
2.347,81,56,0.994628742332225
2.347,81,57,0.992645039216285
2.347,81,58,0.993774224066897
2.347,81,59,0.994079409161656
2.347,81,60,0.993774224066897
2.347,81,61,0.992950224311045
2.347,81,62,0.994903408917509
2.347,81,63,0.993499557481613
2.347,81,64,0.993224890896329
2.347,81,65,0.992095706045717
2.347,81,66,0.994079409161656
2.347,81,67,0.994903408917509
2.347,81,68,0.992950224311045
2.347,81,69,0.992370372631001
2.347,81,70,0.993499557481613
2.347,81,71,0.994079409161656
2.347,81,72,0.993499557481613
2.347,81,73,0.994903408917509
2.347,81,74,0.993774224066897
2.347,81,75,0.993774224066897
2.347,81,76,0.993224890896329
2.347,81,77,0.992370372631001
2.347,81,78,0.994903408917509
2.347,81,79,0.994079409161656
2.347,81,80,0.993499557481613
2.347,81,81,0.992950224311045
2.347,81,82,0.993774224066897
2.347,81,83,0.993499557481613
2.347,81,84,0.993774224066897
2.347,81,85,0.993224890896329
2.347,81,86,0.992950224311045
2.347,81,87,0.994079409161656
2.347,81,88,0.995208594012268
2.347,81,89,0.993224890896329
2.347,81,90,0.992645039216285
2.347,81,91,0.992950224311045
2.347,81,92,0.994628742332225
2.347,81,93,0.994354075746941
2.347,81,94,0.994903408917509
2.347,81,95,0.994628742332225
2.347,81,96,0.994079409161656
2.347,81,97,0.993774224066897
2.347,81,98,0.990691854609821
2.347,81,99,0.994903408917509
2.347,81,100,0.993224890896329
2.347,81,101,0.993774224066897
2.347,81,102,0.993224890896329
2.347,81,103,0.993774224066897
2.347,81,104,0.994628742332225
2.347,81,105,0.992950224311045
2.347,81,106,0.994628742332225
2.347,81,107,0.993499557481613
2.3754,82,1,0.994628742332225
2.3754,82,2,0.994079409161656
2.3754,82,3,0.992370372631001
2.3754,82,4,0.993224890896329
2.3754,82,5,0.994628742332225
2.3754,82,6,0.994628742332225
2.3754,82,7,0.993224890896329
2.3754,82,8,0.994079409161656
2.3754,82,9,0.993774224066897
2.3754,82,10,0.994903408917509
2.3754,82,11,0.993224890896329
2.3754,82,12,0.994628742332225
2.3754,82,13,0.994079409161656
2.3754,82,14,0.992950224311045
2.3754,82,15,0.994079409161656
2.3754,82,16,0.993224890896329
2.3754,82,17,0.992645039216285
2.3754,82,18,0.99603259376812
2.3754,82,19,0.993774224066897
2.3754,82,20,0.992645039216285
2.3754,82,21,0.993774224066897
2.3754,82,22,0.995483260597552
2.3754,82,23,0.993774224066897
2.3754,82,24,0.994903408917509
2.3754,82,25,0.992950224311045
2.3754,82,26,0.992950224311045
2.3754,82,27,0.992950224311045
2.3754,82,28,0.993774224066897
2.3754,82,29,0.993774224066897
2.3754,82,30,0.992950224311045
2.3754,82,31,0.995483260597552
2.3754,82,32,0.992950224311045
2.3754,82,33,0.993499557481613
2.3754,82,34,0.993499557481613
2.3754,82,35,0.993774224066897
2.3754,82,36,0.993499557481613
2.3754,82,37,0.993499557481613
2.3754,82,38,0.993224890896329
2.3754,82,39,0.993774224066897
2.3754,82,40,0.992950224311045
2.3754,82,41,0.993224890896329
2.3754,82,42,0.993499557481613
2.3754,82,43,0.992950224311045
2.3754,82,44,0.993499557481613
2.3754,82,45,0.994628742332225
2.3754,82,46,0.992095706045717
2.3754,82,47,0.994079409161656
2.3754,82,48,0.994079409161656
2.3754,82,49,0.992370372631001
2.3754,82,50,0.993774224066897
2.3754,82,51,0.995483260597552
2.3754,82,52,0.991821039460433
2.3754,82,53,0.992645039216285
2.3754,82,54,0.995757927182836
2.3754,82,55,0.992095706045717
2.3754,82,56,0.993224890896329
2.3754,82,57,0.993499557481613
2.3754,82,58,0.993499557481613
2.3754,82,59,0.993774224066897
2.3754,82,60,0.993499557481613
2.3754,82,61,0.994903408917509
2.3754,82,62,0.994903408917509
2.3754,82,63,0.993224890896329
2.3754,82,64,0.995208594012268
2.3754,82,65,0.994354075746941
2.3754,82,66,0.994079409161656
2.3754,82,67,0.991821039460433
2.3754,82,68,0.995208594012268
2.3754,82,69,0.994628742332225
2.3754,82,70,0.992095706045717
2.3754,82,71,0.994628742332225
2.3754,82,72,0.994354075746941
2.3754,82,73,0.994354075746941
2.3754,82,74,0.994628742332225
2.3754,82,75,0.992950224311045
2.3754,82,76,0.993774224066897
2.3754,82,77,0.994903408917509
2.3754,82,78,0.994354075746941
2.3754,82,79,0.993774224066897
2.3754,82,80,0.992645039216285
2.3754,82,81,0.994628742332225
2.3754,82,82,0.994903408917509
2.3754,82,83,0.993774224066897
2.3754,82,84,0.993774224066897
2.3754,82,85,0.994628742332225
2.3754,82,86,0.994354075746941
2.3754,82,87,0.993499557481613
2.3754,82,88,0.992370372631001
2.3754,82,89,0.994903408917509
2.3754,82,90,0.994628742332225
2.3754,82,91,0.992950224311045
2.3754,82,92,0.992095706045717
2.3754,82,93,0.994079409161656
2.3754,82,94,0.994628742332225
2.3754,82,95,0.994079409161656
2.3754,82,96,0.992645039216285
2.3754,82,97,0.994628742332225
2.3754,82,98,0.992645039216285
2.3754,82,99,0.992095706045717
2.3754,82,100,0.994079409161656
2.3754,82,101,0.994354075746941
2.3754,82,102,0.993774224066897
2.3754,82,103,0.993224890896329
2.3754,82,104,0.993224890896329
2.3754,82,105,0.993224890896329
2.3754,82,106,0.992950224311045
2.3754,82,107,0.993774224066897
2.4037,83,1,0.993224890896329
2.4037,83,2,0.994079409161656
2.4037,83,3,0.994079409161656
2.4037,83,4,0.992095706045717
2.4037,83,5,0.994628742332225
2.4037,83,6,0.994079409161656
2.4037,83,7,0.993224890896329
2.4037,83,8,0.994354075746941
2.4037,83,9,0.994628742332225
2.4037,83,10,0.994354075746941
2.4037,83,11,0.993774224066897
2.4037,83,12,0.994354075746941
2.4037,83,13,0.995208594012268
2.4037,83,14,0.994079409161656
2.4037,83,15,0.994354075746941
2.4037,83,16,0.992950224311045
2.4037,83,17,0.994903408917509
2.4037,83,18,0.993774224066897
2.4037,83,19,0.993224890896329
2.4037,83,20,0.994903408917509
2.4037,83,21,0.995208594012268
2.4037,83,22,0.995483260597552
2.4037,83,23,0.994079409161656
2.4037,83,24,0.994628742332225
2.4037,83,25,0.992645039216285
2.4037,83,26,0.994354075746941
2.4037,83,27,0.994354075746941
2.4037,83,28,0.993774224066897
2.4037,83,29,0.993499557481613
2.4037,83,30,0.994354075746941
2.4037,83,31,0.994903408917509
2.4037,83,32,0.994628742332225
2.4037,83,33,0.994079409161656
2.4037,83,34,0.994903408917509
2.4037,83,35,0.993774224066897
2.4037,83,36,0.993499557481613
2.4037,83,37,0.994079409161656
2.4037,83,38,0.992950224311045
2.4037,83,39,0.993224890896329
2.4037,83,40,0.992370372631001
2.4037,83,41,0.993774224066897
2.4037,83,42,0.993224890896329
2.4037,83,43,0.993774224066897
2.4037,83,44,0.993224890896329
2.4037,83,45,0.991821039460433
2.4037,83,46,0.993774224066897
2.4037,83,47,0.995757927182836
2.4037,83,48,0.994903408917509
2.4037,83,49,0.994354075746941
2.4037,83,50,0.992095706045717
2.4037,83,51,0.994354075746941
2.4037,83,52,0.992645039216285
2.4037,83,53,0.992370372631001
2.4037,83,54,0.993224890896329
2.4037,83,55,0.994354075746941
2.4037,83,56,0.994079409161656
2.4037,83,57,0.992950224311045
2.4037,83,58,0.993774224066897
2.4037,83,59,0.993224890896329
2.4037,83,60,0.994079409161656
2.4037,83,61,0.992370372631001
2.4037,83,62,0.994628742332225
2.4037,83,63,0.992370372631001
2.4037,83,64,0.993499557481613
2.4037,83,65,0.992950224311045
2.4037,83,66,0.993774224066897
2.4037,83,67,0.994628742332225
2.4037,83,68,0.991821039460433
2.4037,83,69,0.995483260597552
2.4037,83,70,0.994903408917509
2.4037,83,71,0.994354075746941
2.4037,83,72,0.994628742332225
2.4037,83,73,0.992645039216285
2.4037,83,74,0.992950224311045
2.4037,83,75,0.994628742332225
2.4037,83,76,0.993499557481613
2.4037,83,77,0.993224890896329
2.4037,83,78,0.994354075746941
2.4037,83,79,0.994628742332225
2.4037,83,80,0.992370372631001
2.4037,83,81,0.993224890896329
2.4037,83,82,0.993499557481613
2.4037,83,83,0.993224890896329
2.4037,83,84,0.992645039216285
2.4037,83,85,0.994903408917509
2.4037,83,86,0.995483260597552
2.4037,83,87,0.992645039216285
2.4037,83,88,0.992370372631001
2.4037,83,89,0.993499557481613
2.4037,83,90,0.994079409161656
2.4037,83,91,0.994354075746941
2.4037,83,92,0.994903408917509
2.4037,83,93,0.994354075746941
2.4037,83,94,0.992645039216285
2.4037,83,95,0.993224890896329
2.4037,83,96,0.992950224311045
2.4037,83,97,0.993774224066897
2.4037,83,98,0.992645039216285
2.4037,83,99,0.994354075746941
2.4037,83,100,0.992095706045717
2.4037,83,101,0.998290963469344
2.4037,83,102,0.993499557481613
2.4037,83,103,0.993224890896329
2.4037,83,104,0.993499557481613
2.4037,83,105,0.995483260597552
2.4037,83,106,0.992950224311045
2.4037,83,107,0.994354075746941
2.4321,84,1,0.994354075746941
2.4321,84,2,0.995757927182836
2.4321,84,3,0.993499557481613
2.4321,84,4,0.994079409161656
2.4321,84,5,0.995208594012268
2.4321,84,6,0.994903408917509
2.4321,84,7,0.994903408917509
2.4321,84,8,0.993774224066897
2.4321,84,9,0.994079409161656
2.4321,84,10,0.992645039216285
2.4321,84,11,0.993499557481613
2.4321,84,12,0.994354075746941
2.4321,84,13,0.993224890896329
2.4321,84,14,0.995483260597552
2.4321,84,15,0.993774224066897
2.4321,84,16,0.993224890896329
2.4321,84,17,0.994628742332225
2.4321,84,18,0.994903408917509
2.4321,84,19,0.993499557481613
2.4321,84,20,0.993499557481613
2.4321,84,21,0.994903408917509
2.4321,84,22,0.992645039216285
2.4321,84,23,0.994079409161656
2.4321,84,24,0.993499557481613
2.4321,84,25,0.992645039216285
2.4321,84,26,0.993774224066897
2.4321,84,27,0.993499557481613
2.4321,84,28,0.994079409161656
2.4321,84,29,0.993224890896329
2.4321,84,30,0.994354075746941
2.4321,84,31,0.992950224311045
2.4321,84,32,0.992645039216285
2.4321,84,33,0.993499557481613
2.4321,84,34,0.994628742332225
2.4321,84,35,0.993224890896329
2.4321,84,36,0.992095706045717
2.4321,84,37,0.993499557481613
2.4321,84,38,0.994079409161656
2.4321,84,39,0.992370372631001
2.4321,84,40,0.993224890896329
2.4321,84,41,0.994354075746941
2.4321,84,42,0.994079409161656
2.4321,84,43,0.993499557481613
2.4321,84,44,0.994079409161656
2.4321,84,45,0.993224890896329
2.4321,84,46,0.992370372631001
2.4321,84,47,0.993224890896329
2.4321,84,48,0.994354075746941
2.4321,84,49,0.992645039216285
2.4321,84,50,0.993499557481613
2.4321,84,51,0.995483260597552
2.4321,84,52,0.995208594012268
2.4321,84,53,0.992645039216285
2.4321,84,54,0.992645039216285
2.4321,84,55,0.992370372631001
2.4321,84,56,0.993224890896329
2.4321,84,57,0.994354075746941
2.4321,84,58,0.995208594012268
2.4321,84,59,0.993224890896329
2.4321,84,60,0.992370372631001
2.4321,84,61,0.994079409161656
2.4321,84,62,0.993774224066897
2.4321,84,63,0.994354075746941
2.4321,84,64,0.993224890896329
2.4321,84,65,0.993499557481613
2.4321,84,66,0.992645039216285
2.4321,84,67,0.995208594012268
2.4321,84,68,0.992950224311045
2.4321,84,69,0.993224890896329
2.4321,84,70,0.993224890896329
2.4321,84,71,0.992645039216285
2.4321,84,72,0.992645039216285
2.4321,84,73,0.991821039460433
2.4321,84,74,0.997161778618732
2.4321,84,75,0.992095706045717
2.4321,84,76,0.994903408917509
2.4321,84,77,0.993774224066897
2.4321,84,78,0.993499557481613
2.4321,84,79,0.992370372631001
2.4321,84,80,0.993499557481613
2.4321,84,81,0.994079409161656
2.4321,84,82,0.993499557481613
2.4321,84,83,0.993774224066897
2.4321,84,84,0.994079409161656
2.4321,84,85,0.992095706045717
2.4321,84,86,0.992645039216285
2.4321,84,87,0.994079409161656
2.4321,84,88,0.993224890896329
2.4321,84,89,0.994354075746941
2.4321,84,90,0.993499557481613
2.4321,84,91,0.993774224066897
2.4321,84,92,0.993499557481613
2.4321,84,93,0.994079409161656
2.4321,84,94,0.992645039216285
2.4321,84,95,0.994354075746941
2.4321,84,96,0.994354075746941
2.4321,84,97,0.993774224066897
2.4321,84,98,0.993774224066897
2.4321,84,99,0.993224890896329
2.4321,84,100,0.993224890896329
2.4321,84,101,0.994354075746941
2.4321,84,102,0.994354075746941
2.4321,84,103,0.994628742332225
2.4321,84,104,0.993499557481613
2.4321,84,105,0.99603259376812
2.4321,84,106,0.994354075746941
2.4321,84,107,0.994628742332225
2.4605,85,1,0.993499557481613
2.4605,85,2,0.993499557481613
2.4605,85,3,0.994079409161656
2.4605,85,4,0.994079409161656
2.4605,85,5,0.994079409161656
2.4605,85,6,0.994628742332225
2.4605,85,7,0.992950224311045
2.4605,85,8,0.993224890896329
2.4605,85,9,0.994628742332225
2.4605,85,10,0.994354075746941
2.4605,85,11,0.993499557481613
2.4605,85,12,0.995483260597552
2.4605,85,13,0.994354075746941
2.4605,85,14,0.994903408917509
2.4605,85,15,0.994628742332225
2.4605,85,16,0.992645039216285
2.4605,85,17,0.994079409161656
2.4605,85,18,0.994354075746941
2.4605,85,19,0.994628742332225
2.4605,85,20,0.992645039216285
2.4605,85,21,0.993499557481613
2.4605,85,22,0.994628742332225
2.4605,85,23,0.994079409161656
2.4605,85,24,0.993774224066897
2.4605,85,25,0.992950224311045
2.4605,85,26,0.994079409161656
2.4605,85,27,0.992950224311045
2.4605,85,28,0.992645039216285
2.4605,85,29,0.994903408917509
2.4605,85,30,0.992950224311045
2.4605,85,31,0.994903408917509
2.4605,85,32,0.994354075746941
2.4605,85,33,0.992095706045717
2.4605,85,34,0.992095706045717
2.4605,85,35,0.992645039216285
2.4605,85,36,0.99603259376812
2.4605,85,37,0.994079409161656
2.4605,85,38,0.993224890896329
2.4605,85,39,0.994628742332225
2.4605,85,40,0.993224890896329
2.4605,85,41,0.994079409161656
2.4605,85,42,0.993499557481613
2.4605,85,43,0.994354075746941
2.4605,85,44,0.993224890896329
2.4605,85,45,0.993499557481613
2.4605,85,46,0.994628742332225
2.4605,85,47,0.994628742332225
2.4605,85,48,0.993224890896329
2.4605,85,49,0.993499557481613
2.4605,85,50,0.992950224311045
2.4605,85,51,0.993774224066897
2.4605,85,52,0.993499557481613
2.4605,85,53,0.992645039216285
2.4605,85,54,0.992645039216285
2.4605,85,55,0.993499557481613
2.4605,85,56,0.993499557481613
2.4605,85,57,0.992095706045717
2.4605,85,58,0.993499557481613
2.4605,85,59,0.993224890896329
2.4605,85,60,0.993224890896329
2.4605,85,61,0.994079409161656
2.4605,85,62,0.993224890896329
2.4605,85,63,0.992950224311045
2.4605,85,64,0.994354075746941
2.4605,85,65,0.993499557481613
2.4605,85,66,0.993224890896329
2.4605,85,67,0.990691854609821
2.4605,85,68,0.993774224066897
2.4605,85,69,0.993499557481613
2.4605,85,70,0.994354075746941
2.4605,85,71,0.993224890896329
2.4605,85,72,0.993774224066897
2.4605,85,73,0.991821039460433
2.4605,85,74,0.993499557481613
2.4605,85,75,0.992950224311045
2.4605,85,76,0.994628742332225
2.4605,85,77,0.994079409161656
2.4605,85,78,0.992645039216285
2.4605,85,79,0.992645039216285
2.4605,85,80,0.993774224066897
2.4605,85,81,0.994079409161656
2.4605,85,82,0.994354075746941
2.4605,85,83,0.99603259376812
2.4605,85,84,0.994628742332225
2.4605,85,85,0.993224890896329
2.4605,85,86,0.993224890896329
2.4605,85,87,0.994354075746941
2.4605,85,88,0.993499557481613
2.4605,85,89,0.992645039216285
2.4605,85,90,0.992645039216285
2.4605,85,91,0.993224890896329
2.4605,85,92,0.994354075746941
2.4605,85,93,0.992370372631001
2.4605,85,94,0.993224890896329
2.4605,85,95,0.993499557481613
2.4605,85,96,0.993774224066897
2.4605,85,97,0.992950224311045
2.4605,85,98,0.993499557481613
2.4605,85,99,0.992645039216285
2.4605,85,100,0.993499557481613
2.4605,85,101,0.993774224066897
2.4605,85,102,0.993224890896329
2.4605,85,103,0.992645039216285
2.4605,85,104,0.993499557481613
2.4605,85,105,0.993499557481613
2.4605,85,106,0.992950224311045
2.4605,85,107,0.993774224066897
2.4889,86,1,0.993499557481613
2.4889,86,2,0.992645039216285
2.4889,86,3,0.993499557481613
2.4889,86,4,0.995483260597552
2.4889,86,5,0.992370372631001
2.4889,86,6,0.993224890896329
2.4889,86,7,0.992950224311045
2.4889,86,8,0.995483260597552
2.4889,86,9,0.992950224311045
2.4889,86,10,0.994079409161656
2.4889,86,11,0.993774224066897
2.4889,86,12,0.993774224066897
2.4889,86,13,0.992950224311045
2.4889,86,14,0.994079409161656
2.4889,86,15,0.992370372631001
2.4889,86,16,0.993774224066897
2.4889,86,17,0.994354075746941
2.4889,86,18,0.993774224066897
2.4889,86,19,0.993224890896329
2.4889,86,20,0.992950224311045
2.4889,86,21,0.993499557481613
2.4889,86,22,0.993224890896329
2.4889,86,23,0.994354075746941
2.4889,86,24,0.993499557481613
2.4889,86,25,0.993224890896329
2.4889,86,26,0.992950224311045
2.4889,86,27,0.993774224066897
2.4889,86,28,0.993224890896329
2.4889,86,29,0.993774224066897
2.4889,86,30,0.991515854365673
2.4889,86,31,0.994079409161656
2.4889,86,32,0.992645039216285
2.4889,86,33,0.993774224066897
2.4889,86,34,0.992950224311045
2.4889,86,35,0.993499557481613
2.4889,86,36,0.993774224066897
2.4889,86,37,0.993224890896329
2.4889,86,38,0.992950224311045
2.4889,86,39,0.994628742332225
2.4889,86,40,0.994354075746941
2.4889,86,41,0.993499557481613
2.4889,86,42,0.992645039216285
2.4889,86,43,0.992370372631001
2.4889,86,44,0.993499557481613
2.4889,86,45,0.995208594012268
2.4889,86,46,0.992950224311045
2.4889,86,47,0.994628742332225
2.4889,86,48,0.992645039216285
2.4889,86,49,0.994628742332225
2.4889,86,50,0.995208594012268
2.4889,86,51,0.993224890896329
2.4889,86,52,0.991821039460433
2.4889,86,53,0.993774224066897
2.4889,86,54,0.994079409161656
2.4889,86,55,0.994903408917509
2.4889,86,56,0.992645039216285
2.4889,86,57,0.994903408917509
2.4889,86,58,0.992950224311045
2.4889,86,59,0.993499557481613
2.4889,86,60,0.993224890896329
2.4889,86,61,0.992950224311045
2.4889,86,62,0.992950224311045
2.4889,86,63,0.993774224066897
2.4889,86,64,0.994079409161656
2.4889,86,65,0.993774224066897
2.4889,86,66,0.994079409161656
2.4889,86,67,0.994903408917509
2.4889,86,68,0.994079409161656
2.4889,86,69,0.993224890896329
2.4889,86,70,0.994628742332225
2.4889,86,71,0.992370372631001
2.4889,86,72,0.993224890896329
2.4889,86,73,0.994354075746941
2.4889,86,74,0.992370372631001
2.4889,86,75,0.993499557481613
2.4889,86,76,0.992950224311045
2.4889,86,77,0.993499557481613
2.4889,86,78,0.991241187780389
2.4889,86,79,0.992950224311045
2.4889,86,80,0.993774224066897
2.4889,86,81,0.992645039216285
2.4889,86,82,0.991515854365673
2.4889,86,83,0.994628742332225
2.4889,86,84,0.992950224311045
2.4889,86,85,0.993774224066897
2.4889,86,86,0.993224890896329
2.4889,86,87,0.993499557481613
2.4889,86,88,0.993774224066897
2.4889,86,89,0.993774224066897
2.4889,86,90,0.993774224066897
2.4889,86,91,0.994354075746941
2.4889,86,92,0.993774224066897
2.4889,86,93,0.993499557481613
2.4889,86,94,0.992950224311045
2.4889,86,95,0.992370372631001
2.4889,86,96,0.993774224066897
2.4889,86,97,0.992950224311045
2.4889,86,98,0.993499557481613
2.4889,86,99,0.994903408917509
2.4889,86,100,0.993774224066897
2.4889,86,101,0.995483260597552
2.4889,86,102,0.993774224066897
2.4889,86,103,0.993499557481613
2.4889,86,104,0.993499557481613
2.4889,86,105,0.993774224066897
2.4889,86,106,0.994628742332225
2.4889,86,107,0.993224890896329
2.5172,87,1,0.994354075746941
2.5172,87,2,0.993774224066897
2.5172,87,3,0.992645039216285
2.5172,87,4,0.994628742332225
2.5172,87,5,0.993224890896329
2.5172,87,6,0.992950224311045
2.5172,87,7,0.993224890896329
2.5172,87,8,0.992645039216285
2.5172,87,9,0.992645039216285
2.5172,87,10,0.992370372631001
2.5172,87,11,0.994903408917509
2.5172,87,12,0.993774224066897
2.5172,87,13,0.992950224311045
2.5172,87,14,0.994628742332225
2.5172,87,15,0.993774224066897
2.5172,87,16,0.993224890896329
2.5172,87,17,0.994079409161656
2.5172,87,18,0.992370372631001
2.5172,87,19,0.993224890896329
2.5172,87,20,0.992950224311045
2.5172,87,21,0.993774224066897
2.5172,87,22,0.992950224311045
2.5172,87,23,0.992950224311045
2.5172,87,24,0.992095706045717
2.5172,87,25,0.995208594012268
2.5172,87,26,0.993499557481613
2.5172,87,27,0.994079409161656
2.5172,87,28,0.992095706045717
2.5172,87,29,0.993774224066897
2.5172,87,30,0.993499557481613
2.5172,87,31,0.991821039460433
2.5172,87,32,0.994903408917509
2.5172,87,33,0.993499557481613
2.5172,87,34,0.992645039216285
2.5172,87,35,0.994354075746941
2.5172,87,36,0.994354075746941
2.5172,87,37,0.992370372631001
2.5172,87,38,0.993499557481613
2.5172,87,39,0.995208594012268
2.5172,87,40,0.994079409161656
2.5172,87,41,0.992645039216285
2.5172,87,42,0.993499557481613
2.5172,87,43,0.993224890896329
2.5172,87,44,0.992645039216285
2.5172,87,45,0.994354075746941
2.5172,87,46,0.994354075746941
2.5172,87,47,0.992950224311045
2.5172,87,48,0.995208594012268
2.5172,87,49,0.993499557481613
2.5172,87,50,0.992370372631001
2.5172,87,51,0.992950224311045
2.5172,87,52,0.993774224066897
2.5172,87,53,0.993499557481613
2.5172,87,54,0.994354075746941
2.5172,87,55,0.993774224066897
2.5172,87,56,0.992950224311045
2.5172,87,57,0.993774224066897
2.5172,87,58,0.994079409161656
2.5172,87,59,0.993499557481613
2.5172,87,60,0.992950224311045
2.5172,87,61,0.994079409161656
2.5172,87,62,0.994903408917509
2.5172,87,63,0.994628742332225
2.5172,87,64,0.994079409161656
2.5172,87,65,0.994354075746941
2.5172,87,66,0.994079409161656
2.5172,87,67,0.994628742332225
2.5172,87,68,0.995208594012268
2.5172,87,69,0.993499557481613
2.5172,87,70,0.992645039216285
2.5172,87,71,0.994903408917509
2.5172,87,72,0.992645039216285
2.5172,87,73,0.992950224311045
2.5172,87,74,0.993499557481613
2.5172,87,75,0.993774224066897
2.5172,87,76,0.992645039216285
2.5172,87,77,0.993499557481613
2.5172,87,78,0.992645039216285
2.5172,87,79,0.992095706045717
2.5172,87,80,0.993774224066897
2.5172,87,81,0.994628742332225
2.5172,87,82,0.992645039216285
2.5172,87,83,0.992950224311045
2.5172,87,84,0.994079409161656
2.5172,87,85,0.993499557481613
2.5172,87,86,0.993224890896329
2.5172,87,87,0.994079409161656
2.5172,87,88,0.994903408917509
2.5172,87,89,0.994354075746941
2.5172,87,90,0.992950224311045
2.5172,87,91,0.995483260597552
2.5172,87,92,0.99603259376812
2.5172,87,93,0.993774224066897
2.5172,87,94,0.993774224066897
2.5172,87,95,0.993499557481613
2.5172,87,96,0.993499557481613
2.5172,87,97,0.992950224311045
2.5172,87,98,0.99633777886288
2.5172,87,99,0.992950224311045
2.5172,87,100,0.994079409161656
2.5172,87,101,0.993774224066897
2.5172,87,102,0.993224890896329
2.5172,87,103,0.995483260597552
2.5172,87,104,0.993499557481613
2.5172,87,105,0.994628742332225
2.5172,87,106,0.992950224311045
2.5172,87,107,0.992370372631001
2.5456,88,1,0.994628742332225
2.5456,88,2,0.992950224311045
2.5456,88,3,0.994354075746941
2.5456,88,4,0.993774224066897
2.5456,88,5,0.993774224066897
2.5456,88,6,0.992645039216285
2.5456,88,7,0.993224890896329
2.5456,88,8,0.992645039216285
2.5456,88,9,0.992645039216285
2.5456,88,10,0.993499557481613
2.5456,88,11,0.994354075746941
2.5456,88,12,0.992950224311045
2.5456,88,13,0.994079409161656
2.5456,88,14,0.992950224311045
2.5456,88,15,0.993224890896329
2.5456,88,16,0.994354075746941
2.5456,88,17,0.993774224066897
2.5456,88,18,0.992645039216285
2.5456,88,19,0.993224890896329
2.5456,88,20,0.993499557481613
2.5456,88,21,0.994628742332225
2.5456,88,22,0.993499557481613
2.5456,88,23,0.995208594012268
2.5456,88,24,0.994628742332225
2.5456,88,25,0.993224890896329
2.5456,88,26,0.994079409161656
2.5456,88,27,0.994354075746941
2.5456,88,28,0.993499557481613
2.5456,88,29,0.995208594012268
2.5456,88,30,0.995757927182836
2.5456,88,31,0.992095706045717
2.5456,88,32,0.993224890896329
2.5456,88,33,0.994354075746941
2.5456,88,34,0.994079409161656
2.5456,88,35,0.994354075746941
2.5456,88,36,0.994079409161656
2.5456,88,37,0.993224890896329
2.5456,88,38,0.993224890896329
2.5456,88,39,0.993499557481613
2.5456,88,40,0.994354075746941
2.5456,88,41,0.994628742332225
2.5456,88,42,0.994628742332225
2.5456,88,43,0.993774224066897
2.5456,88,44,0.994354075746941
2.5456,88,45,0.994354075746941
2.5456,88,46,0.994628742332225
2.5456,88,47,0.995208594012268
2.5456,88,48,0.994079409161656
2.5456,88,49,0.993774224066897
2.5456,88,50,0.993224890896329
2.5456,88,51,0.992645039216285
2.5456,88,52,0.992095706045717
2.5456,88,53,0.993499557481613
2.5456,88,54,0.993499557481613
2.5456,88,55,0.991821039460433
2.5456,88,56,0.994079409161656
2.5456,88,57,0.994354075746941
2.5456,88,58,0.992095706045717
2.5456,88,59,0.993774224066897
2.5456,88,60,0.994628742332225
2.5456,88,61,0.994354075746941
2.5456,88,62,0.994079409161656
2.5456,88,63,0.993499557481613
2.5456,88,64,0.993224890896329
2.5456,88,65,0.994079409161656
2.5456,88,66,0.993224890896329
2.5456,88,67,0.993224890896329
2.5456,88,68,0.993499557481613
2.5456,88,69,0.994079409161656
2.5456,88,70,0.994354075746941
2.5456,88,71,0.991821039460433
2.5456,88,72,0.991241187780389
2.5456,88,73,0.993499557481613
2.5456,88,74,0.992370372631001
2.5456,88,75,0.995208594012268
2.5456,88,76,0.992645039216285
2.5456,88,77,0.994079409161656
2.5456,88,78,0.993774224066897
2.5456,88,79,0.994354075746941
2.5456,88,80,0.994903408917509
2.5456,88,81,0.994903408917509
2.5456,88,82,0.994079409161656
2.5456,88,83,0.994079409161656
2.5456,88,84,0.994903408917509
2.5456,88,85,0.994628742332225
2.5456,88,86,0.994079409161656
2.5456,88,87,0.992645039216285
2.5456,88,88,0.994079409161656
2.5456,88,89,0.994628742332225
2.5456,88,90,0.992645039216285
2.5456,88,91,0.994903408917509
2.5456,88,92,0.993224890896329
2.5456,88,93,0.993499557481613
2.5456,88,94,0.994903408917509
2.5456,88,95,0.992950224311045
2.5456,88,96,0.994079409161656
2.5456,88,97,0.992950224311045
2.5456,88,98,0.993774224066897
2.5456,88,99,0.994354075746941
2.5456,88,100,0.994903408917509
2.5456,88,101,0.992950224311045
2.5456,88,102,0.994079409161656
2.5456,88,103,0.995483260597552
2.5456,88,104,0.991821039460433
2.5456,88,105,0.994079409161656
2.5456,88,106,0.994628742332225
2.5456,88,107,0.992645039216285
2.574,89,1,0.992370372631001
2.574,89,2,0.992950224311045
2.574,89,3,0.994628742332225
2.574,89,4,0.994354075746941
2.574,89,5,0.993499557481613
2.574,89,6,0.994354075746941
2.574,89,7,0.992095706045717
2.574,89,8,0.994354075746941
2.574,89,9,0.994079409161656
2.574,89,10,0.992095706045717
2.574,89,11,0.992645039216285
2.574,89,12,0.993499557481613
2.574,89,13,0.992095706045717
2.574,89,14,0.993499557481613
2.574,89,15,0.994628742332225
2.574,89,16,0.994354075746941
2.574,89,17,0.992950224311045
2.574,89,18,0.994628742332225
2.574,89,19,0.994079409161656
2.574,89,20,0.992950224311045
2.574,89,21,0.993499557481613
2.574,89,22,0.992950224311045
2.574,89,23,0.994079409161656
2.574,89,24,0.993774224066897
2.574,89,25,0.994628742332225
2.574,89,26,0.993224890896329
2.574,89,27,0.992370372631001
2.574,89,28,0.992950224311045
2.574,89,29,0.993499557481613
2.574,89,30,0.994079409161656
2.574,89,31,0.994079409161656
2.574,89,32,0.995208594012268
2.574,89,33,0.993499557481613
2.574,89,34,0.994628742332225
2.574,89,35,0.993499557481613
2.574,89,36,0.993224890896329
2.574,89,37,0.995208594012268
2.574,89,38,0.994079409161656
2.574,89,39,0.993499557481613
2.574,89,40,0.992370372631001
2.574,89,41,0.992950224311045
2.574,89,42,0.991821039460433
2.574,89,43,0.994903408917509
2.574,89,44,0.994354075746941
2.574,89,45,0.994079409161656
2.574,89,46,0.993499557481613
2.574,89,47,0.993499557481613
2.574,89,48,0.994079409161656
2.574,89,49,0.993224890896329
2.574,89,50,0.992950224311045
2.574,89,51,0.993499557481613
2.574,89,52,0.992370372631001
2.574,89,53,0.992095706045717
2.574,89,54,0.992370372631001
2.574,89,55,0.994079409161656
2.574,89,56,0.993774224066897
2.574,89,57,0.993499557481613
2.574,89,58,0.993224890896329
2.574,89,59,0.994628742332225
2.574,89,60,0.993499557481613
2.574,89,61,0.994354075746941
2.574,89,62,0.993224890896329
2.574,89,63,0.992095706045717
2.574,89,64,0.992950224311045
2.574,89,65,0.992370372631001
2.574,89,66,0.992095706045717
2.574,89,67,0.992645039216285
2.574,89,68,0.993499557481613
2.574,89,69,0.994354075746941
2.574,89,70,0.993224890896329
2.574,89,71,0.993499557481613
2.574,89,72,0.994628742332225
2.574,89,73,0.992950224311045
2.574,89,74,0.994903408917509
2.574,89,75,0.992095706045717
2.574,89,76,0.991821039460433
2.574,89,77,0.993224890896329
2.574,89,78,0.993774224066897
2.574,89,79,0.991821039460433
2.574,89,80,0.992645039216285
2.574,89,81,0.993774224066897
2.574,89,82,0.992950224311045
2.574,89,83,0.994354075746941
2.574,89,84,0.994079409161656
2.574,89,85,0.994354075746941
2.574,89,86,0.992950224311045
2.574,89,87,0.992950224311045
2.574,89,88,0.993499557481613
2.574,89,89,0.993224890896329
2.574,89,90,0.993499557481613
2.574,89,91,0.995208594012268
2.574,89,92,0.993499557481613
2.574,89,93,0.993774224066897
2.574,89,94,0.994628742332225
2.574,89,95,0.992950224311045
2.574,89,96,0.993774224066897
2.574,89,97,0.995757927182836
2.574,89,98,0.993774224066897
2.574,89,99,0.993774224066897
2.574,89,100,0.993774224066897
2.574,89,101,0.994079409161656
2.574,89,102,0.993224890896329
2.574,89,103,0.991821039460433
2.574,89,104,0.994354075746941
2.574,89,105,0.992370372631001
2.574,89,106,0.99633777886288
2.574,89,107,0.994903408917509
2.6024,90,1,0.993499557481613
2.6024,90,2,0.994903408917509
2.6024,90,3,0.992645039216285
2.6024,90,4,0.993499557481613
2.6024,90,5,0.992370372631001
2.6024,90,6,0.994079409161656
2.6024,90,7,0.994354075746941
2.6024,90,8,0.994354075746941
2.6024,90,9,0.993774224066897
2.6024,90,10,0.994079409161656
2.6024,90,11,0.994903408917509
2.6024,90,12,0.993224890896329
2.6024,90,13,0.993224890896329
2.6024,90,14,0.992645039216285
2.6024,90,15,0.993774224066897
2.6024,90,16,0.994354075746941
2.6024,90,17,0.994079409161656
2.6024,90,18,0.994079409161656
2.6024,90,19,0.992645039216285
2.6024,90,20,0.994903408917509
2.6024,90,21,0.991821039460433
2.6024,90,22,0.992645039216285
2.6024,90,23,0.993499557481613
2.6024,90,24,0.992950224311045
2.6024,90,25,0.994354075746941
2.6024,90,26,0.994903408917509
2.6024,90,27,0.994903408917509
2.6024,90,28,0.992370372631001
2.6024,90,29,0.992950224311045
2.6024,90,30,0.994903408917509
2.6024,90,31,0.992645039216285
2.6024,90,32,0.993499557481613
2.6024,90,33,0.992950224311045
2.6024,90,34,0.993224890896329
2.6024,90,35,0.993774224066897
2.6024,90,36,0.993224890896329
2.6024,90,37,0.993224890896329
2.6024,90,38,0.994079409161656
2.6024,90,39,0.993499557481613
2.6024,90,40,0.993499557481613
2.6024,90,41,0.993774224066897
2.6024,90,42,0.997741630298776
2.6024,90,43,0.994354075746941
2.6024,90,44,0.994079409161656
2.6024,90,45,0.994079409161656
2.6024,90,46,0.994079409161656
2.6024,90,47,0.994628742332225
2.6024,90,48,0.992645039216285
2.6024,90,49,0.994354075746941
2.6024,90,50,0.992645039216285
2.6024,90,51,0.993774224066897
2.6024,90,52,0.993499557481613
2.6024,90,53,0.994354075746941
2.6024,90,54,0.994079409161656
2.6024,90,55,0.994628742332225
2.6024,90,56,0.993224890896329
2.6024,90,57,0.992645039216285
2.6024,90,58,0.992095706045717
2.6024,90,59,0.994079409161656
2.6024,90,60,0.992370372631001
2.6024,90,61,0.994628742332225
2.6024,90,62,0.992950224311045
2.6024,90,63,0.993224890896329
2.6024,90,64,0.993224890896329
2.6024,90,65,0.994079409161656
2.6024,90,66,0.994079409161656
2.6024,90,67,0.993224890896329
2.6024,90,68,0.992370372631001
2.6024,90,69,0.994354075746941
2.6024,90,70,0.994079409161656
2.6024,90,71,0.993499557481613
2.6024,90,72,0.992950224311045
2.6024,90,73,0.992645039216285
2.6024,90,74,0.992645039216285
2.6024,90,75,0.994354075746941
2.6024,90,76,0.994079409161656
2.6024,90,77,0.992950224311045
2.6024,90,78,0.993774224066897
2.6024,90,79,0.993499557481613
2.6024,90,80,0.992645039216285
2.6024,90,81,0.993224890896329
2.6024,90,82,0.993774224066897
2.6024,90,83,0.993774224066897
2.6024,90,84,0.992370372631001
2.6024,90,85,0.995208594012268
2.6024,90,86,0.994079409161656
2.6024,90,87,0.994079409161656
2.6024,90,88,0.992095706045717
2.6024,90,89,0.992370372631001
2.6024,90,90,0.992645039216285
2.6024,90,91,0.994354075746941
2.6024,90,92,0.993224890896329
2.6024,90,93,0.993224890896329
2.6024,90,94,0.993774224066897
2.6024,90,95,0.995208594012268
2.6024,90,96,0.995208594012268
2.6024,90,97,0.993774224066897
2.6024,90,98,0.995208594012268
2.6024,90,99,0.993224890896329
2.6024,90,100,0.992950224311045
2.6024,90,101,0.992645039216285
2.6024,90,102,0.992370372631001
2.6024,90,103,0.993224890896329
2.6024,90,104,0.993774224066897
2.6024,90,105,0.994354075746941
2.6024,90,106,0.994354075746941
2.6024,90,107,0.994079409161656
2.6307,91,1,0.993499557481613
2.6307,91,2,0.992095706045717
2.6307,91,3,0.992950224311045
2.6307,91,4,0.993499557481613
2.6307,91,5,0.994079409161656
2.6307,91,6,0.992645039216285
2.6307,91,7,0.992950224311045
2.6307,91,8,0.993499557481613
2.6307,91,9,0.992645039216285
2.6307,91,10,0.993774224066897
2.6307,91,11,0.993499557481613
2.6307,91,12,0.994354075746941
2.6307,91,13,0.993499557481613
2.6307,91,14,0.992645039216285
2.6307,91,15,0.994354075746941
2.6307,91,16,0.992370372631001
2.6307,91,17,0.992950224311045
2.6307,91,18,0.993774224066897
2.6307,91,19,0.993224890896329
2.6307,91,20,0.992095706045717
2.6307,91,21,0.994628742332225
2.6307,91,22,0.993224890896329
2.6307,91,23,0.994079409161656
2.6307,91,24,0.992950224311045
2.6307,91,25,0.992645039216285
2.6307,91,26,0.994079409161656
2.6307,91,27,0.996612445448164
2.6307,91,28,0.994354075746941
2.6307,91,29,0.992370372631001
2.6307,91,30,0.994628742332225
2.6307,91,31,0.994354075746941
2.6307,91,32,0.993499557481613
2.6307,91,33,0.992645039216285
2.6307,91,34,0.994903408917509
2.6307,91,35,0.993224890896329
2.6307,91,36,0.991821039460433
2.6307,91,37,0.992645039216285
2.6307,91,38,0.994628742332225
2.6307,91,39,0.993774224066897
2.6307,91,40,0.993224890896329
2.6307,91,41,0.993499557481613
2.6307,91,42,0.992645039216285
2.6307,91,43,0.992950224311045
2.6307,91,44,0.994354075746941
2.6307,91,45,0.994079409161656
2.6307,91,46,0.994354075746941
2.6307,91,47,0.995483260597552
2.6307,91,48,0.994079409161656
2.6307,91,49,0.994079409161656
2.6307,91,50,0.993774224066897
2.6307,91,51,0.994354075746941
2.6307,91,52,0.992095706045717
2.6307,91,53,0.992095706045717
2.6307,91,54,0.992645039216285
2.6307,91,55,0.992095706045717
2.6307,91,56,0.992950224311045
2.6307,91,57,0.994079409161656
2.6307,91,58,0.993499557481613
2.6307,91,59,0.991821039460433
2.6307,91,60,0.992645039216285
2.6307,91,61,0.994628742332225
2.6307,91,62,0.993224890896329
2.6307,91,63,0.994079409161656
2.6307,91,64,0.992645039216285
2.6307,91,65,0.994628742332225
2.6307,91,66,0.99603259376812
2.6307,91,67,0.994628742332225
2.6307,91,68,0.994079409161656
2.6307,91,69,0.993499557481613
2.6307,91,70,0.993224890896329
2.6307,91,71,0.994079409161656
2.6307,91,72,0.992950224311045
2.6307,91,73,0.993224890896329
2.6307,91,74,0.993774224066897
2.6307,91,75,0.993499557481613
2.6307,91,76,0.994628742332225
2.6307,91,77,0.992370372631001
2.6307,91,78,0.992950224311045
2.6307,91,79,0.993774224066897
2.6307,91,80,0.993499557481613
2.6307,91,81,0.993499557481613
2.6307,91,82,0.993224890896329
2.6307,91,83,0.993774224066897
2.6307,91,84,0.993774224066897
2.6307,91,85,0.994903408917509
2.6307,91,86,0.994079409161656
2.6307,91,87,0.994903408917509
2.6307,91,88,0.993224890896329
2.6307,91,89,0.993499557481613
2.6307,91,90,0.994903408917509
2.6307,91,91,0.992645039216285
2.6307,91,92,0.992645039216285
2.6307,91,93,0.994354075746941
2.6307,91,94,0.994903408917509
2.6307,91,95,0.993224890896329
2.6307,91,96,0.993224890896329
2.6307,91,97,0.994354075746941
2.6307,91,98,0.992950224311045
2.6307,91,99,0.994079409161656
2.6307,91,100,0.993224890896329
2.6307,91,101,0.992950224311045
2.6307,91,102,0.992645039216285
2.6307,91,103,0.993499557481613
2.6307,91,104,0.993499557481613
2.6307,91,105,0.993774224066897
2.6307,91,106,0.995208594012268
2.6307,91,107,0.994354075746941
2.6591,92,1,0.994628742332225
2.6591,92,2,0.993224890896329
2.6591,92,3,0.993499557481613
2.6591,92,4,0.994628742332225
2.6591,92,5,0.994079409161656
2.6591,92,6,0.993774224066897
2.6591,92,7,0.992370372631001
2.6591,92,8,0.994628742332225
2.6591,92,9,0.994628742332225
2.6591,92,10,0.993774224066897
2.6591,92,11,0.994354075746941
2.6591,92,12,0.994354075746941
2.6591,92,13,0.993499557481613
2.6591,92,14,0.992645039216285
2.6591,92,15,0.994079409161656
2.6591,92,16,0.994628742332225
2.6591,92,17,0.993774224066897
2.6591,92,18,0.995483260597552
2.6591,92,19,0.993224890896329
2.6591,92,20,0.992370372631001
2.6591,92,21,0.992950224311045
2.6591,92,22,0.992645039216285
2.6591,92,23,0.994628742332225
2.6591,92,24,0.993774224066897
2.6591,92,25,0.993499557481613
2.6591,92,26,0.994354075746941
2.6591,92,27,0.994354075746941
2.6591,92,28,0.993224890896329
2.6591,92,29,0.994079409161656
2.6591,92,30,0.993499557481613
2.6591,92,31,0.992950224311045
2.6591,92,32,0.99603259376812
2.6591,92,33,0.994903408917509
2.6591,92,34,0.995208594012268
2.6591,92,35,0.995757927182836
2.6591,92,36,0.993224890896329
2.6591,92,37,0.992950224311045
2.6591,92,38,0.994079409161656
2.6591,92,39,0.993774224066897
2.6591,92,40,0.993499557481613
2.6591,92,41,0.993774224066897
2.6591,92,42,0.994079409161656
2.6591,92,43,0.993499557481613
2.6591,92,44,0.993774224066897
2.6591,92,45,0.994903408917509
2.6591,92,46,0.994628742332225
2.6591,92,47,0.992950224311045
2.6591,92,48,0.995208594012268
2.6591,92,49,0.994354075746941
2.6591,92,50,0.99603259376812
2.6591,92,51,0.991821039460433
2.6591,92,52,0.993499557481613
2.6591,92,53,0.994079409161656
2.6591,92,54,0.994903408917509
2.6591,92,55,0.992950224311045
2.6591,92,56,0.994079409161656
2.6591,92,57,0.993499557481613
2.6591,92,58,0.994354075746941
2.6591,92,59,0.993224890896329
2.6591,92,60,0.993774224066897
2.6591,92,61,0.994079409161656
2.6591,92,62,0.992950224311045
2.6591,92,63,0.993774224066897
2.6591,92,64,0.994354075746941
2.6591,92,65,0.994079409161656
2.6591,92,66,0.993224890896329
2.6591,92,67,0.992950224311045
2.6591,92,68,0.993774224066897
2.6591,92,69,0.992950224311045
2.6591,92,70,0.993499557481613
2.6591,92,71,0.994079409161656
2.6591,92,72,0.993774224066897
2.6591,92,73,0.993224890896329
2.6591,92,74,0.993224890896329
2.6591,92,75,0.994354075746941
2.6591,92,76,0.992950224311045
2.6591,92,77,0.992950224311045
2.6591,92,78,0.993774224066897
2.6591,92,79,0.994079409161656
2.6591,92,80,0.993224890896329
2.6591,92,81,0.995757927182836
2.6591,92,82,0.993224890896329
2.6591,92,83,0.990386669515061
2.6591,92,84,0.993774224066897
2.6591,92,85,0.994354075746941
2.6591,92,86,0.992370372631001
2.6591,92,87,0.993499557481613
2.6591,92,88,0.994628742332225
2.6591,92,89,0.997741630298776
2.6591,92,90,0.994079409161656
2.6591,92,91,0.994354075746941
2.6591,92,92,0.992950224311045
2.6591,92,93,0.993774224066897
2.6591,92,94,0.992950224311045
2.6591,92,95,0.994354075746941
2.6591,92,96,0.994628742332225
2.6591,92,97,0.994079409161656
2.6591,92,98,0.992950224311045
2.6591,92,99,0.992370372631001
2.6591,92,100,0.994903408917509
2.6591,92,101,0.994628742332225
2.6591,92,102,0.993224890896329
2.6591,92,103,0.992950224311045
2.6591,92,104,0.992950224311045
2.6591,92,105,0.993499557481613
2.6591,92,106,0.992095706045717
2.6591,92,107,0.993774224066897
2.6875,93,1,0.994354075746941
2.6875,93,2,0.992950224311045
2.6875,93,3,0.992095706045717
2.6875,93,4,0.994079409161656
2.6875,93,5,0.994079409161656
2.6875,93,6,0.995757927182836
2.6875,93,7,0.992950224311045
2.6875,93,8,0.994354075746941
2.6875,93,9,0.993224890896329
2.6875,93,10,0.994354075746941
2.6875,93,11,0.993774224066897
2.6875,93,12,0.993499557481613
2.6875,93,13,0.992645039216285
2.6875,93,14,0.993499557481613
2.6875,93,15,0.994354075746941
2.6875,93,16,0.993224890896329
2.6875,93,17,0.993774224066897
2.6875,93,18,0.992950224311045
2.6875,93,19,0.994628742332225
2.6875,93,20,0.993774224066897
2.6875,93,21,0.993774224066897
2.6875,93,22,0.994079409161656
2.6875,93,23,0.993774224066897
2.6875,93,24,0.994903408917509
2.6875,93,25,0.994903408917509
2.6875,93,26,0.995483260597552
2.6875,93,27,0.994903408917509
2.6875,93,28,0.993224890896329
2.6875,93,29,0.994903408917509
2.6875,93,30,0.994628742332225
2.6875,93,31,0.995483260597552
2.6875,93,32,0.992950224311045
2.6875,93,33,0.994354075746941
2.6875,93,34,0.994354075746941
2.6875,93,35,0.993774224066897
2.6875,93,36,0.993224890896329
2.6875,93,37,0.994903408917509
2.6875,93,38,0.994079409161656
2.6875,93,39,0.994628742332225
2.6875,93,40,0.992095706045717
2.6875,93,41,0.994628742332225
2.6875,93,42,0.993499557481613
2.6875,93,43,0.994354075746941
2.6875,93,44,0.993774224066897
2.6875,93,45,0.992370372631001
2.6875,93,46,0.993499557481613
2.6875,93,47,0.993774224066897
2.6875,93,48,0.993224890896329
2.6875,93,49,0.994354075746941
2.6875,93,50,0.995483260597552
2.6875,93,51,0.993499557481613
2.6875,93,52,0.992370372631001
2.6875,93,53,0.993224890896329
2.6875,93,54,0.994354075746941
2.6875,93,55,0.993224890896329
2.6875,93,56,0.994079409161656
2.6875,93,57,0.993499557481613
2.6875,93,58,0.992645039216285
2.6875,93,59,0.993774224066897
2.6875,93,60,0.993774224066897
2.6875,93,61,0.992950224311045
2.6875,93,62,0.993499557481613
2.6875,93,63,0.993224890896329
2.6875,93,64,0.994354075746941
2.6875,93,65,0.993774224066897
2.6875,93,66,0.994903408917509
2.6875,93,67,0.994903408917509
2.6875,93,68,0.992645039216285
2.6875,93,69,0.993774224066897
2.6875,93,70,0.994354075746941
2.6875,93,71,0.992370372631001
2.6875,93,72,0.993774224066897
2.6875,93,73,0.992370372631001
2.6875,93,74,0.992645039216285
2.6875,93,75,0.992370372631001
2.6875,93,76,0.992950224311045
2.6875,93,77,0.996612445448164
2.6875,93,78,0.993774224066897
2.6875,93,79,0.994628742332225
2.6875,93,80,0.994903408917509
2.6875,93,81,0.993774224066897
2.6875,93,82,0.993224890896329
2.6875,93,83,0.994903408917509
2.6875,93,84,0.993499557481613
2.6875,93,85,0.992095706045717
2.6875,93,86,0.994354075746941
2.6875,93,87,0.994628742332225
2.6875,93,88,0.994903408917509
2.6875,93,89,0.993774224066897
2.6875,93,90,0.994079409161656
2.6875,93,91,0.993224890896329
2.6875,93,92,0.994079409161656
2.6875,93,93,0.993499557481613
2.6875,93,94,0.992950224311045
2.6875,93,95,0.993224890896329
2.6875,93,96,0.994079409161656
2.6875,93,97,0.993774224066897
2.6875,93,98,0.993499557481613
2.6875,93,99,0.992370372631001
2.6875,93,100,0.993224890896329
2.6875,93,101,0.992095706045717
2.6875,93,102,0.993224890896329
2.6875,93,103,0.994903408917509
2.6875,93,104,0.993499557481613
2.6875,93,105,0.994079409161656
2.6875,93,106,0.993224890896329
2.6875,93,107,0.993224890896329
2.7159,94,1,0.994354075746941
2.7159,94,2,0.993499557481613
2.7159,94,3,0.993774224066897
2.7159,94,4,0.994079409161656
2.7159,94,5,0.994354075746941
2.7159,94,6,0.993224890896329
2.7159,94,7,0.992645039216285
2.7159,94,8,0.993224890896329
2.7159,94,9,0.993774224066897
2.7159,94,10,0.994628742332225
2.7159,94,11,0.995483260597552
2.7159,94,12,0.994079409161656
2.7159,94,13,0.993774224066897
2.7159,94,14,0.993499557481613
2.7159,94,15,0.993499557481613
2.7159,94,16,0.994903408917509
2.7159,94,17,0.993499557481613
2.7159,94,18,0.993774224066897
2.7159,94,19,0.993774224066897
2.7159,94,20,0.994628742332225
2.7159,94,21,0.993224890896329
2.7159,94,22,0.993774224066897
2.7159,94,23,0.993499557481613
2.7159,94,24,0.993774224066897
2.7159,94,25,0.994079409161656
2.7159,94,26,0.993499557481613
2.7159,94,27,0.993499557481613
2.7159,94,28,0.994079409161656
2.7159,94,29,0.993224890896329
2.7159,94,30,0.993224890896329
2.7159,94,31,0.994079409161656
2.7159,94,32,0.993499557481613
2.7159,94,33,0.992645039216285
2.7159,94,34,0.992370372631001
2.7159,94,35,0.993499557481613
2.7159,94,36,0.992370372631001
2.7159,94,37,0.994628742332225
2.7159,94,38,0.992370372631001
2.7159,94,39,0.993774224066897
2.7159,94,40,0.994079409161656
2.7159,94,41,0.993499557481613
2.7159,94,42,0.994628742332225
2.7159,94,43,0.994354075746941
2.7159,94,44,0.992950224311045
2.7159,94,45,0.993224890896329
2.7159,94,46,0.994079409161656
2.7159,94,47,0.992370372631001
2.7159,94,48,0.992950224311045
2.7159,94,49,0.994628742332225
2.7159,94,50,0.994628742332225
2.7159,94,51,0.992370372631001
2.7159,94,52,0.993499557481613
2.7159,94,53,0.992370372631001
2.7159,94,54,0.992645039216285
2.7159,94,55,0.993774224066897
2.7159,94,56,0.993774224066897
2.7159,94,57,0.994903408917509
2.7159,94,58,0.993224890896329
2.7159,94,59,0.992370372631001
2.7159,94,60,0.993224890896329
2.7159,94,61,0.994079409161656
2.7159,94,62,0.995757927182836
2.7159,94,63,0.994628742332225
2.7159,94,64,0.992370372631001
2.7159,94,65,0.994079409161656
2.7159,94,66,0.993499557481613
2.7159,94,67,0.993499557481613
2.7159,94,68,0.993499557481613
2.7159,94,69,0.993224890896329
2.7159,94,70,0.994079409161656
2.7159,94,71,0.993224890896329
2.7159,94,72,0.994628742332225
2.7159,94,73,0.993774224066897
2.7159,94,74,0.993499557481613
2.7159,94,75,0.993224890896329
2.7159,94,76,0.993224890896329
2.7159,94,77,0.992370372631001
2.7159,94,78,0.993499557481613
2.7159,94,79,0.993499557481613
2.7159,94,80,0.992370372631001
2.7159,94,81,0.992950224311045
2.7159,94,82,0.994079409161656
2.7159,94,83,0.994628742332225
2.7159,94,84,0.994079409161656
2.7159,94,85,0.995208594012268
2.7159,94,86,0.993224890896329
2.7159,94,87,0.993224890896329
2.7159,94,88,0.992645039216285
2.7159,94,89,0.994354075746941
2.7159,94,90,0.993499557481613
2.7159,94,91,0.994628742332225
2.7159,94,92,0.993499557481613
2.7159,94,93,0.992950224311045
2.7159,94,94,0.994079409161656
2.7159,94,95,0.993499557481613
2.7159,94,96,0.992950224311045
2.7159,94,97,0.992645039216285
2.7159,94,98,0.994079409161656
2.7159,94,99,0.994079409161656
2.7159,94,100,0.992370372631001
2.7159,94,101,0.994903408917509
2.7159,94,102,0.992095706045717
2.7159,94,103,0.994628742332225
2.7159,94,104,0.994628742332225
2.7159,94,105,0.994903408917509
2.7159,94,106,0.993224890896329
2.7159,94,107,0.992950224311045
2.7442,95,1,0.992645039216285
2.7442,95,2,0.994628742332225
2.7442,95,3,0.992370372631001
2.7442,95,4,0.993774224066897
2.7442,95,5,0.993774224066897
2.7442,95,6,0.993499557481613
2.7442,95,7,0.993499557481613
2.7442,95,8,0.994628742332225
2.7442,95,9,0.993224890896329
2.7442,95,10,0.992370372631001
2.7442,95,11,0.994903408917509
2.7442,95,12,0.991821039460433
2.7442,95,13,0.993499557481613
2.7442,95,14,0.993774224066897
2.7442,95,15,0.993499557481613
2.7442,95,16,0.992950224311045
2.7442,95,17,0.994354075746941
2.7442,95,18,0.993224890896329
2.7442,95,19,0.992645039216285
2.7442,95,20,0.993499557481613
2.7442,95,21,0.995757927182836
2.7442,95,22,0.992095706045717
2.7442,95,23,0.994354075746941
2.7442,95,24,0.994079409161656
2.7442,95,25,0.993224890896329
2.7442,95,26,0.995208594012268
2.7442,95,27,0.994079409161656
2.7442,95,28,0.994628742332225
2.7442,95,29,0.992370372631001
2.7442,95,30,0.993224890896329
2.7442,95,31,0.993499557481613
2.7442,95,32,0.993774224066897
2.7442,95,33,0.993499557481613
2.7442,95,34,0.994903408917509
2.7442,95,35,0.992950224311045
2.7442,95,36,0.993499557481613
2.7442,95,37,0.994079409161656
2.7442,95,38,0.993224890896329
2.7442,95,39,0.994079409161656
2.7442,95,40,0.993774224066897
2.7442,95,41,0.991821039460433
2.7442,95,42,0.994354075746941
2.7442,95,43,0.994354075746941
2.7442,95,44,0.994903408917509
2.7442,95,45,0.993774224066897
2.7442,95,46,0.994903408917509
2.7442,95,47,0.993499557481613
2.7442,95,48,0.994079409161656
2.7442,95,49,0.994079409161656
2.7442,95,50,0.994628742332225
2.7442,95,51,0.993774224066897
2.7442,95,52,0.992645039216285
2.7442,95,53,0.994628742332225
2.7442,95,54,0.992950224311045
2.7442,95,55,0.992950224311045
2.7442,95,56,0.993499557481613
2.7442,95,57,0.994079409161656
2.7442,95,58,0.993774224066897
2.7442,95,59,0.993774224066897
2.7442,95,60,0.994628742332225
2.7442,95,61,0.993499557481613
2.7442,95,62,0.994354075746941
2.7442,95,63,0.994354075746941
2.7442,95,64,0.993224890896329
2.7442,95,65,0.992645039216285
2.7442,95,66,0.994628742332225
2.7442,95,67,0.993774224066897
2.7442,95,68,0.992370372631001
2.7442,95,69,0.994628742332225
2.7442,95,70,0.993774224066897
2.7442,95,71,0.993774224066897
2.7442,95,72,0.993499557481613
2.7442,95,73,0.992950224311045
2.7442,95,74,0.994903408917509
2.7442,95,75,0.991515854365673
2.7442,95,76,0.994354075746941
2.7442,95,77,0.994354075746941
2.7442,95,78,0.994354075746941
2.7442,95,79,0.993774224066897
2.7442,95,80,0.994354075746941
2.7442,95,81,0.995208594012268
2.7442,95,82,0.994628742332225
2.7442,95,83,0.993499557481613
2.7442,95,84,0.993499557481613
2.7442,95,85,0.993224890896329
2.7442,95,86,0.993774224066897
2.7442,95,87,0.994354075746941
2.7442,95,88,0.994354075746941
2.7442,95,89,0.994079409161656
2.7442,95,90,0.993774224066897
2.7442,95,91,0.994079409161656
2.7442,95,92,0.993499557481613
2.7442,95,93,0.994628742332225
2.7442,95,94,0.994079409161656
2.7442,95,95,0.995483260597552
2.7442,95,96,0.994079409161656
2.7442,95,97,0.994354075746941
2.7442,95,98,0.993499557481613
2.7442,95,99,0.993774224066897
2.7442,95,100,0.993224890896329
2.7442,95,101,0.993499557481613
2.7442,95,102,0.993224890896329
2.7442,95,103,0.994628742332225
2.7442,95,104,0.994628742332225
2.7442,95,105,0.994079409161656
2.7442,95,106,0.993499557481613
2.7442,95,107,0.992950224311045
2.7726,96,1,0.994628742332225
2.7726,96,2,0.993499557481613
2.7726,96,3,0.992645039216285
2.7726,96,4,0.994354075746941
2.7726,96,5,0.993499557481613
2.7726,96,6,0.994903408917509
2.7726,96,7,0.994628742332225
2.7726,96,8,0.995208594012268
2.7726,96,9,0.994079409161656
2.7726,96,10,0.992950224311045
2.7726,96,11,0.992095706045717
2.7726,96,12,0.994079409161656
2.7726,96,13,0.994354075746941
2.7726,96,14,0.994628742332225
2.7726,96,15,0.994354075746941
2.7726,96,16,0.993224890896329
2.7726,96,17,0.994354075746941
2.7726,96,18,0.993774224066897
2.7726,96,19,0.994079409161656
2.7726,96,20,0.993499557481613
2.7726,96,21,0.993224890896329
2.7726,96,22,0.994903408917509
2.7726,96,23,0.994079409161656
2.7726,96,24,0.994628742332225
2.7726,96,25,0.994628742332225
2.7726,96,26,0.993499557481613
2.7726,96,27,0.994354075746941
2.7726,96,28,0.995757927182836
2.7726,96,29,0.993774224066897
2.7726,96,30,0.994079409161656
2.7726,96,31,0.993499557481613
2.7726,96,32,0.994079409161656
2.7726,96,33,0.994628742332225
2.7726,96,34,0.993774224066897
2.7726,96,35,0.995208594012268
2.7726,96,36,0.994079409161656
2.7726,96,37,0.994628742332225
2.7726,96,38,0.993499557481613
2.7726,96,39,0.993774224066897
2.7726,96,40,0.994354075746941
2.7726,96,41,0.992950224311045
2.7726,96,42,0.994903408917509
2.7726,96,43,0.994354075746941
2.7726,96,44,0.993774224066897
2.7726,96,45,0.994628742332225
2.7726,96,46,0.994354075746941
2.7726,96,47,0.993499557481613
2.7726,96,48,0.994903408917509
2.7726,96,49,0.993774224066897
2.7726,96,50,0.993499557481613
2.7726,96,51,0.994079409161656
2.7726,96,52,0.994903408917509
2.7726,96,53,0.995483260597552
2.7726,96,54,0.994354075746941
2.7726,96,55,0.993224890896329
2.7726,96,56,0.994628742332225
2.7726,96,57,0.993224890896329
2.7726,96,58,0.995208594012268
2.7726,96,59,0.994354075746941
2.7726,96,60,0.993774224066897
2.7726,96,61,0.994079409161656
2.7726,96,62,0.993774224066897
2.7726,96,63,0.994903408917509
2.7726,96,64,0.994903408917509
2.7726,96,65,0.994354075746941
2.7726,96,66,0.994903408917509
2.7726,96,67,0.993224890896329
2.7726,96,68,0.994354075746941
2.7726,96,69,0.993774224066897
2.7726,96,70,0.992645039216285
2.7726,96,71,0.993774224066897
2.7726,96,72,0.993499557481613
2.7726,96,73,0.995483260597552
2.7726,96,74,0.994628742332225
2.7726,96,75,0.994354075746941
2.7726,96,76,0.994079409161656
2.7726,96,77,0.994903408917509
2.7726,96,78,0.993774224066897
2.7726,96,79,0.994354075746941
2.7726,96,80,0.994903408917509
2.7726,96,81,0.994079409161656
2.7726,96,82,0.992950224311045
2.7726,96,83,0.994354075746941
2.7726,96,84,0.994628742332225
2.7726,96,85,0.993499557481613
2.7726,96,86,0.994628742332225
2.7726,96,87,0.992370372631001
2.7726,96,88,0.994903408917509
2.7726,96,89,0.993774224066897
2.7726,96,90,0.993224890896329
2.7726,96,91,0.994628742332225
2.7726,96,92,0.994628742332225
2.7726,96,93,0.994628742332225
2.7726,96,94,0.993774224066897
2.7726,96,95,0.994628742332225
2.7726,96,96,0.994354075746941
2.7726,96,97,0.993774224066897
2.7726,96,98,0.992950224311045
2.7726,96,99,0.993224890896329
2.7726,96,100,0.994628742332225
2.7726,96,101,0.994079409161656
2.7726,96,102,0.992645039216285
2.7726,96,103,0.995208594012268
2.7726,96,104,0.994079409161656
2.7726,96,105,0.993224890896329
2.7726,96,106,0.992645039216285
2.7726,96,107,0.993224890896329
2.801,97,1,0.994079409161656
2.801,97,2,0.994354075746941
2.801,97,3,0.994354075746941
2.801,97,4,0.994079409161656
2.801,97,5,0.995208594012268
2.801,97,6,0.993774224066897
2.801,97,7,0.994628742332225
2.801,97,8,0.994628742332225
2.801,97,9,0.992950224311045
2.801,97,10,0.994079409161656
2.801,97,11,0.994903408917509
2.801,97,12,0.993499557481613
2.801,97,13,0.993774224066897
2.801,97,14,0.995757927182836
2.801,97,15,0.994903408917509
2.801,97,16,0.993499557481613
2.801,97,17,0.994354075746941
2.801,97,18,0.994628742332225
2.801,97,19,0.994903408917509
2.801,97,20,0.994079409161656
2.801,97,21,0.993224890896329
2.801,97,22,0.993774224066897
2.801,97,23,0.993499557481613
2.801,97,24,0.994628742332225
2.801,97,25,0.992950224311045
2.801,97,26,0.993774224066897
2.801,97,27,0.995208594012268
2.801,97,28,0.992950224311045
2.801,97,29,0.993774224066897
2.801,97,30,0.994079409161656
2.801,97,31,0.995208594012268
2.801,97,32,0.993774224066897
2.801,97,33,0.993499557481613
2.801,97,34,0.994079409161656
2.801,97,35,0.993774224066897
2.801,97,36,0.993774224066897
2.801,97,37,0.993499557481613
2.801,97,38,0.993774224066897
2.801,97,39,0.995208594012268
2.801,97,40,0.994903408917509
2.801,97,41,0.994628742332225
2.801,97,42,0.99603259376812
2.801,97,43,0.994628742332225
2.801,97,44,0.992370372631001
2.801,97,45,0.995208594012268
2.801,97,46,0.994903408917509
2.801,97,47,0.994903408917509
2.801,97,48,0.993224890896329
2.801,97,49,0.994079409161656
2.801,97,50,0.994354075746941
2.801,97,51,0.994079409161656
2.801,97,52,0.993224890896329
2.801,97,53,0.993499557481613
2.801,97,54,0.995208594012268
2.801,97,55,0.993774224066897
2.801,97,56,0.994903408917509
2.801,97,57,0.993499557481613
2.801,97,58,0.993774224066897
2.801,97,59,0.994903408917509
2.801,97,60,0.993774224066897
2.801,97,61,0.993499557481613
2.801,97,62,0.994079409161656
2.801,97,63,0.993774224066897
2.801,97,64,0.993774224066897
2.801,97,65,0.994628742332225
2.801,97,66,0.995208594012268
2.801,97,67,0.994079409161656
2.801,97,68,0.994079409161656
2.801,97,69,0.994354075746941
2.801,97,70,0.994903408917509
2.801,97,71,0.994628742332225
2.801,97,72,0.993224890896329
2.801,97,73,0.995208594012268
2.801,97,74,0.994079409161656
2.801,97,75,0.995483260597552
2.801,97,76,0.99633777886288
2.801,97,77,0.993499557481613
2.801,97,78,0.994354075746941
2.801,97,79,0.99603259376812
2.801,97,80,0.995208594012268
2.801,97,81,0.994354075746941
2.801,97,82,0.994903408917509
2.801,97,83,0.992950224311045
2.801,97,84,0.993774224066897
2.801,97,85,0.993499557481613
2.801,97,86,0.994628742332225
2.801,97,87,0.994354075746941
2.801,97,88,0.994354075746941
2.801,97,89,0.995208594012268
2.801,97,90,0.994903408917509
2.801,97,91,0.994354075746941
2.801,97,92,0.99603259376812
2.801,97,93,0.994354075746941
2.801,97,94,0.994628742332225
2.801,97,95,0.994354075746941
2.801,97,96,0.993774224066897
2.801,97,97,0.994354075746941
2.801,97,98,0.99603259376812
2.801,97,99,0.995757927182836
2.801,97,100,0.994079409161656
2.801,97,101,0.993774224066897
2.801,97,102,0.994628742332225
2.801,97,103,0.995208594012268
2.801,97,104,0.995208594012268
2.801,97,105,0.994903408917509
2.801,97,106,0.994079409161656
2.801,97,107,0.993224890896329
2.8294,98,1,0.993774224066897
2.8294,98,2,0.993224890896329
2.8294,98,3,0.994628742332225
2.8294,98,4,0.994903408917509
2.8294,98,5,0.994354075746941
2.8294,98,6,0.994354075746941
2.8294,98,7,0.993499557481613
2.8294,98,8,0.993774224066897
2.8294,98,9,0.992370372631001
2.8294,98,10,0.995208594012268
2.8294,98,11,0.992950224311045
2.8294,98,12,0.994903408917509
2.8294,98,13,0.994903408917509
2.8294,98,14,0.994903408917509
2.8294,98,15,0.99603259376812
2.8294,98,16,0.994079409161656
2.8294,98,17,0.993224890896329
2.8294,98,18,0.995757927182836
2.8294,98,19,0.994903408917509
2.8294,98,20,0.994628742332225
2.8294,98,21,0.995208594012268
2.8294,98,22,0.993499557481613
2.8294,98,23,0.995757927182836
2.8294,98,24,0.994903408917509
2.8294,98,25,0.995208594012268
2.8294,98,26,0.994903408917509
2.8294,98,27,0.994903408917509
2.8294,98,28,0.994354075746941
2.8294,98,29,0.994354075746941
2.8294,98,30,0.994354075746941
2.8294,98,31,0.994628742332225
2.8294,98,32,0.994628742332225
2.8294,98,33,0.993499557481613
2.8294,98,34,0.993499557481613
2.8294,98,35,0.995483260597552
2.8294,98,36,0.993774224066897
2.8294,98,37,0.993499557481613
2.8294,98,38,0.994354075746941
2.8294,98,39,0.993499557481613
2.8294,98,40,0.993774224066897
2.8294,98,41,0.994628742332225
2.8294,98,42,0.993774224066897
2.8294,98,43,0.993499557481613
2.8294,98,44,0.994354075746941
2.8294,98,45,0.992645039216285
2.8294,98,46,0.994079409161656
2.8294,98,47,0.993774224066897
2.8294,98,48,0.994903408917509
2.8294,98,49,0.995208594012268
2.8294,98,50,0.994628742332225
2.8294,98,51,0.993499557481613
2.8294,98,52,0.992950224311045
2.8294,98,53,0.992950224311045
2.8294,98,54,0.993499557481613
2.8294,98,55,0.994354075746941
2.8294,98,56,0.994079409161656
2.8294,98,57,0.993499557481613
2.8294,98,58,0.995208594012268
2.8294,98,59,0.994354075746941
2.8294,98,60,0.994354075746941
2.8294,98,61,0.994079409161656
2.8294,98,62,0.994354075746941
2.8294,98,63,0.994354075746941
2.8294,98,64,0.994628742332225
2.8294,98,65,0.992950224311045
2.8294,98,66,0.993774224066897
2.8294,98,67,0.994079409161656
2.8294,98,68,0.993774224066897
2.8294,98,69,0.994079409161656
2.8294,98,70,0.994628742332225
2.8294,98,71,0.994628742332225
2.8294,98,72,0.992950224311045
2.8294,98,73,0.993499557481613
2.8294,98,74,0.993499557481613
2.8294,98,75,0.993499557481613
2.8294,98,76,0.992370372631001
2.8294,98,77,0.992950224311045
2.8294,98,78,0.993774224066897
2.8294,98,79,0.992950224311045
2.8294,98,80,0.993774224066897
2.8294,98,81,0.995208594012268
2.8294,98,82,0.994354075746941
2.8294,98,83,0.992950224311045
2.8294,98,84,0.994079409161656
2.8294,98,85,0.994354075746941
2.8294,98,86,0.99633777886288
2.8294,98,87,0.994354075746941
2.8294,98,88,0.994079409161656
2.8294,98,89,0.993224890896329
2.8294,98,90,0.995483260597552
2.8294,98,91,0.992950224311045
2.8294,98,92,0.994628742332225
2.8294,98,93,0.994079409161656
2.8294,98,94,0.993774224066897
2.8294,98,95,0.994354075746941
2.8294,98,96,0.993499557481613
2.8294,98,97,0.993774224066897
2.8294,98,98,0.992950224311045
2.8294,98,99,0.993499557481613
2.8294,98,100,0.994079409161656
2.8294,98,101,0.994079409161656
2.8294,98,102,0.993774224066897
2.8294,98,103,0.993224890896329
2.8294,98,104,0.994354075746941
2.8294,98,105,0.992645039216285
2.8294,98,106,0.993774224066897
2.8294,98,107,0.994628742332225
2.8577,99,1,0.995208594012268
2.8577,99,2,0.994079409161656
2.8577,99,3,0.994628742332225
2.8577,99,4,0.993499557481613
2.8577,99,5,0.992645039216285
2.8577,99,6,0.993499557481613
2.8577,99,7,0.995757927182836
2.8577,99,8,0.994354075746941
2.8577,99,9,0.992950224311045
2.8577,99,10,0.994354075746941
2.8577,99,11,0.993224890896329
2.8577,99,12,0.995483260597552
2.8577,99,13,0.995208594012268
2.8577,99,14,0.994079409161656
2.8577,99,15,0.995483260597552
2.8577,99,16,0.994354075746941
2.8577,99,17,0.993224890896329
2.8577,99,18,0.992645039216285
2.8577,99,19,0.992950224311045
2.8577,99,20,0.99603259376812
2.8577,99,21,0.994628742332225
2.8577,99,22,0.994354075746941
2.8577,99,23,0.995208594012268
2.8577,99,24,0.993224890896329
2.8577,99,25,0.992645039216285
2.8577,99,26,0.99603259376812
2.8577,99,27,0.993499557481613
2.8577,99,28,0.994903408917509
2.8577,99,29,0.994354075746941
2.8577,99,30,0.993774224066897
2.8577,99,31,0.994628742332225
2.8577,99,32,0.993499557481613
2.8577,99,33,0.994079409161656
2.8577,99,34,0.993224890896329
2.8577,99,35,0.993774224066897
2.8577,99,36,0.993499557481613
2.8577,99,37,0.994903408917509
2.8577,99,38,0.993224890896329
2.8577,99,39,0.994354075746941
2.8577,99,40,0.994354075746941
2.8577,99,41,0.992645039216285
2.8577,99,42,0.993224890896329
2.8577,99,43,0.992950224311045
2.8577,99,44,0.994354075746941
2.8577,99,45,0.993774224066897
2.8577,99,46,0.994079409161656
2.8577,99,47,0.993774224066897
2.8577,99,48,0.993774224066897
2.8577,99,49,0.994079409161656
2.8577,99,50,0.994628742332225
2.8577,99,51,0.994628742332225
2.8577,99,52,0.995757927182836
2.8577,99,53,0.994354075746941
2.8577,99,54,0.994628742332225
2.8577,99,55,0.995208594012268
2.8577,99,56,0.995208594012268
2.8577,99,57,0.993499557481613
2.8577,99,58,0.994628742332225
2.8577,99,59,0.994079409161656
2.8577,99,60,0.994628742332225
2.8577,99,61,0.994628742332225
2.8577,99,62,0.993224890896329
2.8577,99,63,0.994079409161656
2.8577,99,64,0.993774224066897
2.8577,99,65,0.993774224066897
2.8577,99,66,0.994354075746941
2.8577,99,67,0.994628742332225
2.8577,99,68,0.994903408917509
2.8577,99,69,0.994628742332225
2.8577,99,70,0.993499557481613
2.8577,99,71,0.994079409161656
2.8577,99,72,0.994354075746941
2.8577,99,73,0.993774224066897
2.8577,99,74,0.993499557481613
2.8577,99,75,0.994354075746941
2.8577,99,76,0.994354075746941
2.8577,99,77,0.993499557481613
2.8577,99,78,0.995208594012268
2.8577,99,79,0.99603259376812
2.8577,99,80,0.99603259376812
2.8577,99,81,0.994354075746941
2.8577,99,82,0.993774224066897
2.8577,99,83,0.994903408917509
2.8577,99,84,0.992370372631001
2.8577,99,85,0.993499557481613
2.8577,99,86,0.992950224311045
2.8577,99,87,0.993224890896329
2.8577,99,88,0.994903408917509
2.8577,99,89,0.994903408917509
2.8577,99,90,0.994354075746941
2.8577,99,91,0.993499557481613
2.8577,99,92,0.994354075746941
2.8577,99,93,0.992645039216285
2.8577,99,94,0.993224890896329
2.8577,99,95,0.994903408917509
2.8577,99,96,0.995208594012268
2.8577,99,97,0.995208594012268
2.8577,99,98,0.995483260597552
2.8577,99,99,0.994903408917509
2.8577,99,100,0.993499557481613
2.8577,99,101,0.994903408917509
2.8577,99,102,0.994628742332225
2.8577,99,103,0.994903408917509
2.8577,99,104,0.993499557481613
2.8577,99,105,0.994628742332225
2.8577,99,106,0.993224890896329
2.8577,99,107,0.994079409161656
2.8861,100,1,0.994354075746941
2.8861,100,2,0.993774224066897
2.8861,100,3,0.992370372631001
2.8861,100,4,0.994354075746941
2.8861,100,5,0.994628742332225
2.8861,100,6,0.992370372631001
2.8861,100,7,0.993224890896329
2.8861,100,8,0.994079409161656
2.8861,100,9,0.992950224311045
2.8861,100,10,0.994354075746941
2.8861,100,11,0.993499557481613
2.8861,100,12,0.995757927182836
2.8861,100,13,0.992370372631001
2.8861,100,14,0.994354075746941
2.8861,100,15,0.993499557481613
2.8861,100,16,0.994628742332225
2.8861,100,17,0.994628742332225
2.8861,100,18,0.994354075746941
2.8861,100,19,0.992370372631001
2.8861,100,20,0.994628742332225
2.8861,100,21,0.993774224066897
2.8861,100,22,0.995483260597552
2.8861,100,23,0.994628742332225
2.8861,100,24,0.994354075746941
2.8861,100,25,0.994079409161656
2.8861,100,26,0.994079409161656
2.8861,100,27,0.994354075746941
2.8861,100,28,0.994903408917509
2.8861,100,29,0.994628742332225
2.8861,100,30,0.993774224066897
2.8861,100,31,0.993499557481613
2.8861,100,32,0.994903408917509
2.8861,100,33,0.993774224066897
2.8861,100,34,0.993499557481613
2.8861,100,35,0.996612445448164
2.8861,100,36,0.994903408917509
2.8861,100,37,0.995483260597552
2.8861,100,38,0.993774224066897
2.8861,100,39,0.995483260597552
2.8861,100,40,0.993224890896329
2.8861,100,41,0.994354075746941
2.8861,100,42,0.994354075746941
2.8861,100,43,0.993774224066897
2.8861,100,44,0.995483260597552
2.8861,100,45,0.994628742332225
2.8861,100,46,0.993774224066897
2.8861,100,47,0.994079409161656
2.8861,100,48,0.992950224311045
2.8861,100,49,0.994628742332225
2.8861,100,50,0.994354075746941
2.8861,100,51,0.994079409161656
2.8861,100,52,0.995483260597552
2.8861,100,53,0.994079409161656
2.8861,100,54,0.994354075746941
2.8861,100,55,0.994079409161656
2.8861,100,56,0.992950224311045
2.8861,100,57,0.994903408917509
2.8861,100,58,0.993774224066897
2.8861,100,59,0.994079409161656
2.8861,100,60,0.994079409161656
2.8861,100,61,0.994079409161656
2.8861,100,62,0.994903408917509
2.8861,100,63,0.994628742332225
2.8861,100,64,0.994079409161656
2.8861,100,65,0.994079409161656
2.8861,100,66,0.993774224066897
2.8861,100,67,0.994903408917509
2.8861,100,68,0.994354075746941
2.8861,100,69,0.994354075746941
2.8861,100,70,0.993774224066897
2.8861,100,71,0.995208594012268
2.8861,100,72,0.994354075746941
2.8861,100,73,0.996887112033448
2.8861,100,74,0.995208594012268
2.8861,100,75,0.995757927182836
2.8861,100,76,0.994079409161656
2.8861,100,77,0.993499557481613
2.8861,100,78,0.994628742332225
2.8861,100,79,0.993774224066897
2.8861,100,80,0.994354075746941
2.8861,100,81,0.994354075746941
2.8861,100,82,0.994354075746941
2.8861,100,83,0.994079409161656
2.8861,100,84,0.993499557481613
2.8861,100,85,0.995483260597552
2.8861,100,86,0.993224890896329
2.8861,100,87,0.994079409161656
2.8861,100,88,0.992950224311045
2.8861,100,89,0.995208594012268
2.8861,100,90,0.994628742332225
2.8861,100,91,0.992645039216285
2.8861,100,92,0.993224890896329
2.8861,100,93,0.993774224066897
2.8861,100,94,0.993499557481613
2.8861,100,95,0.993774224066897
2.8861,100,96,0.993774224066897
2.8861,100,97,0.994354075746941
2.8861,100,98,0.993499557481613
2.8861,100,99,0.993499557481613
2.8861,100,100,0.994079409161656
2.8861,100,101,0.993774224066897
2.8861,100,102,0.992645039216285
2.8861,100,103,0.994903408917509
2.8861,100,104,0.993774224066897
2.8861,100,105,0.993774224066897
2.8861,100,106,0.993499557481613
2.8861,100,107,0.995208594012268
2.9145,101,1,0.993774224066897
2.9145,101,2,0.992645039216285
2.9145,101,3,0.994903408917509
2.9145,101,4,0.994354075746941
2.9145,101,5,0.994354075746941
2.9145,101,6,0.994903408917509
2.9145,101,7,0.992645039216285
2.9145,101,8,0.993774224066897
2.9145,101,9,0.994903408917509
2.9145,101,10,0.994628742332225
2.9145,101,11,0.995757927182836
2.9145,101,12,0.994628742332225
2.9145,101,13,0.994628742332225
2.9145,101,14,0.994079409161656
2.9145,101,15,0.994628742332225
2.9145,101,16,0.994903408917509
2.9145,101,17,0.994079409161656
2.9145,101,18,0.993224890896329
2.9145,101,19,0.993774224066897
2.9145,101,20,0.995483260597552
2.9145,101,21,0.994628742332225
2.9145,101,22,0.993774224066897
2.9145,101,23,0.993774224066897
2.9145,101,24,0.994079409161656
2.9145,101,25,0.994903408917509
2.9145,101,26,0.995757927182836
2.9145,101,27,0.994628742332225
2.9145,101,28,0.992950224311045
2.9145,101,29,0.995208594012268
2.9145,101,30,0.995208594012268
2.9145,101,31,0.992645039216285
2.9145,101,32,0.994628742332225
2.9145,101,33,0.992645039216285
2.9145,101,34,0.994628742332225
2.9145,101,35,0.994354075746941
2.9145,101,36,0.994903408917509
2.9145,101,37,0.995483260597552
2.9145,101,38,0.992950224311045
2.9145,101,39,0.995208594012268
2.9145,101,40,0.993774224066897
2.9145,101,41,0.993774224066897
2.9145,101,42,0.994628742332225
2.9145,101,43,0.994079409161656
2.9145,101,44,0.994079409161656
2.9145,101,45,0.994354075746941
2.9145,101,46,0.994079409161656
2.9145,101,47,0.992950224311045
2.9145,101,48,0.993499557481613
2.9145,101,49,0.994628742332225
2.9145,101,50,0.994079409161656
2.9145,101,51,0.993774224066897
2.9145,101,52,0.993224890896329
2.9145,101,53,0.994354075746941
2.9145,101,54,0.994354075746941
2.9145,101,55,0.995483260597552
2.9145,101,56,0.994628742332225
2.9145,101,57,0.994079409161656
2.9145,101,58,0.993224890896329
2.9145,101,59,0.994354075746941
2.9145,101,60,0.993499557481613
2.9145,101,61,0.993774224066897
2.9145,101,62,0.994354075746941
2.9145,101,63,0.993774224066897
2.9145,101,64,0.994903408917509
2.9145,101,65,0.995208594012268
2.9145,101,66,0.994903408917509
2.9145,101,67,0.994628742332225
2.9145,101,68,0.992950224311045
2.9145,101,69,0.994079409161656
2.9145,101,70,0.994079409161656
2.9145,101,71,0.994354075746941
2.9145,101,72,0.994354075746941
2.9145,101,73,0.995757927182836
2.9145,101,74,0.994628742332225
2.9145,101,75,0.994354075746941
2.9145,101,76,0.993499557481613
2.9145,101,77,0.993774224066897
2.9145,101,78,0.994628742332225
2.9145,101,79,0.994354075746941
2.9145,101,80,0.994628742332225
2.9145,101,81,0.992950224311045
2.9145,101,82,0.993774224066897
2.9145,101,83,0.993224890896329
2.9145,101,84,0.992370372631001
2.9145,101,85,0.994079409161656
2.9145,101,86,0.993499557481613
2.9145,101,87,0.994903408917509
2.9145,101,88,0.993774224066897
2.9145,101,89,0.993224890896329
2.9145,101,90,0.992950224311045
2.9145,101,91,0.994354075746941
2.9145,101,92,0.995757927182836
2.9145,101,93,0.993499557481613
2.9145,101,94,0.993224890896329
2.9145,101,95,0.994079409161656
2.9145,101,96,0.993499557481613
2.9145,101,97,0.994079409161656
2.9145,101,98,0.994903408917509
2.9145,101,99,0.993224890896329
2.9145,101,100,0.994628742332225
2.9145,101,101,0.993499557481613
2.9145,101,102,0.994354075746941
2.9145,101,103,0.993224890896329
2.9145,101,104,0.992370372631001
2.9145,101,105,0.994903408917509
2.9145,101,106,0.994354075746941
2.9145,101,107,0.992950224311045
2.9429,102,1,0.993774224066897
2.9429,102,2,0.993774224066897
2.9429,102,3,0.994079409161656
2.9429,102,4,0.993774224066897
2.9429,102,5,0.992950224311045
2.9429,102,6,0.993499557481613
2.9429,102,7,0.993224890896329
2.9429,102,8,0.994628742332225
2.9429,102,9,0.994079409161656
2.9429,102,10,0.992950224311045
2.9429,102,11,0.994354075746941
2.9429,102,12,0.993499557481613
2.9429,102,13,0.994628742332225
2.9429,102,14,0.994354075746941
2.9429,102,15,0.994903408917509
2.9429,102,16,0.993499557481613
2.9429,102,17,0.994903408917509
2.9429,102,18,0.995483260597552
2.9429,102,19,0.992950224311045
2.9429,102,20,0.994354075746941
2.9429,102,21,0.994079409161656
2.9429,102,22,0.993774224066897
2.9429,102,23,0.995208594012268
2.9429,102,24,0.994079409161656
2.9429,102,25,0.994354075746941
2.9429,102,26,0.994628742332225
2.9429,102,27,0.994903408917509
2.9429,102,28,0.993224890896329
2.9429,102,29,0.993499557481613
2.9429,102,30,0.994628742332225
2.9429,102,31,0.994079409161656
2.9429,102,32,0.993224890896329
2.9429,102,33,0.993774224066897
2.9429,102,34,0.993774224066897
2.9429,102,35,0.994628742332225
2.9429,102,36,0.993774224066897
2.9429,102,37,0.994903408917509
2.9429,102,38,0.993224890896329
2.9429,102,39,0.995483260597552
2.9429,102,40,0.993774224066897
2.9429,102,41,0.995208594012268
2.9429,102,42,0.992950224311045
2.9429,102,43,0.994903408917509
2.9429,102,44,0.994903408917509
2.9429,102,45,0.994354075746941
2.9429,102,46,0.993224890896329
2.9429,102,47,0.993499557481613
2.9429,102,48,0.993499557481613
2.9429,102,49,0.994628742332225
2.9429,102,50,0.992950224311045
2.9429,102,51,0.995208594012268
2.9429,102,52,0.994354075746941
2.9429,102,53,0.992370372631001
2.9429,102,54,0.994628742332225
2.9429,102,55,0.994628742332225
2.9429,102,56,0.993774224066897
2.9429,102,57,0.993774224066897
2.9429,102,58,0.992095706045717
2.9429,102,59,0.994628742332225
2.9429,102,60,0.994079409161656
2.9429,102,61,0.993499557481613
2.9429,102,62,0.994079409161656
2.9429,102,63,0.994903408917509
2.9429,102,64,0.994079409161656
2.9429,102,65,0.992645039216285
2.9429,102,66,0.993774224066897
2.9429,102,67,0.993499557481613
2.9429,102,68,0.993774224066897
2.9429,102,69,0.994903408917509
2.9429,102,70,0.993224890896329
2.9429,102,71,0.995483260597552
2.9429,102,72,0.993499557481613
2.9429,102,73,0.994079409161656
2.9429,102,74,0.992950224311045
2.9429,102,75,0.994628742332225
2.9429,102,76,0.992370372631001
2.9429,102,77,0.993499557481613
2.9429,102,78,0.993224890896329
2.9429,102,79,0.992370372631001
2.9429,102,80,0.994628742332225
2.9429,102,81,0.993774224066897
2.9429,102,82,0.994628742332225
2.9429,102,83,0.993774224066897
2.9429,102,84,0.994903408917509
2.9429,102,85,0.994903408917509
2.9429,102,86,0.994079409161656
2.9429,102,87,0.995208594012268
2.9429,102,88,0.993224890896329
2.9429,102,89,0.993499557481613
2.9429,102,90,0.994628742332225
2.9429,102,91,0.994628742332225
2.9429,102,92,0.993224890896329
2.9429,102,93,0.995483260597552
2.9429,102,94,0.992645039216285
2.9429,102,95,0.994079409161656
2.9429,102,96,0.994628742332225
2.9429,102,97,0.994079409161656
2.9429,102,98,0.993499557481613
2.9429,102,99,0.994628742332225
2.9429,102,100,0.992095706045717
2.9429,102,101,0.994903408917509
2.9429,102,102,0.993224890896329
2.9429,102,103,0.993774224066897
2.9429,102,104,0.995208594012268
2.9429,102,105,0.994903408917509
2.9429,102,106,0.994079409161656
2.9429,102,107,0.994354075746941
2.9712,103,1,0.994628742332225
2.9712,103,2,0.994354075746941
2.9712,103,3,0.992095706045717
2.9712,103,4,0.993499557481613
2.9712,103,5,0.993774224066897
2.9712,103,6,0.995208594012268
2.9712,103,7,0.994903408917509
2.9712,103,8,0.994354075746941
2.9712,103,9,0.993224890896329
2.9712,103,10,0.993499557481613
2.9712,103,11,0.992370372631001
2.9712,103,12,0.994354075746941
2.9712,103,13,0.994079409161656
2.9712,103,14,0.993774224066897
2.9712,103,15,0.993774224066897
2.9712,103,16,0.994628742332225
2.9712,103,17,0.995208594012268
2.9712,103,18,0.992950224311045
2.9712,103,19,0.994628742332225
2.9712,103,20,0.992950224311045
2.9712,103,21,0.993224890896329
2.9712,103,22,0.993499557481613
2.9712,103,23,0.993224890896329
2.9712,103,24,0.991821039460433
2.9712,103,25,0.995208594012268
2.9712,103,26,0.994079409161656
2.9712,103,27,0.993224890896329
2.9712,103,28,0.992370372631001
2.9712,103,29,0.994079409161656
2.9712,103,30,0.993224890896329
2.9712,103,31,0.993499557481613
2.9712,103,32,0.994079409161656
2.9712,103,33,0.994079409161656
2.9712,103,34,0.993774224066897
2.9712,103,35,0.994354075746941
2.9712,103,36,0.994079409161656
2.9712,103,37,0.993774224066897
2.9712,103,38,0.994903408917509
2.9712,103,39,0.994079409161656
2.9712,103,40,0.992645039216285
2.9712,103,41,0.994354075746941
2.9712,103,42,0.992950224311045
2.9712,103,43,0.994079409161656
2.9712,103,44,0.995208594012268
2.9712,103,45,0.995208594012268
2.9712,103,46,0.994903408917509
2.9712,103,47,0.993499557481613
2.9712,103,48,0.993774224066897
2.9712,103,49,0.993224890896329
2.9712,103,50,0.994354075746941
2.9712,103,51,0.993224890896329
2.9712,103,52,0.993499557481613
2.9712,103,53,0.992370372631001
2.9712,103,54,0.994354075746941
2.9712,103,55,0.994903408917509
2.9712,103,56,0.991821039460433
2.9712,103,57,0.994628742332225
2.9712,103,58,0.994903408917509
2.9712,103,59,0.992095706045717
2.9712,103,60,0.993774224066897
2.9712,103,61,0.993774224066897
2.9712,103,62,0.994079409161656
2.9712,103,63,0.994079409161656
2.9712,103,64,0.994354075746941
2.9712,103,65,0.994079409161656
2.9712,103,66,0.994354075746941
2.9712,103,67,0.991515854365673
2.9712,103,68,0.995208594012268
2.9712,103,69,0.992950224311045
2.9712,103,70,0.993224890896329
2.9712,103,71,0.994354075746941
2.9712,103,72,0.993499557481613
2.9712,103,73,0.994354075746941
2.9712,103,74,0.994354075746941
2.9712,103,75,0.994079409161656
2.9712,103,76,0.992645039216285
2.9712,103,77,0.993774224066897
2.9712,103,78,0.993499557481613
2.9712,103,79,0.994628742332225
2.9712,103,80,0.993774224066897
2.9712,103,81,0.994628742332225
2.9712,103,82,0.992950224311045
2.9712,103,83,0.995208594012268
2.9712,103,84,0.993499557481613
2.9712,103,85,0.993774224066897
2.9712,103,86,0.994079409161656
2.9712,103,87,0.994079409161656
2.9712,103,88,0.993774224066897
2.9712,103,89,0.992950224311045
2.9712,103,90,0.992645039216285
2.9712,103,91,0.994079409161656
2.9712,103,92,0.994354075746941
2.9712,103,93,0.994628742332225
2.9712,103,94,0.994628742332225
2.9712,103,95,0.993224890896329
2.9712,103,96,0.993499557481613
2.9712,103,97,0.993499557481613
2.9712,103,98,0.994903408917509
2.9712,103,99,0.992950224311045
2.9712,103,100,0.994354075746941
2.9712,103,101,0.995208594012268
2.9712,103,102,0.992950224311045
2.9712,103,103,0.993224890896329
2.9712,103,104,0.99603259376812
2.9712,103,105,0.993224890896329
2.9712,103,106,0.992950224311045
2.9712,103,107,0.993774224066897
2.9996,104,1,0.993499557481613
2.9996,104,2,0.992645039216285
2.9996,104,3,0.994354075746941
2.9996,104,4,0.994628742332225
2.9996,104,5,0.994079409161656
2.9996,104,6,0.993499557481613
2.9996,104,7,0.993224890896329
2.9996,104,8,0.992950224311045
2.9996,104,9,0.994079409161656
2.9996,104,10,0.994079409161656
2.9996,104,11,0.994354075746941
2.9996,104,12,0.994354075746941
2.9996,104,13,0.994079409161656
2.9996,104,14,0.993224890896329
2.9996,104,15,0.994079409161656
2.9996,104,16,0.994628742332225
2.9996,104,17,0.995208594012268
2.9996,104,18,0.993774224066897
2.9996,104,19,0.993224890896329
2.9996,104,20,0.995208594012268
2.9996,104,21,0.993499557481613
2.9996,104,22,0.994079409161656
2.9996,104,23,0.993774224066897
2.9996,104,24,0.993499557481613
2.9996,104,25,0.993774224066897
2.9996,104,26,0.994354075746941
2.9996,104,27,0.994628742332225
2.9996,104,28,0.992950224311045
2.9996,104,29,0.992950224311045
2.9996,104,30,0.995483260597552
2.9996,104,31,0.993224890896329
2.9996,104,32,0.993224890896329
2.9996,104,33,0.994079409161656
2.9996,104,34,0.994354075746941
2.9996,104,35,0.993774224066897
2.9996,104,36,0.992645039216285
2.9996,104,37,0.994079409161656
2.9996,104,38,0.994079409161656
2.9996,104,39,0.994354075746941
2.9996,104,40,0.994903408917509
2.9996,104,41,0.992370372631001
2.9996,104,42,0.993774224066897
2.9996,104,43,0.995208594012268
2.9996,104,44,0.992950224311045
2.9996,104,45,0.993774224066897
2.9996,104,46,0.994903408917509
2.9996,104,47,0.994354075746941
2.9996,104,48,0.992645039216285
2.9996,104,49,0.993774224066897
2.9996,104,50,0.994079409161656
2.9996,104,51,0.994628742332225
2.9996,104,52,0.994628742332225
2.9996,104,53,0.994354075746941
2.9996,104,54,0.994628742332225
2.9996,104,55,0.993224890896329
2.9996,104,56,0.993774224066897
2.9996,104,57,0.993774224066897
2.9996,104,58,0.992645039216285
2.9996,104,59,0.994628742332225
2.9996,104,60,0.994903408917509
2.9996,104,61,0.994628742332225
2.9996,104,62,0.994903408917509
2.9996,104,63,0.994903408917509
2.9996,104,64,0.993499557481613
2.9996,104,65,0.993499557481613
2.9996,104,66,0.993499557481613
2.9996,104,67,0.995483260597552
2.9996,104,68,0.992950224311045
2.9996,104,69,0.993224890896329
2.9996,104,70,0.994628742332225
2.9996,104,71,0.993499557481613
2.9996,104,72,0.993224890896329
2.9996,104,73,0.994903408917509
2.9996,104,74,0.992950224311045
2.9996,104,75,0.993499557481613
2.9996,104,76,0.994354075746941
2.9996,104,77,0.994903408917509
2.9996,104,78,0.994628742332225
2.9996,104,79,0.995483260597552
2.9996,104,80,0.994354075746941
2.9996,104,81,0.993499557481613
2.9996,104,82,0.993224890896329
2.9996,104,83,0.994354075746941
2.9996,104,84,0.993774224066897
2.9996,104,85,0.993499557481613
2.9996,104,86,0.994354075746941
2.9996,104,87,0.995208594012268
2.9996,104,88,0.992645039216285
2.9996,104,89,0.994354075746941
2.9996,104,90,0.993224890896329
2.9996,104,91,0.992645039216285
2.9996,104,92,0.992950224311045
2.9996,104,93,0.994354075746941
2.9996,104,94,0.995208594012268
2.9996,104,95,0.993224890896329
2.9996,104,96,0.995757927182836
2.9996,104,97,0.993224890896329
2.9996,104,98,0.993499557481613
2.9996,104,99,0.993224890896329
2.9996,104,100,0.994354075746941
2.9996,104,101,0.994354075746941
2.9996,104,102,0.994628742332225
2.9996,104,103,0.993224890896329
2.9996,104,104,0.992645039216285
2.9996,104,105,0.994079409161656
2.9996,104,106,0.993499557481613
2.9996,104,107,0.992370372631001
3.028,105,1,0.993774224066897
3.028,105,2,0.993774224066897
3.028,105,3,0.994079409161656
3.028,105,4,0.993224890896329
3.028,105,5,0.994354075746941
3.028,105,6,0.994903408917509
3.028,105,7,0.993774224066897
3.028,105,8,0.994354075746941
3.028,105,9,0.993499557481613
3.028,105,10,0.993499557481613
3.028,105,11,0.993499557481613
3.028,105,12,0.995208594012268
3.028,105,13,0.992950224311045
3.028,105,14,0.993774224066897
3.028,105,15,0.994354075746941
3.028,105,16,0.993774224066897
3.028,105,17,0.994079409161656
3.028,105,18,0.995208594012268
3.028,105,19,0.994354075746941
3.028,105,20,0.993499557481613
3.028,105,21,0.994354075746941
3.028,105,22,0.995208594012268
3.028,105,23,0.994354075746941
3.028,105,24,0.992645039216285
3.028,105,25,0.994354075746941
3.028,105,26,0.995483260597552
3.028,105,27,0.994903408917509
3.028,105,28,0.993224890896329
3.028,105,29,0.993499557481613
3.028,105,30,0.994354075746941
3.028,105,31,0.994903408917509
3.028,105,32,0.993224890896329
3.028,105,33,0.992950224311045
3.028,105,34,0.993224890896329
3.028,105,35,0.994628742332225
3.028,105,36,0.992950224311045
3.028,105,37,0.993499557481613
3.028,105,38,0.993499557481613
3.028,105,39,0.992950224311045
3.028,105,40,0.992370372631001
3.028,105,41,0.995483260597552
3.028,105,42,0.994628742332225
3.028,105,43,0.994079409161656
3.028,105,44,0.993774224066897
3.028,105,45,0.994079409161656
3.028,105,46,0.994079409161656
3.028,105,47,0.993499557481613
3.028,105,48,0.995208594012268
3.028,105,49,0.992950224311045
3.028,105,50,0.994903408917509
3.028,105,51,0.994628742332225
3.028,105,52,0.993774224066897
3.028,105,53,0.993774224066897
3.028,105,54,0.993224890896329
3.028,105,55,0.994079409161656
3.028,105,56,0.995208594012268
3.028,105,57,0.993499557481613
3.028,105,58,0.995483260597552
3.028,105,59,0.992645039216285
3.028,105,60,0.993224890896329
3.028,105,61,0.992950224311045
3.028,105,62,0.992950224311045
3.028,105,63,0.993499557481613
3.028,105,64,0.993774224066897
3.028,105,65,0.994079409161656
3.028,105,66,0.993499557481613
3.028,105,67,0.992645039216285
3.028,105,68,0.992950224311045
3.028,105,69,0.993774224066897
3.028,105,70,0.993499557481613
3.028,105,71,0.994079409161656
3.028,105,72,0.992645039216285
3.028,105,73,0.993499557481613
3.028,105,74,0.993774224066897
3.028,105,75,0.993224890896329
3.028,105,76,0.995483260597552
3.028,105,77,0.995208594012268
3.028,105,78,0.994354075746941
3.028,105,79,0.993774224066897
3.028,105,80,0.993499557481613
3.028,105,81,0.994903408917509
3.028,105,82,0.992645039216285
3.028,105,83,0.993774224066897
3.028,105,84,0.994354075746941
3.028,105,85,0.992950224311045
3.028,105,86,0.993499557481613
3.028,105,87,0.993499557481613
3.028,105,88,0.992645039216285
3.028,105,89,0.992370372631001
3.028,105,90,0.993774224066897
3.028,105,91,0.994903408917509
3.028,105,92,0.994079409161656
3.028,105,93,0.992950224311045
3.028,105,94,0.993499557481613
3.028,105,95,0.992950224311045
3.028,105,96,0.99603259376812
3.028,105,97,0.993499557481613
3.028,105,98,0.993224890896329
3.028,105,99,0.994628742332225
3.028,105,100,0.992370372631001
3.028,105,101,0.993774224066897
3.028,105,102,0.994079409161656
3.028,105,103,0.995483260597552
3.028,105,104,0.997466963713492
3.028,105,105,0.995483260597552
3.028,105,106,0.992950224311045
3.028,105,107,0.994903408917509
3.0564,106,1,0.994354075746941
3.0564,106,2,0.995208594012268
3.0564,106,3,0.993499557481613
3.0564,106,4,0.992950224311045
3.0564,106,5,0.993774224066897
3.0564,106,6,0.994079409161656
3.0564,106,7,0.994354075746941
3.0564,106,8,0.993774224066897
3.0564,106,9,0.993499557481613
3.0564,106,10,0.994628742332225
3.0564,106,11,0.993499557481613
3.0564,106,12,0.994628742332225
3.0564,106,13,0.994354075746941
3.0564,106,14,0.992950224311045
3.0564,106,15,0.994079409161656
3.0564,106,16,0.994628742332225
3.0564,106,17,0.994079409161656
3.0564,106,18,0.994079409161656
3.0564,106,19,0.992370372631001
3.0564,106,20,0.994903408917509
3.0564,106,21,0.993499557481613
3.0564,106,22,0.993224890896329
3.0564,106,23,0.994903408917509
3.0564,106,24,0.992950224311045
3.0564,106,25,0.993774224066897
3.0564,106,26,0.994354075746941
3.0564,106,27,0.992645039216285
3.0564,106,28,0.992370372631001
3.0564,106,29,0.992095706045717
3.0564,106,30,0.994354075746941
3.0564,106,31,0.993774224066897
3.0564,106,32,0.995483260597552
3.0564,106,33,0.994903408917509
3.0564,106,34,0.992645039216285
3.0564,106,35,0.995757927182836
3.0564,106,36,0.994354075746941
3.0564,106,37,0.992645039216285
3.0564,106,38,0.993774224066897
3.0564,106,39,0.994354075746941
3.0564,106,40,0.994628742332225
3.0564,106,41,0.994628742332225
3.0564,106,42,0.994079409161656
3.0564,106,43,0.993774224066897
3.0564,106,44,0.993774224066897
3.0564,106,45,0.992370372631001
3.0564,106,46,0.995208594012268
3.0564,106,47,0.994079409161656
3.0564,106,48,0.994628742332225
3.0564,106,49,0.994079409161656
3.0564,106,50,0.994079409161656
3.0564,106,51,0.993774224066897
3.0564,106,52,0.993224890896329
3.0564,106,53,0.993774224066897
3.0564,106,54,0.994079409161656
3.0564,106,55,0.992370372631001
3.0564,106,56,0.994903408917509
3.0564,106,57,0.994628742332225
3.0564,106,58,0.994354075746941
3.0564,106,59,0.994354075746941
3.0564,106,60,0.994903408917509
3.0564,106,61,0.993774224066897
3.0564,106,62,0.993499557481613
3.0564,106,63,0.995208594012268
3.0564,106,64,0.994903408917509
3.0564,106,65,0.994079409161656
3.0564,106,66,0.995208594012268
3.0564,106,67,0.995208594012268
3.0564,106,68,0.993224890896329
3.0564,106,69,0.995208594012268
3.0564,106,70,0.993774224066897
3.0564,106,71,0.992950224311045
3.0564,106,72,0.994354075746941
3.0564,106,73,0.993774224066897
3.0564,106,74,0.993774224066897
3.0564,106,75,0.995483260597552
3.0564,106,76,0.993774224066897
3.0564,106,77,0.994354075746941
3.0564,106,78,0.992950224311045
3.0564,106,79,0.993499557481613
3.0564,106,80,0.993774224066897
3.0564,106,81,0.995208594012268
3.0564,106,82,0.993774224066897
3.0564,106,83,0.994628742332225
3.0564,106,84,0.992950224311045
3.0564,106,85,0.991821039460433
3.0564,106,86,0.993774224066897
3.0564,106,87,0.992950224311045
3.0564,106,88,0.993224890896329
3.0564,106,89,0.994628742332225
3.0564,106,90,0.993499557481613
3.0564,106,91,0.992645039216285
3.0564,106,92,0.994354075746941
3.0564,106,93,0.993774224066897
3.0564,106,94,0.992645039216285
3.0564,106,95,0.994354075746941
3.0564,106,96,0.993774224066897
3.0564,106,97,0.993774224066897
3.0564,106,98,0.992950224311045
3.0564,106,99,0.994354075746941
3.0564,106,100,0.994354075746941
3.0564,106,101,0.994903408917509
3.0564,106,102,0.994079409161656
3.0564,106,103,0.994354075746941
3.0564,106,104,0.994079409161656
3.0564,106,105,0.994354075746941
3.0564,106,106,0.992095706045717
3.0564,106,107,0.992370372631001
3.0847,107,1,0.992370372631001
3.0847,107,2,0.994628742332225
3.0847,107,3,0.993224890896329
3.0847,107,4,0.995208594012268
3.0847,107,5,0.994628742332225
3.0847,107,6,0.993499557481613
3.0847,107,7,0.994079409161656
3.0847,107,8,0.994354075746941
3.0847,107,9,0.992645039216285
3.0847,107,10,0.992950224311045
3.0847,107,11,0.994354075746941
3.0847,107,12,0.992370372631001
3.0847,107,13,0.993774224066897
3.0847,107,14,0.994903408917509
3.0847,107,15,0.994903408917509
3.0847,107,16,0.993499557481613
3.0847,107,17,0.994079409161656
3.0847,107,18,0.994628742332225
3.0847,107,19,0.993224890896329
3.0847,107,20,0.992370372631001
3.0847,107,21,0.995208594012268
3.0847,107,22,0.995208594012268
3.0847,107,23,0.993499557481613
3.0847,107,24,0.992095706045717
3.0847,107,25,0.993774224066897
3.0847,107,26,0.992645039216285
3.0847,107,27,0.992950224311045
3.0847,107,28,0.992645039216285
3.0847,107,29,0.993774224066897
3.0847,107,30,0.994079409161656
3.0847,107,31,0.994354075746941
3.0847,107,32,0.993774224066897
3.0847,107,33,0.992950224311045
3.0847,107,34,0.995208594012268
3.0847,107,35,0.994079409161656
3.0847,107,36,0.995208594012268
3.0847,107,37,0.993499557481613
3.0847,107,38,0.994079409161656
3.0847,107,39,0.994079409161656
3.0847,107,40,0.992950224311045
3.0847,107,41,0.992645039216285
3.0847,107,42,0.994079409161656
3.0847,107,43,0.994903408917509
3.0847,107,44,0.994628742332225
3.0847,107,45,0.993499557481613
3.0847,107,46,0.994079409161656
3.0847,107,47,0.994079409161656
3.0847,107,48,0.994628742332225
3.0847,107,49,0.994628742332225
3.0847,107,50,0.993499557481613
3.0847,107,51,0.994354075746941
3.0847,107,52,0.995208594012268
3.0847,107,53,0.994354075746941
3.0847,107,54,0.99603259376812
3.0847,107,55,0.991515854365673
3.0847,107,56,0.993499557481613
3.0847,107,57,0.993774224066897
3.0847,107,58,0.992645039216285
3.0847,107,59,0.994079409161656
3.0847,107,60,0.993224890896329
3.0847,107,61,0.993224890896329
3.0847,107,62,0.994079409161656
3.0847,107,63,0.994354075746941
3.0847,107,64,0.994628742332225
3.0847,107,65,0.992095706045717
3.0847,107,66,0.992950224311045
3.0847,107,67,0.993224890896329
3.0847,107,68,0.994079409161656
3.0847,107,69,0.993224890896329
3.0847,107,70,0.993499557481613
3.0847,107,71,0.995208594012268
3.0847,107,72,0.991821039460433
3.0847,107,73,0.993499557481613
3.0847,107,74,0.994628742332225
3.0847,107,75,0.994354075746941
3.0847,107,76,0.992370372631001
3.0847,107,77,0.995208594012268
3.0847,107,78,0.995483260597552
3.0847,107,79,0.993774224066897
3.0847,107,80,0.994354075746941
3.0847,107,81,0.993499557481613
3.0847,107,82,0.994628742332225
3.0847,107,83,0.994903408917509
3.0847,107,84,0.994079409161656
3.0847,107,85,0.994903408917509
3.0847,107,86,0.995757927182836
3.0847,107,87,0.995208594012268
3.0847,107,88,0.993499557481613
3.0847,107,89,0.992645039216285
3.0847,107,90,0.995483260597552
3.0847,107,91,0.995483260597552
3.0847,107,92,0.994079409161656
3.0847,107,93,0.993499557481613
3.0847,107,94,0.994354075746941
3.0847,107,95,0.994628742332225
3.0847,107,96,0.993499557481613
3.0847,107,97,0.993499557481613
3.0847,107,98,0.993499557481613
3.0847,107,99,0.994903408917509
3.0847,107,100,0.995483260597552
3.0847,107,101,0.994354075746941
3.0847,107,102,0.993774224066897
3.0847,107,103,0.994903408917509
3.0847,107,104,0.994079409161656
3.0847,107,105,0.995208594012268
3.0847,107,106,0.992950224311045
3.0847,107,107,0.995208594012268
3.1131,108,1,0.993224890896329
3.1131,108,2,0.994354075746941
3.1131,108,3,0.992645039216285
3.1131,108,4,0.994903408917509
3.1131,108,5,0.994903408917509
3.1131,108,6,0.994903408917509
3.1131,108,7,0.994903408917509
3.1131,108,8,0.994903408917509
3.1131,108,9,0.993224890896329
3.1131,108,10,0.995757927182836
3.1131,108,11,0.994079409161656
3.1131,108,12,0.994079409161656
3.1131,108,13,0.993499557481613
3.1131,108,14,0.992950224311045
3.1131,108,15,0.993774224066897
3.1131,108,16,0.994354075746941
3.1131,108,17,0.993224890896329
3.1131,108,18,0.993774224066897
3.1131,108,19,0.993774224066897
3.1131,108,20,0.994628742332225
3.1131,108,21,0.99603259376812
3.1131,108,22,0.993774224066897
3.1131,108,23,0.994354075746941
3.1131,108,24,0.994903408917509
3.1131,108,25,1
3.1131,108,26,0.994628742332225
3.1131,108,27,0.994354075746941
3.1131,108,28,0.994079409161656
3.1131,108,29,0.995208594012268
3.1131,108,30,0.994628742332225
3.1131,108,31,0.995483260597552
3.1131,108,32,0.993224890896329
3.1131,108,33,0.994354075746941
3.1131,108,34,0.995483260597552
3.1131,108,35,0.995208594012268
3.1131,108,36,0.995757927182836
3.1131,108,37,0.992950224311045
3.1131,108,38,0.994628742332225
3.1131,108,39,0.993499557481613
3.1131,108,40,0.994354075746941
3.1131,108,41,0.994628742332225
3.1131,108,42,0.993774224066897
3.1131,108,43,0.994354075746941
3.1131,108,44,0.994354075746941
3.1131,108,45,0.994903408917509
3.1131,108,46,0.99603259376812
3.1131,108,47,0.994628742332225
3.1131,108,48,0.994628742332225
3.1131,108,49,0.994903408917509
3.1131,108,50,0.994903408917509
3.1131,108,51,0.994354075746941
3.1131,108,52,0.994903408917509
3.1131,108,53,0.995208594012268
3.1131,108,54,0.994354075746941
3.1131,108,55,0.993774224066897
3.1131,108,56,0.995757927182836
3.1131,108,57,0.995208594012268
3.1131,108,58,0.995208594012268
3.1131,108,59,0.994079409161656
3.1131,108,60,0.995208594012268
3.1131,108,61,0.995757927182836
3.1131,108,62,0.995483260597552
3.1131,108,63,0.994079409161656
3.1131,108,64,0.994628742332225
3.1131,108,65,0.994628742332225
3.1131,108,66,0.992645039216285
3.1131,108,67,0.995483260597552
3.1131,108,68,0.994079409161656
3.1131,108,69,0.994354075746941
3.1131,108,70,0.993224890896329
3.1131,108,71,0.992950224311045
3.1131,108,72,0.994903408917509
3.1131,108,73,0.993224890896329
3.1131,108,74,0.994354075746941
3.1131,108,75,0.994628742332225
3.1131,108,76,0.994354075746941
3.1131,108,77,0.992950224311045
3.1131,108,78,0.992950224311045
3.1131,108,79,0.994903408917509
3.1131,108,80,0.994903408917509
3.1131,108,81,0.995483260597552
3.1131,108,82,0.994903408917509
3.1131,108,83,0.992645039216285
3.1131,108,84,0.993774224066897
3.1131,108,85,0.994903408917509
3.1131,108,86,0.994354075746941
3.1131,108,87,0.994628742332225
3.1131,108,88,0.994354075746941
3.1131,108,89,0.995483260597552
3.1131,108,90,0.993499557481613
3.1131,108,91,0.994354075746941
3.1131,108,92,0.994354075746941
3.1131,108,93,0.993499557481613
3.1131,108,94,0.993774224066897
3.1131,108,95,0.995208594012268
3.1131,108,96,0.993499557481613
3.1131,108,97,0.995483260597552
3.1131,108,98,0.994903408917509
3.1131,108,99,0.995208594012268
3.1131,108,100,0.995208594012268
3.1131,108,101,0.99603259376812
3.1131,108,102,0.994628742332225
3.1131,108,103,0.993499557481613
3.1131,108,104,0.993774224066897
3.1131,108,105,0.994628742332225
3.1131,108,106,0.994628742332225
3.1131,108,107,0.994079409161656
3.1415,109,1,0.994903408917509
3.1415,109,2,0.992950224311045
3.1415,109,3,0.993224890896329
3.1415,109,4,0.994903408917509
3.1415,109,5,0.995757927182836
3.1415,109,6,0.993774224066897
3.1415,109,7,0.993774224066897
3.1415,109,8,0.994079409161656
3.1415,109,9,0.994628742332225
3.1415,109,10,0.994903408917509
3.1415,109,11,0.994903408917509
3.1415,109,12,0.992645039216285
3.1415,109,13,0.993774224066897
3.1415,109,14,0.993499557481613
3.1415,109,15,0.994354075746941
3.1415,109,16,0.994079409161656
3.1415,109,17,0.995208594012268
3.1415,109,18,0.994903408917509
3.1415,109,19,0.994628742332225
3.1415,109,20,0.993224890896329
3.1415,109,21,0.994903408917509
3.1415,109,22,0.994903408917509
3.1415,109,23,0.992950224311045
3.1415,109,24,0.99633777886288
3.1415,109,25,0.995208594012268
3.1415,109,26,0.994354075746941
3.1415,109,27,0.994903408917509
3.1415,109,28,0.994628742332225
3.1415,109,29,0.992645039216285
3.1415,109,30,0.994079409161656
3.1415,109,31,0.994628742332225
3.1415,109,32,0.994903408917509
3.1415,109,33,0.993499557481613
3.1415,109,34,0.995757927182836
3.1415,109,35,0.992370372631001
3.1415,109,36,0.995208594012268
3.1415,109,37,0.994354075746941
3.1415,109,38,0.994628742332225
3.1415,109,39,0.994079409161656
3.1415,109,40,0.993499557481613
3.1415,109,41,0.995483260597552
3.1415,109,42,0.993774224066897
3.1415,109,43,0.995208594012268
3.1415,109,44,0.995483260597552
3.1415,109,45,0.994354075746941
3.1415,109,46,0.993774224066897
3.1415,109,47,0.994079409161656
3.1415,109,48,0.994628742332225
3.1415,109,49,0.994079409161656
3.1415,109,50,0.994628742332225
3.1415,109,51,0.994903408917509
3.1415,109,52,0.992950224311045
3.1415,109,53,0.993774224066897
3.1415,109,54,0.994079409161656
3.1415,109,55,0.993499557481613
3.1415,109,56,0.993774224066897
3.1415,109,57,0.994628742332225
3.1415,109,58,0.995208594012268
3.1415,109,59,0.995208594012268
3.1415,109,60,0.994903408917509
3.1415,109,61,0.994903408917509
3.1415,109,62,0.994079409161656
3.1415,109,63,0.992950224311045
3.1415,109,64,0.994628742332225
3.1415,109,65,0.992950224311045
3.1415,109,66,0.994354075746941
3.1415,109,67,0.995208594012268
3.1415,109,68,0.994903408917509
3.1415,109,69,0.994354075746941
3.1415,109,70,0.994903408917509
3.1415,109,71,0.992950224311045
3.1415,109,72,0.993774224066897
3.1415,109,73,0.993774224066897
3.1415,109,74,0.994079409161656
3.1415,109,75,0.992950224311045
3.1415,109,76,0.995757927182836
3.1415,109,77,0.995757927182836
3.1415,109,78,0.994903408917509
3.1415,109,79,0.993774224066897
3.1415,109,80,0.994354075746941
3.1415,109,81,0.993774224066897
3.1415,109,82,0.993774224066897
3.1415,109,83,0.994079409161656
3.1415,109,84,0.993499557481613
3.1415,109,85,0.994354075746941
3.1415,109,86,0.995757927182836
3.1415,109,87,0.994903408917509
3.1415,109,88,0.993224890896329
3.1415,109,89,0.995757927182836
3.1415,109,90,0.993774224066897
3.1415,109,91,0.993499557481613
3.1415,109,92,0.993224890896329
3.1415,109,93,0.993499557481613
3.1415,109,94,0.995757927182836
3.1415,109,95,0.994354075746941
3.1415,109,96,0.993774224066897
3.1415,109,97,0.994354075746941
3.1415,109,98,0.994079409161656
3.1415,109,99,0.995208594012268
3.1415,109,100,0.993774224066897
3.1415,109,101,0.994079409161656
3.1415,109,102,0.994628742332225
3.1415,109,103,0.994079409161656
3.1415,109,104,0.993224890896329
3.1415,109,105,0.994079409161656
3.1415,109,106,0.995208594012268
3.1415,109,107,0.995208594012268
3.1699,110,1,0.994628742332225
3.1699,110,2,0.994628742332225
3.1699,110,3,0.994903408917509
3.1699,110,4,0.995483260597552
3.1699,110,5,0.994628742332225
3.1699,110,6,0.994354075746941
3.1699,110,7,0.992950224311045
3.1699,110,8,0.993499557481613
3.1699,110,9,0.994628742332225
3.1699,110,10,0.994079409161656
3.1699,110,11,0.993774224066897
3.1699,110,12,0.994903408917509
3.1699,110,13,0.992950224311045
3.1699,110,14,0.993774224066897
3.1699,110,15,0.994079409161656
3.1699,110,16,0.993774224066897
3.1699,110,17,0.993774224066897
3.1699,110,18,0.992645039216285
3.1699,110,19,0.994079409161656
3.1699,110,20,0.993774224066897
3.1699,110,21,0.994903408917509
3.1699,110,22,0.992645039216285
3.1699,110,23,0.994903408917509
3.1699,110,24,0.995483260597552
3.1699,110,25,0.994354075746941
3.1699,110,26,0.994079409161656
3.1699,110,27,0.993774224066897
3.1699,110,28,0.994079409161656
3.1699,110,29,0.993774224066897
3.1699,110,30,0.993499557481613
3.1699,110,31,0.994903408917509
3.1699,110,32,0.995208594012268
3.1699,110,33,0.994628742332225
3.1699,110,34,0.994079409161656
3.1699,110,35,0.993774224066897
3.1699,110,36,0.994903408917509
3.1699,110,37,0.995757927182836
3.1699,110,38,0.994628742332225
3.1699,110,39,0.995208594012268
3.1699,110,40,0.992645039216285
3.1699,110,41,0.994628742332225
3.1699,110,42,0.994903408917509
3.1699,110,43,0.995208594012268
3.1699,110,44,0.995208594012268
3.1699,110,45,0.993774224066897
3.1699,110,46,0.995208594012268
3.1699,110,47,0.994354075746941
3.1699,110,48,0.994354075746941
3.1699,110,49,0.993774224066897
3.1699,110,50,0.994903408917509
3.1699,110,51,0.993774224066897
3.1699,110,52,0.992950224311045
3.1699,110,53,0.995483260597552
3.1699,110,54,0.994628742332225
3.1699,110,55,0.994354075746941
3.1699,110,56,0.993774224066897
3.1699,110,57,0.993224890896329
3.1699,110,58,0.994903408917509
3.1699,110,59,0.993774224066897
3.1699,110,60,0.993774224066897
3.1699,110,61,0.992950224311045
3.1699,110,62,0.993774224066897
3.1699,110,63,0.994354075746941
3.1699,110,64,0.993774224066897
3.1699,110,65,0.993499557481613
3.1699,110,66,0.993774224066897
3.1699,110,67,0.993499557481613
3.1699,110,68,0.993774224066897
3.1699,110,69,0.994079409161656
3.1699,110,70,0.994354075746941
3.1699,110,71,0.994079409161656
3.1699,110,72,0.995208594012268
3.1699,110,73,0.992095706045717
3.1699,110,74,0.993224890896329
3.1699,110,75,0.995208594012268
3.1699,110,76,0.994079409161656
3.1699,110,77,0.995208594012268
3.1699,110,78,0.995208594012268
3.1699,110,79,0.992950224311045
3.1699,110,80,0.993499557481613
3.1699,110,81,0.99603259376812
3.1699,110,82,0.993499557481613
3.1699,110,83,0.996612445448164
3.1699,110,84,0.993774224066897
3.1699,110,85,0.994079409161656
3.1699,110,86,0.994079409161656
3.1699,110,87,0.993224890896329
3.1699,110,88,0.993224890896329
3.1699,110,89,0.993224890896329
3.1699,110,90,0.994628742332225
3.1699,110,91,0.994354075746941
3.1699,110,92,0.992950224311045
3.1699,110,93,0.995757927182836
3.1699,110,94,0.993499557481613
3.1699,110,95,0.994354075746941
3.1699,110,96,0.994628742332225
3.1699,110,97,0.994354075746941
3.1699,110,98,0.992950224311045
3.1699,110,99,0.994079409161656
3.1699,110,100,0.992645039216285
3.1699,110,101,0.994903408917509
3.1699,110,102,0.99603259376812
3.1699,110,103,0.993499557481613
3.1699,110,104,0.995208594012268
3.1699,110,105,0.993499557481613
3.1699,110,106,0.993774224066897
3.1699,110,107,0.993224890896329
3.1982,111,1,0.994903408917509
3.1982,111,2,0.992950224311045
3.1982,111,3,0.994079409161656
3.1982,111,4,0.994354075746941
3.1982,111,5,0.995483260597552
3.1982,111,6,0.994354075746941
3.1982,111,7,0.994628742332225
3.1982,111,8,0.993499557481613
3.1982,111,9,0.995208594012268
3.1982,111,10,0.994628742332225
3.1982,111,11,0.994903408917509
3.1982,111,12,0.994354075746941
3.1982,111,13,0.994354075746941
3.1982,111,14,0.994628742332225
3.1982,111,15,0.995208594012268
3.1982,111,16,0.994079409161656
3.1982,111,17,0.994079409161656
3.1982,111,18,0.993224890896329
3.1982,111,19,0.994079409161656
3.1982,111,20,0.994628742332225
3.1982,111,21,0.993224890896329
3.1982,111,22,0.994079409161656
3.1982,111,23,0.994628742332225
3.1982,111,24,0.994354075746941
3.1982,111,25,0.994079409161656
3.1982,111,26,0.993774224066897
3.1982,111,27,0.993774224066897
3.1982,111,28,0.993774224066897
3.1982,111,29,0.994079409161656
3.1982,111,30,0.994079409161656
3.1982,111,31,0.994903408917509
3.1982,111,32,0.992950224311045
3.1982,111,33,0.994354075746941
3.1982,111,34,0.994354075746941
3.1982,111,35,0.993499557481613
3.1982,111,36,0.994079409161656
3.1982,111,37,0.995483260597552
3.1982,111,38,0.994354075746941
3.1982,111,39,0.994628742332225
3.1982,111,40,0.993224890896329
3.1982,111,41,0.992370372631001
3.1982,111,42,0.994628742332225
3.1982,111,43,0.995483260597552
3.1982,111,44,0.994354075746941
3.1982,111,45,0.992370372631001
3.1982,111,46,0.994628742332225
3.1982,111,47,0.995208594012268
3.1982,111,48,0.994354075746941
3.1982,111,49,0.994354075746941
3.1982,111,50,0.995757927182836
3.1982,111,51,0.993224890896329
3.1982,111,52,0.992645039216285
3.1982,111,53,0.993499557481613
3.1982,111,54,0.993499557481613
3.1982,111,55,0.993774224066897
3.1982,111,56,0.993499557481613
3.1982,111,57,0.994903408917509
3.1982,111,58,0.993774224066897
3.1982,111,59,0.992095706045717
3.1982,111,60,0.992950224311045
3.1982,111,61,0.994079409161656
3.1982,111,62,0.992645039216285
3.1982,111,63,0.993774224066897
3.1982,111,64,0.992645039216285
3.1982,111,65,0.99603259376812
3.1982,111,66,0.994354075746941
3.1982,111,67,0.993499557481613
3.1982,111,68,0.993499557481613
3.1982,111,69,0.994628742332225
3.1982,111,70,0.994903408917509
3.1982,111,71,0.993774224066897
3.1982,111,72,0.993774224066897
3.1982,111,73,0.99603259376812
3.1982,111,74,0.994079409161656
3.1982,111,75,0.993774224066897
3.1982,111,76,0.993774224066897
3.1982,111,77,0.994903408917509
3.1982,111,78,0.994903408917509
3.1982,111,79,0.995757927182836
3.1982,111,80,0.994903408917509
3.1982,111,81,0.994079409161656
3.1982,111,82,0.994354075746941
3.1982,111,83,0.994354075746941
3.1982,111,84,0.992950224311045
3.1982,111,85,0.993774224066897
3.1982,111,86,0.994079409161656
3.1982,111,87,0.994628742332225
3.1982,111,88,0.993499557481613
3.1982,111,89,0.993499557481613
3.1982,111,90,0.992645039216285
3.1982,111,91,0.995208594012268
3.1982,111,92,0.993499557481613
3.1982,111,93,0.995483260597552
3.1982,111,94,0.992645039216285
3.1982,111,95,0.992950224311045
3.1982,111,96,0.995208594012268
3.1982,111,97,0.991515854365673
3.1982,111,98,0.994628742332225
3.1982,111,99,0.994628742332225
3.1982,111,100,0.994628742332225
3.1982,111,101,0.992645039216285
3.1982,111,102,0.992370372631001
3.1982,111,103,0.994354075746941
3.1982,111,104,0.992645039216285
3.1982,111,105,0.994079409161656
3.1982,111,106,0.995208594012268
3.1982,111,107,0.995208594012268
3.2266,112,1,0.995208594012268
3.2266,112,2,0.996612445448164
3.2266,112,3,0.993774224066897
3.2266,112,4,0.993499557481613
3.2266,112,5,0.994079409161656
3.2266,112,6,0.993224890896329
3.2266,112,7,0.994628742332225
3.2266,112,8,0.992950224311045
3.2266,112,9,0.994354075746941
3.2266,112,10,0.993774224066897
3.2266,112,11,0.993774224066897
3.2266,112,12,0.993774224066897
3.2266,112,13,0.994354075746941
3.2266,112,14,0.994628742332225
3.2266,112,15,0.994079409161656
3.2266,112,16,0.993499557481613
3.2266,112,17,0.994079409161656
3.2266,112,18,0.993499557481613
3.2266,112,19,0.995483260597552
3.2266,112,20,0.994903408917509
3.2266,112,21,0.992950224311045
3.2266,112,22,0.994628742332225
3.2266,112,23,0.994903408917509
3.2266,112,24,0.994903408917509
3.2266,112,25,0.995208594012268
3.2266,112,26,0.994354075746941
3.2266,112,27,0.994079409161656
3.2266,112,28,0.993499557481613
3.2266,112,29,0.99603259376812
3.2266,112,30,0.994079409161656
3.2266,112,31,0.992950224311045
3.2266,112,32,0.994079409161656
3.2266,112,33,0.992095706045717
3.2266,112,34,0.993774224066897
3.2266,112,35,0.994354075746941
3.2266,112,36,0.994354075746941
3.2266,112,37,0.993499557481613
3.2266,112,38,0.994354075746941
3.2266,112,39,0.994903408917509
3.2266,112,40,0.992950224311045
3.2266,112,41,0.992950224311045
3.2266,112,42,0.994354075746941
3.2266,112,43,0.995208594012268
3.2266,112,44,0.994354075746941
3.2266,112,45,0.994079409161656
3.2266,112,46,0.994079409161656
3.2266,112,47,0.993499557481613
3.2266,112,48,0.994354075746941
3.2266,112,49,0.993774224066897
3.2266,112,50,0.992950224311045
3.2266,112,51,0.994628742332225
3.2266,112,52,0.993224890896329
3.2266,112,53,0.992950224311045
3.2266,112,54,0.994354075746941
3.2266,112,55,0.994628742332225
3.2266,112,56,0.994354075746941
3.2266,112,57,0.994079409161656
3.2266,112,58,0.995208594012268
3.2266,112,59,0.994628742332225
3.2266,112,60,0.993774224066897
3.2266,112,61,0.994903408917509
3.2266,112,62,0.992950224311045
3.2266,112,63,0.993499557481613
3.2266,112,64,0.994628742332225
3.2266,112,65,0.994903408917509
3.2266,112,66,0.994354075746941
3.2266,112,67,0.993499557481613
3.2266,112,68,0.995208594012268
3.2266,112,69,0.994903408917509
3.2266,112,70,0.991821039460433
3.2266,112,71,0.994903408917509
3.2266,112,72,0.994079409161656
3.2266,112,73,0.995208594012268
3.2266,112,74,0.994628742332225
3.2266,112,75,0.994354075746941
3.2266,112,76,0.994079409161656
3.2266,112,77,0.993774224066897
3.2266,112,78,0.993774224066897
3.2266,112,79,0.993499557481613
3.2266,112,80,0.994628742332225
3.2266,112,81,0.994903408917509
3.2266,112,82,0.993224890896329
3.2266,112,83,0.994354075746941
3.2266,112,84,0.995483260597552
3.2266,112,85,0.993224890896329
3.2266,112,86,0.994079409161656
3.2266,112,87,0.995483260597552
3.2266,112,88,0.994079409161656
3.2266,112,89,0.994903408917509
3.2266,112,90,0.994354075746941
3.2266,112,91,0.995483260597552
3.2266,112,92,0.993224890896329
3.2266,112,93,0.995208594012268
3.2266,112,94,0.995757927182836
3.2266,112,95,0.993774224066897
3.2266,112,96,0.992950224311045
3.2266,112,97,0.993774224066897
3.2266,112,98,0.993774224066897
3.2266,112,99,0.994079409161656
3.2266,112,100,0.993774224066897
3.2266,112,101,0.994079409161656
3.2266,112,102,0.993499557481613
3.2266,112,103,0.993774224066897
3.2266,112,104,0.994628742332225
3.2266,112,105,0.992645039216285
3.2266,112,106,0.994903408917509
3.2266,112,107,0.99603259376812
3.255,113,1,0.993774224066897
3.255,113,2,0.993499557481613
3.255,113,3,0.992645039216285
3.255,113,4,0.995483260597552
3.255,113,5,0.994354075746941
3.255,113,6,0.994079409161656
3.255,113,7,0.994903408917509
3.255,113,8,0.993224890896329
3.255,113,9,0.993499557481613
3.255,113,10,0.994079409161656
3.255,113,11,0.993224890896329
3.255,113,12,0.994354075746941
3.255,113,13,0.994903408917509
3.255,113,14,0.994903408917509
3.255,113,15,0.994079409161656
3.255,113,16,0.994354075746941
3.255,113,17,0.994079409161656
3.255,113,18,0.993499557481613
3.255,113,19,0.994079409161656
3.255,113,20,0.993774224066897
3.255,113,21,0.993774224066897
3.255,113,22,0.994354075746941
3.255,113,23,0.993774224066897
3.255,113,24,0.992645039216285
3.255,113,25,0.993774224066897
3.255,113,26,0.994079409161656
3.255,113,27,0.995757927182836
3.255,113,28,0.99603259376812
3.255,113,29,0.994628742332225
3.255,113,30,0.993774224066897
3.255,113,31,0.993774224066897
3.255,113,32,0.994079409161656
3.255,113,33,0.994079409161656
3.255,113,34,0.994628742332225
3.255,113,35,0.994079409161656
3.255,113,36,0.994628742332225
3.255,113,37,0.995483260597552
3.255,113,38,0.992370372631001
3.255,113,39,0.994903408917509
3.255,113,40,0.994354075746941
3.255,113,41,0.993499557481613
3.255,113,42,0.994354075746941
3.255,113,43,0.994079409161656
3.255,113,44,0.992950224311045
3.255,113,45,0.993774224066897
3.255,113,46,0.994903408917509
3.255,113,47,0.993774224066897
3.255,113,48,0.993499557481613
3.255,113,49,0.992370372631001
3.255,113,50,0.993499557481613
3.255,113,51,0.994354075746941
3.255,113,52,0.994079409161656
3.255,113,53,0.996612445448164
3.255,113,54,0.990966521195105
3.255,113,55,0.993499557481613
3.255,113,56,0.995483260597552
3.255,113,57,0.993499557481613
3.255,113,58,0.994079409161656
3.255,113,59,0.993774224066897
3.255,113,60,0.993774224066897
3.255,113,61,0.994354075746941
3.255,113,62,0.992370372631001
3.255,113,63,0.993499557481613
3.255,113,64,0.992645039216285
3.255,113,65,0.995483260597552
3.255,113,66,0.994903408917509
3.255,113,67,0.993224890896329
3.255,113,68,0.993499557481613
3.255,113,69,0.994903408917509
3.255,113,70,0.992370372631001
3.255,113,71,0.992950224311045
3.255,113,72,0.993224890896329
3.255,113,73,0.994354075746941
3.255,113,74,0.992645039216285
3.255,113,75,0.994079409161656
3.255,113,76,0.994903408917509
3.255,113,77,0.993774224066897
3.255,113,78,0.992645039216285
3.255,113,79,0.994354075746941
3.255,113,80,0.994903408917509
3.255,113,81,0.992370372631001
3.255,113,82,0.994628742332225
3.255,113,83,0.994628742332225
3.255,113,84,0.993499557481613
3.255,113,85,0.995208594012268
3.255,113,86,0.994903408917509
3.255,113,87,0.993499557481613
3.255,113,88,0.994079409161656
3.255,113,89,0.994354075746941
3.255,113,90,0.992950224311045
3.255,113,91,0.993774224066897
3.255,113,92,0.994628742332225
3.255,113,93,0.994079409161656
3.255,113,94,0.993499557481613
3.255,113,95,0.992645039216285
3.255,113,96,0.994903408917509
3.255,113,97,0.994079409161656
3.255,113,98,0.994628742332225
3.255,113,99,0.995483260597552
3.255,113,100,0.993224890896329
3.255,113,101,0.993774224066897
3.255,113,102,0.994354075746941
3.255,113,103,0.993499557481613
3.255,113,104,0.992950224311045
3.255,113,105,0.995208594012268
3.255,113,106,0.995483260597552
3.255,113,107,0.992370372631001
3.2834,114,1,0.995208594012268
3.2834,114,2,0.994354075746941
3.2834,114,3,0.993499557481613
3.2834,114,4,0.994903408917509
3.2834,114,5,0.994354075746941
3.2834,114,6,0.995483260597552
3.2834,114,7,0.993774224066897
3.2834,114,8,0.993499557481613
3.2834,114,9,0.994628742332225
3.2834,114,10,0.994354075746941
3.2834,114,11,0.992370372631001
3.2834,114,12,0.994354075746941
3.2834,114,13,0.993224890896329
3.2834,114,14,0.993774224066897
3.2834,114,15,0.993774224066897
3.2834,114,16,0.992645039216285
3.2834,114,17,0.994354075746941
3.2834,114,18,0.994354075746941
3.2834,114,19,0.992950224311045
3.2834,114,20,0.994354075746941
3.2834,114,21,0.993774224066897
3.2834,114,22,0.993774224066897
3.2834,114,23,0.993499557481613
3.2834,114,24,0.994628742332225
3.2834,114,25,0.994354075746941
3.2834,114,26,0.994354075746941
3.2834,114,27,0.994628742332225
3.2834,114,28,0.993774224066897
3.2834,114,29,0.994354075746941
3.2834,114,30,0.994079409161656
3.2834,114,31,0.994903408917509
3.2834,114,32,0.993499557481613
3.2834,114,33,0.992950224311045
3.2834,114,34,0.994079409161656
3.2834,114,35,0.993499557481613
3.2834,114,36,0.994354075746941
3.2834,114,37,0.993774224066897
3.2834,114,38,0.993774224066897
3.2834,114,39,0.994354075746941
3.2834,114,40,0.993499557481613
3.2834,114,41,0.995483260597552
3.2834,114,42,0.994354075746941
3.2834,114,43,0.992370372631001
3.2834,114,44,0.994079409161656
3.2834,114,45,0.992950224311045
3.2834,114,46,0.993224890896329
3.2834,114,47,0.992645039216285
3.2834,114,48,0.994628742332225
3.2834,114,49,0.993774224066897
3.2834,114,50,0.994903408917509
3.2834,114,51,0.994354075746941
3.2834,114,52,0.994628742332225
3.2834,114,53,0.994354075746941
3.2834,114,54,0.993224890896329
3.2834,114,55,0.992095706045717
3.2834,114,56,0.994079409161656
3.2834,114,57,0.993499557481613
3.2834,114,58,0.993224890896329
3.2834,114,59,0.994903408917509
3.2834,114,60,0.993224890896329
3.2834,114,61,0.995208594012268
3.2834,114,62,0.992370372631001
3.2834,114,63,0.994628742332225
3.2834,114,64,0.99633777886288
3.2834,114,65,0.993499557481613
3.2834,114,66,0.994903408917509
3.2834,114,67,0.994628742332225
3.2834,114,68,0.994628742332225
3.2834,114,69,0.993224890896329
3.2834,114,70,0.993499557481613
3.2834,114,71,0.994354075746941
3.2834,114,72,0.994354075746941
3.2834,114,73,0.993224890896329
3.2834,114,74,0.995483260597552
3.2834,114,75,0.993499557481613
3.2834,114,76,0.993224890896329
3.2834,114,77,0.994354075746941
3.2834,114,78,0.991515854365673
3.2834,114,79,0.992950224311045
3.2834,114,80,0.993774224066897
3.2834,114,81,0.994628742332225
3.2834,114,82,0.993224890896329
3.2834,114,83,0.994354075746941
3.2834,114,84,0.994079409161656
3.2834,114,85,0.993499557481613
3.2834,114,86,0.993224890896329
3.2834,114,87,0.99633777886288
3.2834,114,88,0.994903408917509
3.2834,114,89,0.994628742332225
3.2834,114,90,0.994903408917509
3.2834,114,91,0.993499557481613
3.2834,114,92,0.992095706045717
3.2834,114,93,0.994628742332225
3.2834,114,94,0.995757927182836
3.2834,114,95,0.992950224311045
3.2834,114,96,0.995208594012268
3.2834,114,97,0.995208594012268
3.2834,114,98,0.993224890896329
3.2834,114,99,0.993774224066897
3.2834,114,100,0.994903408917509
3.2834,114,101,0.993224890896329
3.2834,114,102,0.992095706045717
3.2834,114,103,0.992950224311045
3.2834,114,104,0.994079409161656
3.2834,114,105,0.994903408917509
3.2834,114,106,0.992370372631001
3.2834,114,107,0.994628742332225
3.3117,115,1,0.992950224311045
3.3117,115,2,0.993774224066897
3.3117,115,3,0.992950224311045
3.3117,115,4,0.993224890896329
3.3117,115,5,0.992645039216285
3.3117,115,6,0.994079409161656
3.3117,115,7,0.992950224311045
3.3117,115,8,0.994354075746941
3.3117,115,9,0.993774224066897
3.3117,115,10,0.993499557481613
3.3117,115,11,0.994079409161656
3.3117,115,12,0.993774224066897
3.3117,115,13,0.994079409161656
3.3117,115,14,0.992950224311045
3.3117,115,15,0.992950224311045
3.3117,115,16,0.994903408917509
3.3117,115,17,0.994079409161656
3.3117,115,18,0.992950224311045
3.3117,115,19,0.992950224311045
3.3117,115,20,0.995483260597552
3.3117,115,21,0.993224890896329
3.3117,115,22,0.993774224066897
3.3117,115,23,0.993774224066897
3.3117,115,24,0.992950224311045
3.3117,115,25,0.993499557481613
3.3117,115,26,0.994903408917509
3.3117,115,27,0.993224890896329
3.3117,115,28,0.994628742332225
3.3117,115,29,0.994903408917509
3.3117,115,30,0.994903408917509
3.3117,115,31,0.994354075746941
3.3117,115,32,0.994354075746941
3.3117,115,33,0.993774224066897
3.3117,115,34,0.993499557481613
3.3117,115,35,0.993224890896329
3.3117,115,36,0.994903408917509
3.3117,115,37,0.994079409161656
3.3117,115,38,0.993499557481613
3.3117,115,39,0.994354075746941
3.3117,115,40,0.994903408917509
3.3117,115,41,0.993499557481613
3.3117,115,42,0.993224890896329
3.3117,115,43,0.994903408917509
3.3117,115,44,0.994354075746941
3.3117,115,45,0.995208594012268
3.3117,115,46,0.993499557481613
3.3117,115,47,0.994079409161656
3.3117,115,48,0.994354075746941
3.3117,115,49,0.995483260597552
3.3117,115,50,0.994079409161656
3.3117,115,51,0.995757927182836
3.3117,115,52,0.994079409161656
3.3117,115,53,0.992645039216285
3.3117,115,54,0.994079409161656
3.3117,115,55,0.992950224311045
3.3117,115,56,0.995208594012268
3.3117,115,57,0.995483260597552
3.3117,115,58,0.994903408917509
3.3117,115,59,0.993774224066897
3.3117,115,60,0.993224890896329
3.3117,115,61,0.993499557481613
3.3117,115,62,0.994354075746941
3.3117,115,63,0.994079409161656
3.3117,115,64,0.993774224066897
3.3117,115,65,0.992095706045717
3.3117,115,66,0.994628742332225
3.3117,115,67,0.994079409161656
3.3117,115,68,0.994628742332225
3.3117,115,69,0.994079409161656
3.3117,115,70,0.994628742332225
3.3117,115,71,0.995757927182836
3.3117,115,72,0.994354075746941
3.3117,115,73,0.994903408917509
3.3117,115,74,0.992645039216285
3.3117,115,75,0.993499557481613
3.3117,115,76,0.994079409161656
3.3117,115,77,0.994079409161656
3.3117,115,78,0.994079409161656
3.3117,115,79,0.993774224066897
3.3117,115,80,0.993499557481613
3.3117,115,81,0.994628742332225
3.3117,115,82,0.995483260597552
3.3117,115,83,0.994354075746941
3.3117,115,84,0.993774224066897
3.3117,115,85,0.994079409161656
3.3117,115,86,0.993774224066897
3.3117,115,87,0.994079409161656
3.3117,115,88,0.994354075746941
3.3117,115,89,0.995483260597552
3.3117,115,90,0.994628742332225
3.3117,115,91,0.994628742332225
3.3117,115,92,0.994628742332225
3.3117,115,93,0.994903408917509
3.3117,115,94,0.994354075746941
3.3117,115,95,0.993774224066897
3.3117,115,96,0.994354075746941
3.3117,115,97,0.993774224066897
3.3117,115,98,0.994079409161656
3.3117,115,99,0.993499557481613
3.3117,115,100,0.992950224311045
3.3117,115,101,0.993499557481613
3.3117,115,102,0.994903408917509
3.3117,115,103,0.993499557481613
3.3117,115,104,0.993499557481613
3.3117,115,105,0.994079409161656
3.3117,115,106,0.994903408917509
3.3117,115,107,0.994079409161656
3.3401,116,1,0.994079409161656
3.3401,116,2,0.992950224311045
3.3401,116,3,0.992370372631001
3.3401,116,4,0.993774224066897
3.3401,116,5,0.993774224066897
3.3401,116,6,0.993224890896329
3.3401,116,7,0.994354075746941
3.3401,116,8,0.992950224311045
3.3401,116,9,0.993499557481613
3.3401,116,10,0.993224890896329
3.3401,116,11,0.994079409161656
3.3401,116,12,0.993774224066897
3.3401,116,13,0.993774224066897
3.3401,116,14,0.994628742332225
3.3401,116,15,0.993499557481613
3.3401,116,16,0.993774224066897
3.3401,116,17,0.994628742332225
3.3401,116,18,0.994354075746941
3.3401,116,19,0.993774224066897
3.3401,116,20,0.992950224311045
3.3401,116,21,0.994628742332225
3.3401,116,22,0.993499557481613
3.3401,116,23,0.994628742332225
3.3401,116,24,0.994628742332225
3.3401,116,25,0.993774224066897
3.3401,116,26,0.994628742332225
3.3401,116,27,0.992645039216285
3.3401,116,28,0.994628742332225
3.3401,116,29,0.992645039216285
3.3401,116,30,0.994079409161656
3.3401,116,31,0.994628742332225
3.3401,116,32,0.994079409161656
3.3401,116,33,0.995483260597552
3.3401,116,34,0.994079409161656
3.3401,116,35,0.992950224311045
3.3401,116,36,0.993224890896329
3.3401,116,37,0.993774224066897
3.3401,116,38,0.993224890896329
3.3401,116,39,0.994079409161656
3.3401,116,40,0.993774224066897
3.3401,116,41,0.994079409161656
3.3401,116,42,0.992645039216285
3.3401,116,43,0.994354075746941
3.3401,116,44,0.994903408917509
3.3401,116,45,0.994903408917509
3.3401,116,46,0.994628742332225
3.3401,116,47,0.993499557481613
3.3401,116,48,0.994079409161656
3.3401,116,49,0.994079409161656
3.3401,116,50,0.992370372631001
3.3401,116,51,0.993499557481613
3.3401,116,52,0.994079409161656
3.3401,116,53,0.994354075746941
3.3401,116,54,0.993499557481613
3.3401,116,55,0.994354075746941
3.3401,116,56,0.992950224311045
3.3401,116,57,0.993774224066897
3.3401,116,58,0.995483260597552
3.3401,116,59,0.993224890896329
3.3401,116,60,0.994354075746941
3.3401,116,61,0.994628742332225
3.3401,116,62,0.993224890896329
3.3401,116,63,0.992950224311045
3.3401,116,64,0.994354075746941
3.3401,116,65,0.992370372631001
3.3401,116,66,0.993224890896329
3.3401,116,67,0.994354075746941
3.3401,116,68,0.993499557481613
3.3401,116,69,0.993224890896329
3.3401,116,70,0.994354075746941
3.3401,116,71,0.994354075746941
3.3401,116,72,0.994354075746941
3.3401,116,73,0.993774224066897
3.3401,116,74,0.993499557481613
3.3401,116,75,0.992950224311045
3.3401,116,76,0.994354075746941
3.3401,116,77,0.993224890896329
3.3401,116,78,0.993499557481613
3.3401,116,79,0.993224890896329
3.3401,116,80,0.993499557481613
3.3401,116,81,0.994079409161656
3.3401,116,82,0.993499557481613
3.3401,116,83,0.995757927182836
3.3401,116,84,0.995208594012268
3.3401,116,85,0.992950224311045
3.3401,116,86,0.994628742332225
3.3401,116,87,0.994903408917509
3.3401,116,88,0.993224890896329
3.3401,116,89,0.993224890896329
3.3401,116,90,0.994903408917509
3.3401,116,91,0.992950224311045
3.3401,116,92,0.992950224311045
3.3401,116,93,0.994354075746941
3.3401,116,94,0.994628742332225
3.3401,116,95,0.993499557481613
3.3401,116,96,0.994079409161656
3.3401,116,97,0.994354075746941
3.3401,116,98,0.994079409161656
3.3401,116,99,0.993499557481613
3.3401,116,100,0.995208594012268
3.3401,116,101,0.992370372631001
3.3401,116,102,0.993499557481613
3.3401,116,103,0.994903408917509
3.3401,116,104,0.994903408917509
3.3401,116,105,0.993224890896329
3.3401,116,106,0.994079409161656
3.3401,116,107,0.994354075746941
3.3685,117,1,0.993499557481613
3.3685,117,2,0.992950224311045
3.3685,117,3,0.994628742332225
3.3685,117,4,0.994903408917509
3.3685,117,5,0.992645039216285
3.3685,117,6,0.995757927182836
3.3685,117,7,0.993774224066897
3.3685,117,8,0.994903408917509
3.3685,117,9,0.994628742332225
3.3685,117,10,0.993774224066897
3.3685,117,11,0.993774224066897
3.3685,117,12,0.993224890896329
3.3685,117,13,0.993774224066897
3.3685,117,14,0.993774224066897
3.3685,117,15,0.994079409161656
3.3685,117,16,0.994628742332225
3.3685,117,17,0.992095706045717
3.3685,117,18,0.991821039460433
3.3685,117,19,0.994354075746941
3.3685,117,20,0.992645039216285
3.3685,117,21,0.992950224311045
3.3685,117,22,0.993499557481613
3.3685,117,23,0.994079409161656
3.3685,117,24,0.993499557481613
3.3685,117,25,0.993499557481613
3.3685,117,26,0.994354075746941
3.3685,117,27,0.992645039216285
3.3685,117,28,0.994079409161656
3.3685,117,29,0.993499557481613
3.3685,117,30,0.993224890896329
3.3685,117,31,0.994079409161656
3.3685,117,32,0.993224890896329
3.3685,117,33,0.991821039460433
3.3685,117,34,0.993499557481613
3.3685,117,35,0.992950224311045
3.3685,117,36,0.994079409161656
3.3685,117,37,0.993774224066897
3.3685,117,38,0.992950224311045
3.3685,117,39,0.993774224066897
3.3685,117,40,0.992950224311045
3.3685,117,41,0.995208594012268
3.3685,117,42,0.994903408917509
3.3685,117,43,0.995483260597552
3.3685,117,44,0.993774224066897
3.3685,117,45,0.993499557481613
3.3685,117,46,0.993224890896329
3.3685,117,47,0.994628742332225
3.3685,117,48,0.992645039216285
3.3685,117,49,0.994079409161656
3.3685,117,50,0.993224890896329
3.3685,117,51,0.994903408917509
3.3685,117,52,0.994079409161656
3.3685,117,53,0.994903408917509
3.3685,117,54,0.992950224311045
3.3685,117,55,0.993774224066897
3.3685,117,56,0.993224890896329
3.3685,117,57,0.994903408917509
3.3685,117,58,0.994079409161656
3.3685,117,59,0.994354075746941
3.3685,117,60,0.994079409161656
3.3685,117,61,0.992950224311045
3.3685,117,62,0.994079409161656
3.3685,117,63,0.993499557481613
3.3685,117,64,0.995757927182836
3.3685,117,65,0.994628742332225
3.3685,117,66,0.992950224311045
3.3685,117,67,0.993774224066897
3.3685,117,68,0.994903408917509
3.3685,117,69,0.994354075746941
3.3685,117,70,0.994079409161656
3.3685,117,71,0.994628742332225
3.3685,117,72,0.995483260597552
3.3685,117,73,0.993774224066897
3.3685,117,74,0.995757927182836
3.3685,117,75,0.995757927182836
3.3685,117,76,0.994354075746941
3.3685,117,77,0.993499557481613
3.3685,117,78,0.993499557481613
3.3685,117,79,0.994903408917509
3.3685,117,80,0.992370372631001
3.3685,117,81,0.992950224311045
3.3685,117,82,0.993224890896329
3.3685,117,83,0.993224890896329
3.3685,117,84,0.994079409161656
3.3685,117,85,0.994903408917509
3.3685,117,86,0.992950224311045
3.3685,117,87,0.993499557481613
3.3685,117,88,0.994079409161656
3.3685,117,89,0.992950224311045
3.3685,117,90,0.993774224066897
3.3685,117,91,0.993499557481613
3.3685,117,92,0.994354075746941
3.3685,117,93,0.994354075746941
3.3685,117,94,0.993774224066897
3.3685,117,95,0.992645039216285
3.3685,117,96,0.993774224066897
3.3685,117,97,0.994628742332225
3.3685,117,98,0.993774224066897
3.3685,117,99,0.993499557481613
3.3685,117,100,0.993774224066897
3.3685,117,101,0.994903408917509
3.3685,117,102,0.993499557481613
3.3685,117,103,0.994079409161656
3.3685,117,104,0.994628742332225
3.3685,117,105,0.993499557481613
3.3685,117,106,0.994903408917509
3.3685,117,107,0.993774224066897
3.3969,118,1,0.994354075746941
3.3969,118,2,0.995483260597552
3.3969,118,3,0.993224890896329
3.3969,118,4,0.994354075746941
3.3969,118,5,0.993499557481613
3.3969,118,6,0.994628742332225
3.3969,118,7,0.994354075746941
3.3969,118,8,0.991821039460433
3.3969,118,9,0.994903408917509
3.3969,118,10,0.993499557481613
3.3969,118,11,0.993224890896329
3.3969,118,12,0.992095706045717
3.3969,118,13,0.994079409161656
3.3969,118,14,0.993499557481613
3.3969,118,15,0.994079409161656
3.3969,118,16,0.993774224066897
3.3969,118,17,0.994903408917509
3.3969,118,18,0.994079409161656
3.3969,118,19,0.994079409161656
3.3969,118,20,0.994079409161656
3.3969,118,21,0.994903408917509
3.3969,118,22,0.993224890896329
3.3969,118,23,0.994354075746941
3.3969,118,24,0.993499557481613
3.3969,118,25,0.994903408917509
3.3969,118,26,0.994354075746941
3.3969,118,27,0.993774224066897
3.3969,118,28,0.993224890896329
3.3969,118,29,0.993499557481613
3.3969,118,30,0.994354075746941
3.3969,118,31,0.993499557481613
3.3969,118,32,0.992645039216285
3.3969,118,33,0.992645039216285
3.3969,118,34,0.994079409161656
3.3969,118,35,0.993499557481613
3.3969,118,36,0.991515854365673
3.3969,118,37,0.994079409161656
3.3969,118,38,0.993499557481613
3.3969,118,39,0.993224890896329
3.3969,118,40,0.994079409161656
3.3969,118,41,0.992645039216285
3.3969,118,42,0.993224890896329
3.3969,118,43,0.993499557481613
3.3969,118,44,0.994079409161656
3.3969,118,45,0.993224890896329
3.3969,118,46,0.992645039216285
3.3969,118,47,0.994628742332225
3.3969,118,48,0.992950224311045
3.3969,118,49,0.994079409161656
3.3969,118,50,0.993499557481613
3.3969,118,51,0.992370372631001
3.3969,118,52,0.994079409161656
3.3969,118,53,0.995208594012268
3.3969,118,54,0.993224890896329
3.3969,118,55,0.994354075746941
3.3969,118,56,0.994628742332225
3.3969,118,57,0.994628742332225
3.3969,118,58,0.993499557481613
3.3969,118,59,0.992370372631001
3.3969,118,60,0.994354075746941
3.3969,118,61,0.994903408917509
3.3969,118,62,0.993774224066897
3.3969,118,63,0.994354075746941
3.3969,118,64,0.993774224066897
3.3969,118,65,0.994079409161656
3.3969,118,66,0.994628742332225
3.3969,118,67,0.994079409161656
3.3969,118,68,0.993224890896329
3.3969,118,69,0.994354075746941
3.3969,118,70,0.995208594012268
3.3969,118,71,0.992095706045717
3.3969,118,72,0.994079409161656
3.3969,118,73,0.993774224066897
3.3969,118,74,0.994079409161656
3.3969,118,75,0.994903408917509
3.3969,118,76,0.99603259376812
3.3969,118,77,0.994079409161656
3.3969,118,78,0.994903408917509
3.3969,118,79,0.994903408917509
3.3969,118,80,0.994903408917509
3.3969,118,81,0.994628742332225
3.3969,118,82,0.993774224066897
3.3969,118,83,0.994079409161656
3.3969,118,84,0.993499557481613
3.3969,118,85,0.993499557481613
3.3969,118,86,0.993774224066897
3.3969,118,87,0.992645039216285
3.3969,118,88,0.994354075746941
3.3969,118,89,0.994628742332225
3.3969,118,90,0.993224890896329
3.3969,118,91,0.992950224311045
3.3969,118,92,0.994354075746941
3.3969,118,93,0.993774224066897
3.3969,118,94,0.994628742332225
3.3969,118,95,0.992645039216285
3.3969,118,96,0.993224890896329
3.3969,118,97,0.992370372631001
3.3969,118,98,0.994354075746941
3.3969,118,99,0.994354075746941
3.3969,118,100,0.994354075746941
3.3969,118,101,0.993774224066897
3.3969,118,102,0.992950224311045
3.3969,118,103,0.993774224066897
3.3969,118,104,0.994079409161656
3.3969,118,105,0.994354075746941
3.3969,118,106,0.994079409161656
3.3969,118,107,0.994079409161656
3.4252,119,1,0.994628742332225
3.4252,119,2,0.994628742332225
3.4252,119,3,0.993499557481613
3.4252,119,4,0.993774224066897
3.4252,119,5,0.994628742332225
3.4252,119,6,0.993224890896329
3.4252,119,7,0.993774224066897
3.4252,119,8,0.993499557481613
3.4252,119,9,0.994079409161656
3.4252,119,10,0.994079409161656
3.4252,119,11,0.994079409161656
3.4252,119,12,0.994079409161656
3.4252,119,13,0.993224890896329
3.4252,119,14,0.993499557481613
3.4252,119,15,0.994079409161656
3.4252,119,16,0.994354075746941
3.4252,119,17,0.995483260597552
3.4252,119,18,0.994354075746941
3.4252,119,19,0.994354075746941
3.4252,119,20,0.994354075746941
3.4252,119,21,0.994354075746941
3.4252,119,22,0.993224890896329
3.4252,119,23,0.992370372631001
3.4252,119,24,0.994354075746941
3.4252,119,25,0.993774224066897
3.4252,119,26,0.992645039216285
3.4252,119,27,0.994354075746941
3.4252,119,28,0.992950224311045
3.4252,119,29,0.995208594012268
3.4252,119,30,0.994354075746941
3.4252,119,31,0.994354075746941
3.4252,119,32,0.994354075746941
3.4252,119,33,0.99633777886288
3.4252,119,34,0.993774224066897
3.4252,119,35,0.995483260597552
3.4252,119,36,0.994903408917509
3.4252,119,37,0.994079409161656
3.4252,119,38,0.994079409161656
3.4252,119,39,0.991821039460433
3.4252,119,40,0.995208594012268
3.4252,119,41,0.993499557481613
3.4252,119,42,0.993499557481613
3.4252,119,43,0.994628742332225
3.4252,119,44,0.994628742332225
3.4252,119,45,0.993774224066897
3.4252,119,46,0.993224890896329
3.4252,119,47,0.993499557481613
3.4252,119,48,0.995208594012268
3.4252,119,49,0.993499557481613
3.4252,119,50,0.993774224066897
3.4252,119,51,0.993499557481613
3.4252,119,52,0.994903408917509
3.4252,119,53,0.993774224066897
3.4252,119,54,0.994628742332225
3.4252,119,55,0.993224890896329
3.4252,119,56,0.993499557481613
3.4252,119,57,0.992370372631001
3.4252,119,58,0.993499557481613
3.4252,119,59,0.992645039216285
3.4252,119,60,0.992950224311045
3.4252,119,61,0.994354075746941
3.4252,119,62,0.994903408917509
3.4252,119,63,0.992950224311045
3.4252,119,64,0.994628742332225
3.4252,119,65,0.992645039216285
3.4252,119,66,0.993774224066897
3.4252,119,67,0.992950224311045
3.4252,119,68,0.994628742332225
3.4252,119,69,0.992645039216285
3.4252,119,70,0.992645039216285
3.4252,119,71,0.994903408917509
3.4252,119,72,0.994903408917509
3.4252,119,73,0.992370372631001
3.4252,119,74,0.994354075746941
3.4252,119,75,0.994079409161656
3.4252,119,76,0.993774224066897
3.4252,119,77,0.993224890896329
3.4252,119,78,0.994628742332225
3.4252,119,79,0.994628742332225
3.4252,119,80,0.993774224066897
3.4252,119,81,0.994079409161656
3.4252,119,82,0.993224890896329
3.4252,119,83,0.992370372631001
3.4252,119,84,0.995208594012268
3.4252,119,85,0.992645039216285
3.4252,119,86,0.993499557481613
3.4252,119,87,0.994354075746941
3.4252,119,88,0.994628742332225
3.4252,119,89,0.994628742332225
3.4252,119,90,0.993224890896329
3.4252,119,91,0.993774224066897
3.4252,119,92,0.994628742332225
3.4252,119,93,0.995483260597552
3.4252,119,94,0.993774224066897
3.4252,119,95,0.993774224066897
3.4252,119,96,0.993774224066897
3.4252,119,97,0.994903408917509
3.4252,119,98,0.994628742332225
3.4252,119,99,0.993774224066897
3.4252,119,100,0.995483260597552
3.4252,119,101,0.993224890896329
3.4252,119,102,0.993224890896329
3.4252,119,103,0.993224890896329
3.4252,119,104,0.994903408917509
3.4252,119,105,0.994079409161656
3.4252,119,106,0.993499557481613
3.4252,119,107,0.994354075746941
3.4536,120,1,0.993224890896329
3.4536,120,2,0.993224890896329
3.4536,120,3,0.993224890896329
3.4536,120,4,0.99603259376812
3.4536,120,5,0.994903408917509
3.4536,120,6,0.992645039216285
3.4536,120,7,0.994903408917509
3.4536,120,8,0.992645039216285
3.4536,120,9,0.993499557481613
3.4536,120,10,0.993224890896329
3.4536,120,11,0.994079409161656
3.4536,120,12,0.992370372631001
3.4536,120,13,0.992645039216285
3.4536,120,14,0.994354075746941
3.4536,120,15,0.993499557481613
3.4536,120,16,0.993499557481613
3.4536,120,17,0.994628742332225
3.4536,120,18,0.993499557481613
3.4536,120,19,0.992645039216285
3.4536,120,20,0.994079409161656
3.4536,120,21,0.991515854365673
3.4536,120,22,0.993499557481613
3.4536,120,23,0.994079409161656
3.4536,120,24,0.991821039460433
3.4536,120,25,0.993774224066897
3.4536,120,26,0.994354075746941
3.4536,120,27,0.995483260597552
3.4536,120,28,0.992370372631001
3.4536,120,29,0.992645039216285
3.4536,120,30,0.994354075746941
3.4536,120,31,0.994079409161656
3.4536,120,32,0.993774224066897
3.4536,120,33,0.994079409161656
3.4536,120,34,0.993224890896329
3.4536,120,35,0.995483260597552
3.4536,120,36,0.994079409161656
3.4536,120,37,0.993774224066897
3.4536,120,38,0.994079409161656
3.4536,120,39,0.994628742332225
3.4536,120,40,0.994903408917509
3.4536,120,41,0.994628742332225
3.4536,120,42,0.993499557481613
3.4536,120,43,0.994079409161656
3.4536,120,44,0.994628742332225
3.4536,120,45,0.99603259376812
3.4536,120,46,0.994903408917509
3.4536,120,47,0.994354075746941
3.4536,120,48,0.993774224066897
3.4536,120,49,0.994079409161656
3.4536,120,50,0.994354075746941
3.4536,120,51,0.992645039216285
3.4536,120,52,0.992645039216285
3.4536,120,53,0.994903408917509
3.4536,120,54,0.993774224066897
3.4536,120,55,0.994903408917509
3.4536,120,56,0.993224890896329
3.4536,120,57,0.993224890896329
3.4536,120,58,0.995483260597552
3.4536,120,59,0.994354075746941
3.4536,120,60,0.995208594012268
3.4536,120,61,0.994354075746941
3.4536,120,62,0.994079409161656
3.4536,120,63,0.993774224066897
3.4536,120,64,0.993774224066897
3.4536,120,65,0.994628742332225
3.4536,120,66,0.99603259376812
3.4536,120,67,0.994354075746941
3.4536,120,68,0.994628742332225
3.4536,120,69,0.994354075746941
3.4536,120,70,0.993774224066897
3.4536,120,71,0.994354075746941
3.4536,120,72,0.993499557481613
3.4536,120,73,0.995208594012268
3.4536,120,74,0.994354075746941
3.4536,120,75,0.994079409161656
3.4536,120,76,0.995483260597552
3.4536,120,77,0.994079409161656
3.4536,120,78,0.993224890896329
3.4536,120,79,0.994903408917509
3.4536,120,80,0.993224890896329
3.4536,120,81,0.992095706045717
3.4536,120,82,0.994079409161656
3.4536,120,83,0.994079409161656
3.4536,120,84,0.993774224066897
3.4536,120,85,0.994079409161656
3.4536,120,86,0.994628742332225
3.4536,120,87,0.993499557481613
3.4536,120,88,0.992950224311045
3.4536,120,89,0.994079409161656
3.4536,120,90,0.993774224066897
3.4536,120,91,0.994079409161656
3.4536,120,92,0.995208594012268
3.4536,120,93,0.993224890896329
3.4536,120,94,0.993499557481613
3.4536,120,95,0.994354075746941
3.4536,120,96,0.995757927182836
3.4536,120,97,0.993499557481613
3.4536,120,98,0.993774224066897
3.4536,120,99,0.993774224066897
3.4536,120,100,0.992950224311045
3.4536,120,101,0.7865230262154
3.4536,120,102,0.911618396557512
3.4536,120,103,0.931394390697958
3.4536,120,104,-0.163640247810297
3.4536,120,105,-0.172399060029908
3.4536,120,106,-0.173802911465804
3.4536,120,107,-0.165898617511521
3.482,121,1,-0.170140690328684
3.482,121,2,-0.170690023499252
3.482,121,3,-0.17322305978576
3.482,121,4,-0.175481429486984
3.482,121,5,-0.177465132602924
3.482,121,6,-0.178594317453536
3.482,121,7,-0.205694753868221
3.482,121,8,-0.209387493514817
3.482,121,9,-0.215857417523728
3.482,121,10,-0.219244972075564
3.482,121,11,-0.221228675191504
3.482,121,12,-0.225196081423383
3.482,121,13,-0.227454451124607
3.482,121,14,0.223212378307443
3.482,121,15,0.375408185064241
3.482,121,16,0.626697592089602
3.482,121,17,0.630390331736198
3.482,121,18,0.630085146641438
3.482,121,19,0.630939664906766
3.482,121,20,0.65157017731254
3.482,121,21,0.652394177068392
3.482,121,22,0.65324869533372
3.482,121,23,0.654103213599048
3.482,121,24,0.654103213599048
3.482,121,25,0.654103213599048
3.482,121,26,0.652394177068392
3.482,121,27,0.652119510483108
3.482,121,28,0.652119510483108
3.482,121,29,0.65157017731254
3.482,121,30,0.650990325632496
3.482,121,31,0.650440992461928
3.482,121,32,0.649006622516556
3.482,121,33,0.650440992461928
3.482,121,34,0.64760277108066
3.482,121,35,0.67894528031251
3.482,121,36,0.682912686544389
3.482,121,37,0.683736686300241
3.482,121,38,0.684316537980285
3.482,121,39,0.686300241096225
3.482,121,40,0.684591204565569
3.482,121,41,0.685720389416181
3.482,121,42,0.686849574266793
3.482,121,43,0.687978759117405
3.482,121,44,0.687704092532121
3.482,121,45,0.687704092532121
3.482,121,46,0.687704092532121
3.482,121,47,0.686849574266793
3.482,121,48,0.687429425946837
3.482,121,49,0.686849574266793
3.482,121,50,0.687978759117405
3.482,121,51,0.680928983428449
3.482,121,52,0.678395947141942
3.482,121,53,0.681478316599017
3.482,121,54,0.679219946897794
3.482,121,55,0.678395947141942
3.482,121,56,0.677816095461898
3.482,121,57,0.686300241096225
3.482,121,58,0.687124240852077
3.482,121,59,0.687978759117405
3.482,121,60,0.684591204565569
3.482,121,61,0.693929868465224
3.482,121,62,0.680654316843165
3.482,121,63,0.442884609515671
3.482,121,64,-0.300576799829096
3.482,121,65,-0.442335276345103
3.482,121,66,-0.923490096743675
3.482,121,67,-1
3.482,121,68,-0.82296212652974
3.482,121,69,-0.824091311380352
3.482,121,70,-0.834253975035859
3.482,121,71,-0.825769829401532
3.482,121,72,-0.822687459944456
3.482,121,73,-0.822382274849696
3.482,121,74,-0.819299905392621
3.482,121,75,-0.821558275093844
3.482,121,76,-0.816187017426069
3.482,121,77,-0.813348796044801
3.482,121,78,-0.811090426343577
3.482,121,79,-0.811670278023621
3.482,121,80,-0.806848353526414
3.482,121,81,-0.806299020355846
3.482,121,82,-0.808832056642354
3.482,121,83,-0.814752647480697
3.482,121,84,-0.816736350596637
3.482,121,85,-0.814203314310129
3.482,121,86,-0.816736350596637
3.482,121,87,-0.818445387127293
3.482,121,88,-0.817865535447249
3.482,121,89,-0.812494277779473
3.482,121,90,-0.813623462630085
3.482,121,91,-0.815607165746025
3.482,121,92,-0.813074129459517
3.482,121,93,-0.811670278023621
3.482,121,94,-0.80855739005707
3.482,121,95,-0.828882717368084
3.482,121,96,-0.828028199102756
3.482,121,97,-0.825769829401532
3.482,121,98,-0.826899014252144
3.482,121,99,-0.825220496230964
3.482,121,100,-0.827478865932188
3.482,121,101,-0.825220496230964
3.482,121,102,-0.82662434766686
3.482,121,103,-0.825495162816248
3.482,121,104,-0.82494582964568
3.482,121,105,-0.826899014252144
3.482,121,106,-0.823511459700308
3.482,121,107,-0.825495162816248
3.5104,122,1,-0.823511459700308
3.5104,122,2,-0.818994720297861
3.5104,122,3,-0.819574571977905
3.5104,122,4,-0.818445387127293
3.5104,122,5,-0.817316202276681
3.5104,122,6,-0.816736350596637
3.5104,122,7,-0.815607165746025
3.5104,122,8,-0.815912350840785
3.5104,122,9,-0.813074129459517
3.5104,122,10,-0.816187017426069
3.5104,122,11,-0.815607165746025
3.5104,122,12,-0.814752647480697
3.5104,122,13,-0.817041535691397
3.5104,122,14,-0.814477980895413
3.5104,122,15,-0.814203314310129
3.5104,122,16,-0.819299905392621
3.5104,122,17,-0.82296212652974
3.5104,122,18,-0.822107608264412
3.5104,122,19,-0.825220496230964
3.5104,122,20,-0.825220496230964
3.5104,122,21,-0.822382274849696
3.5104,122,22,-0.822687459944456
3.5104,122,23,-0.842707602160711
3.5104,122,24,-0.843287453840754
3.5104,122,25,-0.844965971861934
3.5104,122,26,-0.84301278725547
3.5104,122,27,-0.845820490127262
3.5104,122,28,-0.843287453840754
3.5104,122,29,-0.847529526657918
3.5104,122,30,-0.845820490127262
3.5104,122,31,-0.844965971861934
3.5104,122,32,-0.845545823541978
3.5104,122,33,-0.847254860072634
3.5104,122,34,-0.830011902218696
3.5104,122,35,-0.830011902218696
3.5104,122,36,-0.828028199102756
3.5104,122,37,-0.829157383953368
3.5104,122,38,-0.831995605334635
3.5104,122,39,-0.832270271919919
3.5104,122,40,-0.830011902218696
3.5104,122,41,-0.82494582964568
3.5104,122,42,-0.822382274849696
3.5104,122,43,-0.824091311380352
3.5104,122,44,-0.823236793115024
3.5104,122,45,-0.822687459944456
3.5104,122,46,-0.82296212652974
3.5104,122,47,-0.826075014496292
3.5104,122,48,-0.674428540910062
3.5104,122,49,-0.687978759117405
3.5104,122,50,-0.672750022888882
3.5104,122,51,-0.672444837794122
3.5104,122,52,-0.679799798577837
3.5104,122,53,-0.679799798577837
3.5104,122,54,-0.680074465163121
3.5104,122,55,-0.680928983428449
3.5104,122,56,-0.679525131992553
3.5104,122,57,-0.679525131992553
3.5104,122,58,-0.679219946897794
3.5104,122,59,-0.680654316843165
3.5104,122,60,-0.681203650013733
3.5104,122,61,-0.681203650013733
3.5104,122,62,-0.67528305917539
3.5104,122,63,-0.674153874324778
3.5104,122,64,-0.673024689474166
3.5104,122,65,-0.673574022644734
3.5104,122,66,-0.673024689474166
3.5104,122,67,-0.682058168279061
3.5104,122,68,-0.682607501449629
3.5104,122,69,-0.699575792718284
3.5104,122,70,-0.675008392590106
3.5104,122,71,-0.675832392345958
3.5104,122,72,-0.672750022888882
3.5104,122,73,-0.67329935605945
3.5104,122,74,-0.672444837794122
3.5104,122,75,-0.674153874324778
3.5104,122,76,-0.673024689474166
3.5104,122,77,-0.673574022644734
3.5104,122,78,-0.672444837794122
3.5104,122,79,-0.673574022644734
3.5104,122,80,-0.673879207739494
3.5104,122,81,-0.673024689474166
3.5104,122,82,-0.672444837794122
3.5104,122,83,-0.674153874324778
3.5104,122,84,-0.67528305917539
3.5104,122,85,-0.673574022644734
3.5104,122,86,-0.673879207739494
3.5104,122,87,-0.673024689474166
3.5104,122,88,-0.674428540910062
3.5104,122,89,-0.685995056001465
3.5104,122,90,-0.674428540910062
3.5104,122,91,-0.673024689474166
3.5104,122,92,-0.67329935605945
3.5104,122,93,-0.682332834864345
3.5104,122,94,-0.682607501449629
3.5104,122,95,-0.683187353129673
3.5104,122,96,-0.672444837794122
3.5104,122,97,-0.673024689474166
3.5104,122,98,-0.670766319772942
3.5104,122,99,-0.674153874324778
3.5104,122,100,-0.673024689474166
3.5104,122,101,-0.672750022888882
3.5104,122,102,-0.67162083803827
3.5104,122,103,-0.671895504623554
3.5104,122,104,-0.672170171208838
3.5104,122,105,-0.673024689474166
3.5104,122,106,-0.67162083803827
3.5104,122,107,-0.670766319772942
3.5387,123,1,-0.687124240852077
3.5387,123,2,-0.695059053315836
3.5387,123,3,-0.679219946897794
3.5387,123,4,-0.680074465163121
3.5387,123,5,-0.680654316843165
3.5387,123,6,-0.680654316843165
3.5387,123,7,-0.680654316843165
3.5387,123,8,-0.681203650013733
3.5387,123,9,-0.703512680440687
3.5387,123,10,-0.704641865291299
3.5387,123,11,-0.71538438062685
3.5387,123,12,-0.717337565233314
3.5387,123,13,-0.717917416913358
3.5387,123,14,-0.708609271523179
3.5387,123,15,-0.710562456129643
3.5387,123,16,-0.710013122959075
3.5387,123,17,-0.710867641224403
3.5387,123,18,-0.711691640980255
3.5387,123,19,-0.725821710867641
3.5387,123,20,-0.704641865291299
3.5387,123,21,-0.691640980254524
3.5387,123,22,-0.690237128818629
3.5387,123,23,-0.688833277382733
3.5387,123,24,-0.687429425946837
3.5387,123,25,-0.687704092532121
3.5387,123,26,-0.687704092532121
3.5387,123,27,-0.680654316843165
3.5387,123,28,-0.680654316843165
3.5387,123,29,-0.67894528031251
3.5387,123,30,-0.679219946897794
3.5387,123,31,-0.677541428876614
3.5387,123,32,-0.678395947141942
3.5387,123,33,-0.678090762047182
3.5387,123,34,-0.678090762047182
3.5387,123,35,-0.687704092532121
3.5387,123,36,-0.705496383556627
3.5387,123,37,-0.689687795648061
3.5387,123,38,-0.688558610797449
3.5387,123,39,-0.688253425702689
3.5387,123,40,-0.687704092532121
3.5387,123,41,-0.689382610553301
3.5387,123,42,-0.687978759117405
3.5387,123,43,-0.689382610553301
3.5387,123,44,-0.711691640980255
3.5387,123,45,-0.71340067751091
3.5387,123,46,-0.71340067751091
3.5387,123,47,-0.71340067751091
3.5387,123,48,-0.712546159245582
3.5387,123,49,-0.712546159245582
3.5387,123,50,-0.71538438062685
3.5387,123,51,-0.715659047212134
3.5387,123,52,-0.716208380382702
3.5387,123,53,-0.715659047212134
3.5387,123,54,-0.730338450270089
3.5387,123,55,-0.734000671407208
3.5387,123,56,-0.718771935178686
3.5387,123,57,-0.718771935178686
3.5387,123,58,-0.704367198706015
3.5387,123,59,-0.704092532120731
3.5387,123,60,-0.703512680440687
3.5387,123,61,-0.695608386486404
3.5387,123,62,-0.693624683370464
3.5387,123,63,-0.694753868221076
3.5387,123,64,-0.693929868465224
3.5387,123,65,-0.687429425946837
3.5387,123,66,-0.685171056245613
3.5387,123,67,-0.685171056245613
3.5387,123,68,-0.685995056001465
3.5387,123,69,-0.685995056001465
3.5387,123,70,-0.683462019714957
3.5387,123,71,-0.685995056001465
3.5387,123,72,-0.666249580370495
3.5387,123,73,-0.668233283486435
3.5387,123,74,-0.665669728690451
3.5387,123,75,-0.663991210669271
3.5387,123,76,-0.664845728934599
3.5387,123,77,-0.665120395519883
3.5387,123,78,-0.665120395519883
3.5387,123,79,-0.665395062105167
3.5387,123,80,-0.665669728690451
3.5387,123,81,-0.664845728934599
3.5387,123,82,-0.667104098635823
3.5387,123,83,-0.664540543839839
3.5387,123,84,-0.664540543839839
3.5387,123,85,-0.665669728690451
3.5387,123,86,-0.666798913541063
3.5387,123,87,-0.667104098635823
3.5387,123,88,-0.667104098635823
3.5387,123,89,-0.667378765221107
3.5387,123,90,-0.665974913785211
3.5387,123,91,-0.665974913785211
3.5387,123,92,-0.665669728690451
3.5387,123,93,-0.667653431806391
3.5387,123,94,-0.664540543839839
3.5387,123,95,-0.667378765221107
3.5387,123,96,-0.667378765221107
3.5387,123,97,-0.665395062105167
3.5387,123,98,-0.668233283486435
3.5387,123,99,-0.667928098391675
3.5387,123,100,-0.667653431806391
3.5387,123,101,-0.667104098635823
3.5387,123,102,-0.665669728690451
3.5387,123,103,-0.667104098635823
3.5387,123,104,-0.667104098635823
3.5387,123,105,-0.665120395519883
3.5387,123,106,-0.667653431806391
3.5387,123,107,-0.668233283486435
3.5671,124,1,-0.665974913785211
3.5671,124,2,-0.666798913541063
3.5671,124,3,-0.667928098391675
3.5671,124,4,-0.665974913785211
3.5671,124,5,-0.667653431806391
3.5671,124,6,-0.665974913785211
3.5671,124,7,-0.667928098391675
3.5671,124,8,-0.667653431806391
3.5671,124,9,-0.668233283486435
3.5671,124,10,-0.668233283486435
3.5671,124,11,-0.669057283242286
3.5671,124,12,-0.669057283242286
3.5671,124,13,-0.670491653187658
3.5671,124,14,-0.669911801507614
3.5671,124,15,-0.670186468092898
3.5671,124,16,-0.669362468337046
3.5671,124,17,-0.667653431806391
3.5671,124,18,-0.670766319772942
3.5671,124,19,-0.671895504623554
3.5671,124,20,-0.669057283242286
3.5671,124,21,-0.67131565294351
3.5671,124,22,-0.670766319772942
3.5671,124,23,-0.668507950071718
3.5671,124,24,-0.67131565294351
3.5671,124,25,-0.670186468092898
3.5671,124,26,-0.670186468092898
3.5671,124,27,-0.670186468092898
3.5671,124,28,-0.669057283242286
3.5671,124,29,-0.668507950071718
3.5671,124,30,-0.669362468337046
3.5671,124,31,-0.671040986358226
3.5671,124,32,-0.67162083803827
3.5671,124,33,-0.668782616657002
3.5671,124,34,-0.670186468092898
3.5671,124,35,-0.668782616657002
3.5671,124,36,-0.668507950071718
3.5671,124,37,-0.670186468092898
3.5671,124,38,-0.67131565294351
3.5671,124,39,-0.700399792474136
3.5671,124,40,-0.701254310739464
3.5671,124,41,-0.703238013855403
3.5671,124,42,-0.704092532120731
3.5671,124,43,-0.704916531876583
3.5671,124,44,-0.706350901821955
3.5671,124,45,-0.708304086428419
3.5671,124,46,-0.708883938108463
3.5671,124,47,-0.708883938108463
3.5671,124,48,-0.709433271279031
3.5671,124,49,-0.680928983428449
3.5671,124,50,-0.681783501693777
3.5671,124,51,-0.680349131748405
3.5671,124,52,-0.67894528031251
3.5671,124,53,-0.680074465163121
3.5671,124,54,-0.678670613727226
3.5671,124,55,-0.679219946897794
3.5671,124,56,-0.678395947141942
3.5671,124,57,-0.679219946897794
3.5671,124,58,-0.676137577440718
3.5671,124,59,-0.677541428876614
3.5671,124,60,-0.67696157719657
3.5671,124,61,-0.677541428876614
3.5671,124,62,-0.67726676229133
3.5671,124,63,-0.67696157719657
3.5671,124,64,-0.676686910611286
3.5671,124,65,-0.67528305917539
3.5671,124,66,-0.67696157719657
3.5671,124,67,-0.674703207495346
3.5671,124,68,-0.675832392345958
3.5671,124,69,-0.673574022644734
3.5671,124,70,-0.673879207739494
3.5671,124,71,-0.672444837794122
3.5671,124,72,-0.673574022644734
3.5671,124,73,-0.672444837794122
3.5671,124,74,-0.673024689474166
3.5671,124,75,-0.672750022888882
3.5671,124,76,-0.672444837794122
3.5671,124,77,-0.673574022644734
3.5671,124,78,-0.672750022888882
3.5671,124,79,-0.672444837794122
3.5671,124,80,-0.672170171208838
3.5671,124,81,-0.676412244026002
3.5671,124,82,-0.67528305917539
3.5671,124,83,-0.675008392590106
3.5671,124,84,-0.676137577440718
3.5671,124,85,-0.675008392590106
3.5671,124,86,-0.677816095461898
3.5671,124,87,-0.679525131992553
3.5671,124,88,-0.687124240852077
3.5671,124,89,-0.687124240852077
3.5671,124,90,-0.686849574266793
3.5671,124,91,-0.685995056001465
3.5671,124,92,-0.685445722830897
3.5671,124,93,-0.678670613727226
3.5671,124,94,-0.679219946897794
3.5671,124,95,-0.700979644154179
3.5671,124,96,-0.695608386486404
3.5671,124,97,-0.689382610553301
3.5671,124,98,-0.688833277382733
3.5671,124,99,-0.696737571337016
3.5671,124,100,-0.724143192846461
3.5671,124,101,-0.724967192602313
3.5671,124,102,-0.727530747398297
3.5671,124,103,-0.728934598834193
3.5671,124,104,-0.730613116855373
3.5671,124,105,-0.730613116855373
3.5671,124,106,-0.732596819971313
3.5671,124,107,-0.732871486556597
3.5955,125,1,-0.734305856501968
3.5955,125,2,-0.736838892788476
3.5955,125,3,-0.735984374523148
3.5955,125,4,-0.739646595660268
3.5955,125,5,-0.739646595660268
3.5955,125,6,-0.74108096560564
3.5955,125,7,-0.741630298776208
3.5955,125,8,-0.740501113925596
3.5955,125,9,-0.743888668477432
3.5955,125,10,-0.744468520157476
3.5955,125,11,-0.744163335062716
3.5955,125,12,-0.745017853328043
3.5955,125,13,-0.747276223029267
3.5955,125,14,-0.746726889858699
3.5955,125,15,-0.747550889614551
3.5955,125,16,-0.748405407879879
3.5955,125,17,-0.750114444410535
3.5955,125,18,-0.750663777581103
3.5955,125,19,-0.750663777581103
3.5955,125,20,-0.751518295846431
3.5955,125,21,-0.754905850398267
3.5955,125,22,-0.754905850398267
3.5955,125,23,-0.756035035248878
3.5955,125,24,-0.758018738364818
3.5955,125,25,-0.756614886928922
3.5955,125,26,-0.758293404950102
3.5955,125,27,-0.759697256385998
3.5955,125,28,-0.758873256630146
3.5955,125,29,-0.76113162633137
3.5955,125,30,-0.760277108066042
3.5955,125,31,-0.760277108066042
3.5955,125,32,-0.76113162633137
3.5955,125,33,-0.762260811181982
3.5955,125,34,-0.761406292916654
3.5955,125,35,-0.763389996032594
3.5955,125,36,-0.763939329203162
3.5955,125,37,-0.764213995788446
3.5955,125,38,-0.767601550340281
3.5955,125,39,-0.768456068605609
3.5955,125,40,-0.766777550584429
3.5955,125,41,-0.769035920285653
3.5955,125,42,-0.769585253456221
3.5955,125,43,-0.771294289986877
3.5955,125,44,-0.770714438306833
3.5955,125,45,-0.773552659688101
3.5955,125,46,-0.772118289742729
3.5955,125,47,-0.778618732261116
3.5955,125,48,-0.777764213995788
3.5955,125,49,-0.780602435377056
3.5955,125,50,-0.78087710196234
3.5955,125,51,-0.781151768547624
3.5955,125,52,-0.782006286812952
3.5955,125,53,-0.781151768547624
3.5955,125,54,-0.781731620227668
3.5955,125,55,-0.783715323343608
3.5955,125,56,-0.78484450819422
3.5955,125,57,-0.785119174779504
3.5955,125,58,-0.78453932309946
3.5955,125,59,-0.787957396160772
3.5955,125,60,-0.785393841364788
3.5955,125,61,-0.786248359630116
3.5955,125,62,-0.787377544480728
3.5955,125,63,-0.787377544480728
3.5955,125,64,-0.787957396160772
3.5955,125,65,-0.790215765861995
3.5955,125,66,-0.789361247596667
3.5955,125,67,-0.789361247596667
3.5955,125,68,-0.791344950712607
3.5955,125,69,-0.763939329203162
3.5955,125,70,-0.762535477767266
3.5955,125,71,-0.760002441480758
3.5955,125,72,-0.757744071779534
3.5955,125,73,-0.759422589800714
3.5955,125,74,-0.752647480697043
3.5955,125,75,-0.750114444410535
3.5955,125,76,-0.748680074465163
3.5955,125,77,-0.749534592730491
3.5955,125,78,-0.750663777581103
3.5955,125,79,-0.747856074709311
3.5955,125,80,-0.748985259559923
3.5955,125,81,-0.748985259559923
3.5955,125,82,-0.748680074465163
3.5955,125,83,-0.748130741294595
3.5955,125,84,-0.747856074709311
3.5955,125,85,-0.747856074709311
3.5955,125,86,-0.748985259559923
3.5955,125,87,-0.749534592730491
3.5955,125,88,-0.747856074709311
3.5955,125,89,-0.747001556443983
3.5955,125,90,-0.748130741294595
3.5955,125,91,-0.748680074465163
3.5955,125,92,-0.746421704763939
3.5955,125,93,-0.747276223029267
3.5955,125,94,-0.746726889858699
3.5955,125,95,-0.747001556443983
3.5955,125,96,-0.747856074709311
3.5955,125,97,-0.746726889858699
3.5955,125,98,-0.747001556443983
3.5955,125,99,-0.748985259559923
3.5955,125,100,-0.748130741294595
3.5955,125,101,-0.744163335062716
3.5955,125,102,-0.745597705008087
3.5955,125,103,-0.745597705008087
3.5955,125,104,-0.745872371593371
3.5955,125,105,-0.748985259559923
3.5955,125,106,-0.749259926145207
3.5955,125,107,-0.748680074465163
3.6239,126,1,-0.747856074709311
3.6239,126,2,-0.747856074709311
3.6239,126,3,-0.747550889614551
3.6239,126,4,-0.747001556443983
3.6239,126,5,-0.746726889858699
3.6239,126,6,-0.748680074465163
3.6239,126,7,-0.748985259559923
3.6239,126,8,-0.751243629261147
3.6239,126,9,-0.752922147282327
3.6239,126,10,-0.752067629016999
3.6239,126,11,-0.750663777581103
3.6239,126,12,-0.752922147282327
3.6239,126,13,-0.750938444166387
3.6239,126,14,-0.750663777581103
3.6239,126,15,-0.752647480697043
3.6239,126,16,-0.751518295846431
3.6239,126,17,-0.750114444410535
3.6239,126,18,-0.750938444166387
3.6239,126,19,-0.750663777581103
3.6239,126,20,-0.754356517227699
3.6239,126,21,-0.750938444166387
3.6239,126,22,-0.752372814111759
3.6239,126,23,-0.752372814111759
3.6239,126,24,-0.752067629016999
3.6239,126,25,-0.750938444166387
3.6239,126,26,-0.752922147282327
3.6239,126,27,-0.750663777581103
3.6239,126,28,-0.749534592730491
3.6239,126,29,-0.749534592730491
3.6239,126,30,-0.749809259315775
3.6239,126,31,-0.749259926145207
3.6239,126,32,-0.750114444410535
3.6239,126,33,-0.751518295846431
3.6239,126,34,-0.751518295846431
3.6239,126,35,-0.750389110995819
3.6239,126,36,-0.751518295846431
3.6239,126,37,-0.750114444410535
3.6239,126,38,-0.751518295846431
3.6239,126,39,-0.748130741294595
3.6239,126,40,-0.750938444166387
3.6239,126,41,-0.745292519913327
3.6239,126,42,-0.745597705008087
3.6239,126,43,-0.745872371593371
3.6239,126,44,-0.747001556443983
3.6239,126,45,-0.747276223029267
3.6239,126,46,-0.745597705008087
3.6239,126,47,-0.746421704763939
3.6239,126,48,-0.747276223029267
3.6239,126,49,-0.746726889858699
3.6239,126,50,-0.746726889858699
3.6239,126,51,-0.751792962431715
3.6239,126,52,-0.75518051698355
3.6239,126,53,-0.753501998962371
3.6239,126,54,-0.752647480697043
3.6239,126,55,-0.755760368663594
3.6239,126,56,-0.754051332132939
3.6239,126,57,-0.754356517227699
3.6239,126,58,-0.753196813867611
3.6239,126,59,-0.773552659688101
3.6239,126,60,-0.776085695974609
3.6239,126,61,-0.776360362559893
3.6239,126,62,-0.77721488082522
3.6239,126,63,-0.777489547410504
3.6239,126,64,-0.778618732261116
3.6239,126,65,-0.779473250526444
3.6239,126,66,-0.780022583697012
3.6239,126,67,-0.78087710196234
3.6239,126,68,-0.781731620227668
3.6239,126,69,-0.761680959501938
3.6239,126,70,-0.76113162633137
3.6239,126,71,-0.761680959501938
3.6239,126,72,-0.761680959501938
3.6239,126,73,-0.76113162633137
3.6239,126,74,-0.760002441480758
3.6239,126,75,-0.752647480697043
3.6239,126,76,-0.752647480697043
3.6239,126,77,-0.752067629016999
3.6239,126,78,-0.752647480697043
3.6239,126,79,-0.75518051698355
3.6239,126,80,-0.752922147282327
3.6239,126,81,-0.752922147282327
3.6239,126,82,-0.753776665547655
3.6239,126,83,-0.754905850398267
3.6239,126,84,-0.754051332132939
3.6239,126,85,-0.752067629016999
3.6239,126,86,-0.752922147282327
3.6239,126,87,-0.751792962431715
3.6239,126,88,-0.752647480697043
3.6239,126,89,-0.752647480697043
3.6239,126,90,-0.751243629261147
3.6239,126,91,-0.751243629261147
3.6239,126,92,-0.750663777581103
3.6239,126,93,-0.748130741294595
3.6239,126,94,-0.748680074465163
3.6239,126,95,-0.749809259315775
3.6239,126,96,-0.748405407879879
3.6239,126,97,-0.748680074465163
3.6239,126,98,-0.748405407879879
3.6239,126,99,-0.746421704763939
3.6239,126,100,-0.748130741294595
3.6239,126,101,-0.748680074465163
3.6239,126,102,-0.747001556443983
3.6239,126,103,-0.746726889858699
3.6239,126,104,-0.746726889858699
3.6239,126,105,-0.748985259559923
3.6239,126,106,-0.746147038178655
3.6239,126,107,-0.746726889858699
3.6522,127,1,-0.745597705008087
3.6522,127,2,-0.745872371593371
3.6522,127,3,-0.747001556443983
3.6522,127,4,-0.745597705008087
3.6522,127,5,-0.745292519913327
3.6522,127,6,-0.74474318674276
3.6522,127,7,-0.745292519913327
3.6522,127,8,-0.745017853328043
3.6522,127,9,-0.745017853328043
3.6522,127,10,-0.743888668477432
3.6522,127,11,-0.745597705008087
3.6522,127,12,-0.744468520157476
3.6522,127,13,-0.745872371593371
3.6522,127,14,-0.743034150212104
3.6522,127,15,-0.745017853328043
3.6522,127,16,-0.743034150212104
3.6522,127,17,-0.744468520157476
3.6522,127,18,-0.742484817041536
3.6522,127,19,-0.742210150456252
3.6522,127,20,-0.74474318674276
3.6522,127,21,-0.743339335306864
3.6522,127,22,-0.740226447340312
3.6522,127,23,-0.743034150212104
3.6522,127,24,-0.741904965361492
3.6522,127,25,-0.742484817041536
3.6522,127,26,-0.748130741294595
3.6522,127,27,-0.749259926145207
3.6522,127,28,-0.748985259559923
3.6522,127,29,-0.749534592730491
3.6522,127,30,-0.748680074465163
3.6522,127,31,-0.748680074465163
3.6522,127,32,-0.748680074465163
3.6522,127,33,-0.766472365489669
3.6522,127,34,-0.767326883754997
3.6522,127,35,-0.769310586870937
3.6522,127,36,-0.768181402020325
3.6522,127,37,-0.770714438306833
3.6522,127,38,-0.769859920041505
3.6522,127,39,-0.771843623157445
3.6522,127,40,-0.772423474837489
3.6522,127,41,-0.771843623157445
3.6522,127,42,-0.772972808008057
3.6522,127,43,-0.772698141422773
3.6522,127,44,-0.774101992858669
3.6522,127,45,-0.772972808008057
3.6522,127,46,-0.775231177709281
3.6522,127,47,-0.75518051698355
3.6522,127,48,-0.75518051698355
3.6522,127,49,-0.754905850398267
3.6522,127,50,-0.754905850398267
3.6522,127,51,-0.754631183812983
3.6522,127,52,-0.753196813867611
3.6522,127,53,-0.754051332132939
3.6522,127,54,-0.747276223029267
3.6522,127,55,-0.748680074465163
3.6522,127,56,-0.746726889858699
3.6522,127,57,-0.746147038178655
3.6522,127,58,-0.747550889614551
3.6522,127,59,-0.746147038178655
3.6522,127,60,-0.746726889858699
3.6522,127,61,-0.745597705008087
3.6522,127,62,-0.743888668477432
3.6522,127,63,-0.744163335062716
3.6522,127,64,-0.668507950071718
3.6522,127,65,-0.670491653187658
3.6522,127,66,-0.669362468337046
3.6522,127,67,-0.669362468337046
3.6522,127,68,-0.668782616657002
3.6522,127,69,-0.668782616657002
3.6522,127,70,-0.669057283242286
3.6522,127,71,-0.668782616657002
3.6522,127,72,-0.66963713492233
3.6522,127,73,-0.668507950071718
3.6522,127,74,-0.667928098391675
3.6522,127,75,-0.669911801507614
3.6522,127,76,-0.669911801507614
3.6522,127,77,-0.66963713492233
3.6522,127,78,-0.668507950071718
3.6522,127,79,-0.670186468092898
3.6522,127,80,-0.670766319772942
3.6522,127,81,-0.67131565294351
3.6522,127,82,-0.670766319772942
3.6522,127,83,-0.670186468092898
3.6522,127,84,-0.640278328806421
3.6522,127,85,-0.640552995391705
3.6522,127,86,-0.639423810541093
3.6522,127,87,-0.638294625690481
3.6522,127,88,-0.638294625690481
3.6522,127,89,-0.637165440839869
3.6522,127,90,-0.637440107425153
3.6522,127,91,-0.638569292275765
3.6522,127,92,-0.637440107425153
3.6522,127,93,-0.636890774254585
3.6522,127,94,-0.636310922574541
3.6522,127,95,-0.637714774010437
3.6522,127,96,-0.636310922574541
3.6522,127,97,-0.638019959105197
3.6522,127,98,-0.638019959105197
3.6522,127,99,-0.637165440839869
3.6522,127,100,-0.636310922574541
3.6522,127,101,-0.636890774254585
3.6522,127,102,-0.637714774010437
3.6522,127,103,-0.637165440839869
3.6522,127,104,-0.610614337595752
3.6522,127,105,-0.611743522446364
3.6522,127,106,-0.609210486159856
3.6522,127,107,-0.610889004181036
3.6806,128,1,-0.608935819574572
3.6806,128,2,-0.610065004425184
3.6806,128,3,-0.609759819330424
3.6806,128,4,-0.608935819574572
3.6806,128,5,-0.608081301309244
3.6806,128,6,-0.608935819574572
3.6806,128,7,-0.609210486159856
3.6806,128,8,-0.610614337595752
3.6806,128,9,-0.608935819574572
3.6806,128,10,-0.61146885586108
3.6806,128,11,-0.622486037781915
3.6806,128,12,-0.623889889217811
3.6806,128,13,-0.60948515274514
3.6806,128,14,-0.61146885586108
3.6806,128,15,-0.610614337595752
3.6806,128,16,-0.610614337595752
3.6806,128,17,-0.604419080172124
3.6806,128,18,-0.60383922849208
3.6806,128,19,-0.605548265022736
3.6806,128,20,-0.602435377056185
3.6806,128,21,-0.601855525376141
3.6806,128,22,-0.601855525376141
3.6806,128,23,-0.601031525620289
3.6806,128,24,-0.601855525376141
3.6806,128,25,-0.602435377056185
3.6806,128,26,-0.602435377056185
3.6806,128,27,-0.604419080172124
3.6806,128,28,-0.608935819574572
3.6806,128,29,-0.608935819574572
3.6806,128,30,-0.610339671010468
3.6806,128,31,-0.610614337595752
3.6806,128,32,-0.624164555803095
3.6806,128,33,-0.624164555803095
3.6806,128,34,-0.610065004425184
3.6806,128,35,-0.633777886288034
3.6806,128,36,-0.634052552873318
3.6806,128,37,-0.634907071138646
3.6806,128,38,-0.645344401379437
3.6806,128,39,-0.646198919644765
3.6806,128,40,-0.647328104495376
3.6806,128,41,-0.639698477126377
3.6806,128,42,-0.639698477126377
3.6806,128,43,-0.639698477126377
3.6806,128,44,-0.638294625690481
3.6806,128,45,-0.617969298379467
3.6806,128,46,-0.618518631550035
3.6806,128,47,-0.616260261848811
3.6806,128,48,-0.615710928678243
3.6806,128,49,-0.616260261848811
3.6806,128,50,-0.614001892147587
3.6806,128,51,-0.614276558732871
3.6806,128,52,-0.608081301309244
3.6806,128,53,-0.620227668080691
3.6806,128,54,-0.624164555803095
3.6806,128,55,-0.6075014496292
3.6806,128,56,-0.60780663472396
3.6806,128,57,-0.606677449873348
3.6806,128,58,-0.608081301309244
3.6806,128,59,-0.606677449873348
3.6806,128,60,-0.6075014496292
3.6806,128,61,-0.60780663472396
3.6806,128,62,-0.608081301309244
3.6806,128,63,-0.606372264778588
3.6806,128,64,-0.602710043641469
3.6806,128,65,-0.602710043641469
3.6806,128,66,-0.600177007354961
3.6806,128,67,-0.601306192205573
3.6806,128,68,-0.606097598193304
3.6806,128,69,-0.607226783043916
3.6806,128,70,-0.607226783043916
3.6806,128,71,-0.622180852687155
3.6806,128,72,-0.625019074068422
3.6806,128,73,-0.625293740653706
3.6806,128,74,-0.63151951658681
3.6806,128,75,-0.632923368022706
3.6806,128,76,-0.634052552873318
3.6806,128,77,-0.634327219458602
3.6806,128,78,-0.63518173772393
3.6806,128,79,-0.634052552873318
3.6806,128,80,-0.636890774254585
3.6806,128,81,-0.638019959105197
3.6806,128,82,-0.637440107425153
3.6806,128,83,-0.639149143955809
3.6806,128,84,-0.647328104495376
3.6806,128,85,-0.648457289345988
3.6806,128,86,-0.642536698507645
3.6806,128,87,-0.649311807611316
3.6806,128,88,-0.617389446699423
3.6806,128,89,-0.616260261848811
3.6806,128,90,-0.630939664906766
3.6806,128,91,-0.632374034852138
3.6806,128,92,-0.616840113528855
3.6806,128,93,-0.614856410412915
3.6806,128,94,-0.614276558732871
3.6806,128,95,-0.617664113284707
3.6806,128,96,-0.643940549943541
3.6806,128,97,-0.643940549943541
3.6806,128,98,-0.642231513412885
3.6806,128,99,-0.641682180242317
3.6806,128,100,-0.642231513412885
3.6806,128,101,-0.641956846827601
3.6806,128,102,-0.642231513412885
3.6806,128,103,-0.641102328562273
3.6806,128,104,-0.650135807367168
3.6806,128,105,-0.65126499221778
3.6806,128,106,-0.669057283242286
3.6806,128,107,-0.647053437910093
3.709,129,1,-0.643665883358257
3.709,129,2,-0.642536698507645
3.709,129,3,-0.643940549943541
3.709,129,4,-0.643086031678213
3.709,129,5,-0.641682180242317
3.709,129,6,-0.641956846827601
3.709,129,7,-0.641956846827601
3.709,129,8,-0.642811365092929
3.709,129,9,-0.642811365092929
3.709,129,10,-0.641102328562273
3.709,129,11,-0.642811365092929
3.709,129,12,-0.642231513412885
3.709,129,13,-0.641682180242317
3.709,129,14,-0.642536698507645
3.709,129,15,-0.641102328562273
3.709,129,16,-0.642536698507645
3.709,129,17,-0.643360698263497
3.709,129,18,-0.641682180242317
3.709,129,19,-0.642231513412885
3.709,129,20,-0.642231513412885
3.709,129,21,-0.641407513657033
3.709,129,22,-0.640827661976989
3.709,129,23,-0.643086031678213
3.709,129,24,-0.642811365092929
3.709,129,25,-0.641956846827601
3.709,129,26,-0.643086031678213
3.709,129,27,-0.642811365092929
3.709,129,28,-0.641956846827601
3.709,129,29,-0.642231513412885
3.709,129,30,-0.642811365092929
3.709,129,31,-0.642231513412885
3.709,129,32,-0.643360698263497
3.709,129,33,-0.641682180242317
3.709,129,34,-0.643665883358257
3.709,129,35,-0.641682180242317
3.709,129,36,-0.644795068208869
3.709,129,37,-0.643940549943541
3.709,129,38,-0.645344401379437
3.709,129,39,-0.644215216528825
3.709,129,40,-0.645344401379437
3.709,129,41,-0.643360698263497
3.709,129,42,-0.645619067964721
3.709,129,43,-0.643360698263497
3.709,129,44,-0.644489883114109
3.709,129,45,-0.643940549943541
3.709,129,46,-0.645619067964721
3.709,129,47,-0.643086031678213
3.709,129,48,-0.644215216528825
3.709,129,49,-0.644489883114109
3.709,129,50,-0.644215216528825
3.709,129,51,-0.645924253059481
3.709,129,52,-0.645344401379437
3.709,129,53,-0.644489883114109
3.709,129,54,-0.644489883114109
3.709,129,55,-0.644489883114109
3.709,129,56,-0.644489883114109
3.709,129,57,-0.643360698263497
3.709,129,58,-0.643086031678213
3.709,129,59,-0.643665883358257
3.709,129,60,-0.642811365092929
3.709,129,61,-0.642536698507645
3.709,129,62,-0.643665883358257
3.709,129,63,-0.645344401379437
3.709,129,64,-0.644215216528825
3.709,129,65,-0.644215216528825
3.709,129,66,-0.644215216528825
3.709,129,67,-0.644215216528825
3.709,129,68,-0.645344401379437
3.709,129,69,-0.644489883114109
3.709,129,70,-0.643665883358257
3.709,129,71,-0.643360698263497
3.709,129,72,-0.646473586230048
3.709,129,73,-0.645619067964721
3.709,129,74,-0.646198919644765
3.709,129,75,-0.645344401379437
3.709,129,76,-0.646198919644765
3.709,129,77,-0.645619067964721
3.709,129,78,-0.646198919644765
3.709,129,79,-0.64760277108066
3.709,129,80,-0.646473586230048
3.709,129,81,-0.647053437910093
3.709,129,82,-0.645344401379437
3.709,129,83,-0.645924253059481
3.709,129,84,-0.645924253059481
3.709,129,85,-0.646198919644765
3.709,129,86,-0.646473586230048
3.709,129,87,-0.647328104495376
3.709,129,88,-0.646198919644765
3.709,129,89,-0.646198919644765
3.709,129,90,-0.645924253059481
3.709,129,91,-0.646473586230048
3.709,129,92,-0.645069734794153
3.709,129,93,-0.645344401379437
3.709,129,94,-0.647877437665944
3.709,129,95,-0.67528305917539
3.709,129,96,-0.676412244026002
3.709,129,97,-0.67894528031251
3.709,129,98,-0.679799798577837
3.709,129,99,-0.679799798577837
3.709,129,100,-0.680928983428449
3.709,129,101,-0.680928983428449
3.709,129,102,-0.682332834864345
3.709,129,103,-0.683462019714957
3.709,129,104,-0.684865871150853
3.709,129,105,-0.654957731864376
3.709,129,106,-0.656361583300272
3.709,129,107,-0.653523361919004
3.7374,130,1,-0.654103213599048
3.7374,130,2,-0.653523361919004
3.7374,130,3,-0.654957731864376
3.7374,130,4,-0.652394177068392
3.7374,130,5,-0.653828547013764
3.7374,130,6,-0.653523361919004
3.7374,130,7,-0.652394177068392
3.7374,130,8,-0.654652546769616
3.7374,130,9,-0.652394177068392
3.7374,130,10,-0.652974028748436
3.7374,130,11,-0.65157017731254
3.7374,130,12,-0.653523361919004
3.7374,130,13,-0.65523239844966
3.7374,130,14,-0.652974028748436
3.7374,130,15,-0.654377880184332
3.7374,130,16,-0.653523361919004
3.7374,130,17,-0.652974028748436
3.7374,130,18,-0.654652546769616
3.7374,130,19,-0.65324869533372
3.7374,130,20,-0.656086916714988
3.7374,130,21,-0.656086916714988
3.7374,130,22,-0.654652546769616
3.7374,130,23,-0.654652546769616
3.7374,130,24,-0.654652546769616
3.7374,130,25,-0.654957731864376
3.7374,130,26,-0.65523239844966
3.7374,130,27,-0.655781731620228
3.7374,130,28,-0.655507065034944
3.7374,130,29,-0.65523239844966
3.7374,130,30,-0.6572161015656
3.7374,130,31,-0.65691091647084
3.7374,130,32,-0.657490768150883
3.7374,130,33,-0.658619953001495
3.7374,130,34,-0.657490768150883
3.7374,130,35,-0.657490768150883
3.7374,130,36,-0.656361583300272
3.7374,130,37,-0.656361583300272
3.7374,130,38,-0.656636249885556
3.7374,130,39,-0.656636249885556
3.7374,130,40,-0.6572161015656
3.7374,130,41,-0.655781731620228
3.7374,130,42,-0.6572161015656
3.7374,130,43,-0.656361583300272
3.7374,130,44,-0.6572161015656
3.7374,130,45,-0.657490768150883
3.7374,130,46,-0.657490768150883
3.7374,130,47,-0.658345286416211
3.7374,130,48,-0.658040101321451
3.7374,130,49,-0.69136631366924
3.7374,130,50,-0.692800683614612
3.7374,130,51,-0.694479201635792
3.7374,130,52,-0.694204535050508
3.7374,130,53,-0.695883053071688
3.7374,130,54,-0.695883053071688
3.7374,130,55,-0.697866756187628
3.7374,130,56,-0.709738456373791
3.7374,130,57,-0.711996826075014
3.7374,130,58,-0.712271492660298
3.7374,130,59,-0.713675344096194
3.7374,130,60,-0.71507919553209
3.7374,130,61,-0.714255195776238
3.7374,130,62,-0.716208380382702
3.7374,130,63,-0.719321268349254
3.7374,130,64,-0.718466750083926
3.7374,130,65,-0.719595934934538
3.7374,130,66,-0.722434156315806
3.7374,130,67,-0.72270882290109
3.7374,130,68,-0.723288674581133
3.7374,130,69,-0.723838007751701
3.7374,130,70,-0.725272377697073
3.7374,130,71,-0.726096377452925
3.7374,130,72,-0.726950895718253
3.7374,130,73,-0.728659932248909
3.7374,130,74,-0.728659932248909
3.7374,130,75,-0.729209265419477
3.7374,130,76,-0.729789117099521
3.7374,130,77,-0.731192968535417
3.7374,130,78,-0.732047486800745
3.7374,130,79,-0.732047486800745
3.7374,130,80,-0.732596819971313
3.7374,130,81,-0.734000671407208
3.7374,130,82,-0.735709707937864
3.7374,130,83,-0.73512985625782
3.7374,130,84,-0.736838892788476
3.7374,130,85,-0.738822595904416
3.7374,130,86,-0.706900234992523
3.7374,130,87,-0.707754753257851
3.7374,130,88,-0.704092532120731
3.7374,130,89,-0.705221716971343
3.7374,130,90,-0.705771050141911
3.7374,130,91,-0.6970122379223
3.7374,130,92,-0.696462904751732
3.7374,130,93,-0.695059053315836
3.7374,130,94,-0.695883053071688
3.7374,130,95,-0.701528977324748
3.7374,130,96,-0.701528977324748
3.7374,130,97,-0.700125125888852
3.7374,130,98,-0.710013122959075
3.7374,130,99,-0.711691640980255
3.7374,130,100,-0.71538438062685
3.7374,130,101,-0.710867641224403
3.7374,130,102,-0.707174901577807
3.7374,130,103,-0.706625568407239
3.7374,130,104,-0.708029419843135
3.7374,130,105,-0.705496383556627
3.7374,130,106,-0.705221716971343
3.7374,130,107,-0.69731742301706
3.7657,131,1,-0.698721274452956
3.7657,131,2,-0.6970122379223
3.7657,131,3,-0.6970122379223
3.7657,131,4,-0.6970122379223
3.7657,131,5,-0.697592089602344
3.7657,131,6,-0.697592089602344
3.7657,131,7,-0.696188238166448
3.7657,131,8,-0.6970122379223
3.7657,131,9,-0.698141422772912
3.7657,131,10,-0.700704977568895
3.7657,131,11,-0.708304086428419
3.7657,131,12,-0.707754753257851
3.7657,131,13,-0.708609271523179
3.7657,131,14,-0.708883938108463
3.7657,131,15,-0.707174901577807
3.7657,131,16,-0.706045716727195
3.7657,131,17,-0.699575792718284
3.7657,131,18,-0.698446607867672
3.7657,131,19,-0.698141422772912
3.7657,131,20,-0.699850459303568
3.7657,131,21,-0.698721274452956
3.7657,131,22,-0.697866756187628
3.7657,131,23,-0.69899594103824
3.7657,131,24,-0.698446607867672
3.7657,131,25,-0.69899594103824
3.7657,131,26,-0.698721274452956
3.7657,131,27,-0.71507919553209
3.7657,131,28,-0.712546159245582
3.7657,131,29,-0.709158604693747
3.7657,131,30,-0.708609271523179
3.7657,131,31,-0.709738456373791
3.7657,131,32,-0.709738456373791
3.7657,131,33,-0.709158604693747
3.7657,131,34,-0.700704977568895
3.7657,131,35,-0.699270607623524
3.7657,131,36,-0.700704977568895
3.7657,131,37,-0.702108829004791
3.7657,131,38,-0.700704977568895
3.7657,131,39,-0.698446607867672
3.7657,131,40,-0.701254310739464
3.7657,131,41,-0.699575792718284
3.7657,131,42,-0.700399792474136
3.7657,131,43,-0.700704977568895
3.7657,131,44,-0.701254310739464
3.7657,131,45,-0.698721274452956
3.7657,131,46,-0.699575792718284
3.7657,131,47,-0.701528977324748
3.7657,131,48,-0.700704977568895
3.7657,131,49,-0.700399792474136
3.7657,131,50,-0.701254310739464
3.7657,131,51,-0.701528977324748
3.7657,131,52,-0.699575792718284
3.7657,131,53,-0.699575792718284
3.7657,131,54,-0.699575792718284
3.7657,131,55,-0.700399792474136
3.7657,131,56,-0.699270607623524
3.7657,131,57,-0.700704977568895
3.7657,131,58,-0.699575792718284
3.7657,131,59,-0.698721274452956
3.7657,131,60,-0.698721274452956
3.7657,131,61,-0.700704977568895
3.7657,131,62,-0.69899594103824
3.7657,131,63,-0.701254310739464
3.7657,131,64,-0.698141422772912
3.7657,131,65,-0.699575792718284
3.7657,131,66,-0.700399792474136
3.7657,131,67,-0.69899594103824
3.7657,131,68,-0.698721274452956
3.7657,131,69,-0.69899594103824
3.7657,131,70,-0.700704977568895
3.7657,131,71,-0.699575792718284
3.7657,131,72,-0.699850459303568
3.7657,131,73,-0.699850459303568
3.7657,131,74,-0.699270607623524
3.7657,131,75,-0.702108829004791
3.7657,131,76,-0.700399792474136
3.7657,131,77,-0.708883938108463
3.7657,131,78,-0.707480086672567
3.7657,131,79,-0.707174901577807
3.7657,131,80,-0.709158604693747
3.7657,131,81,-0.708609271523179
3.7657,131,82,-0.708609271523179
3.7657,131,83,-0.702658162175359
3.7657,131,84,-0.699270607623524
3.7657,131,85,-0.700979644154179
3.7657,131,86,-0.706045716727195
3.7657,131,87,-0.706625568407239
3.7657,131,88,-0.707480086672567
3.7657,131,89,-0.707480086672567
3.7657,131,90,-0.708304086428419
3.7657,131,91,-0.708883938108463
3.7657,131,92,-0.709158604693747
3.7657,131,93,-0.709158604693747
3.7657,131,94,-0.728080080568865
3.7657,131,95,-0.729209265419477
3.7657,131,96,-0.729789117099521
3.7657,131,97,-0.733176671651357
3.7657,131,98,-0.731467635120701
3.7657,131,99,-0.734000671407208
3.7657,131,100,-0.734855189672536
3.7657,131,101,-0.735709707937864
3.7657,131,102,-0.736259041108432
3.7657,131,103,-0.71507919553209
3.7657,131,104,-0.71507919553209
3.7657,131,105,-0.714529862361522
3.7657,131,106,-0.716208380382702
3.7657,131,107,-0.71507919553209
3.7941,132,1,-0.71507919553209
3.7941,132,2,-0.714255195776238
3.7941,132,3,-0.707754753257851
3.7941,132,4,-0.707174901577807
3.7941,132,5,-0.706625568407239
3.7941,132,6,-0.708609271523179
3.7941,132,7,-0.707480086672567
3.7941,132,8,-0.706625568407239
3.7941,132,9,-0.706625568407239
3.7941,132,10,-0.707754753257851
3.7941,132,11,-0.707754753257851
3.7941,132,12,-0.707174901577807
3.7941,132,13,-0.707174901577807
3.7941,132,14,-0.704367198706015
3.7941,132,15,-0.704916531876583
3.7941,132,16,-0.705496383556627
3.7941,132,17,-0.704092532120731
3.7941,132,18,-0.707480086672567
3.7941,132,19,-0.707480086672567
3.7941,132,20,-0.705771050141911
3.7941,132,21,-0.704367198706015
3.7941,132,22,-0.707754753257851
3.7941,132,23,-0.704641865291299
3.7941,132,24,-0.706045716727195
3.7941,132,25,-0.705771050141911
3.7941,132,26,-0.713675344096194
3.7941,132,27,-0.712546159245582
3.7941,132,28,-0.712820825830866
3.7941,132,29,-0.711691640980255
3.7941,132,30,-0.712546159245582
3.7941,132,31,-0.712271492660298
3.7941,132,32,-0.713950010681478
3.7941,132,33,-0.715659047212134
3.7941,132,34,-0.734855189672536
3.7941,132,35,-0.734305856501968
3.7941,132,36,-0.735984374523148
3.7941,132,37,-0.722434156315806
3.7941,132,38,-0.737693411053804
3.7941,132,39,-0.738517410809656
3.7941,132,40,-0.737968077639088
3.7941,132,41,-0.737968077639088
3.7941,132,42,-0.738822595904416
3.7941,132,43,-0.721854304635762
3.7941,132,44,-0.72072511978515
3.7941,132,45,-0.718771935178686
3.7941,132,46,-0.719321268349254
3.7941,132,47,-0.719321268349254
3.7941,132,48,-0.718771935178686
3.7941,132,49,-0.718192083498642
3.7941,132,50,-0.71904660176397
3.7941,132,51,-0.71904660176397
3.7941,132,52,-0.72072511978515
3.7941,132,53,-0.711142307809687
3.7941,132,54,-0.711416974394971
3.7941,132,55,-0.711996826075014
3.7941,132,56,-0.711416974394971
3.7941,132,57,-0.710287789544359
3.7941,132,58,-0.710287789544359
3.7941,132,59,-0.722434156315806
3.7941,132,60,-0.722983489486373
3.7941,132,61,-0.725547044282357
3.7941,132,62,-0.725547044282357
3.7941,132,63,-0.728934598834193
3.7941,132,64,-0.732047486800745
3.7941,132,65,-0.729789117099521
3.7941,132,66,-0.730613116855373
3.7941,132,67,-0.731467635120701
3.7941,132,68,-0.731192968535417
3.7941,132,69,-0.733726004821925
3.7941,132,70,-0.732871486556597
3.7941,132,71,-0.732871486556597
3.7941,132,72,-0.730063783684805
3.7941,132,73,-0.735709707937864
3.7941,132,74,-0.730918301950133
3.7941,132,75,-0.734305856501968
3.7941,132,76,-0.734000671407208
3.7941,132,77,-0.735984374523148
3.7941,132,78,-0.738517410809656
3.7941,132,79,-0.734855189672536
3.7941,132,80,-0.732596819971313
3.7941,132,81,-0.730613116855373
3.7941,132,82,-0.731467635120701
3.7941,132,83,-0.730613116855373
3.7941,132,84,-0.730918301950133
3.7941,132,85,-0.729483932004761
3.7941,132,86,-0.723838007751701
3.7941,132,87,-0.720175786614582
3.7941,132,88,-0.722434156315806
3.7941,132,89,-0.720175786614582
3.7941,132,90,-0.720450453199866
3.7941,132,91,-0.72072511978515
3.7941,132,92,-0.721304971465194
3.7941,132,93,-0.721854304635762
3.7941,132,94,-0.718771935178686
3.7941,132,95,-0.719321268349254
3.7941,132,96,-0.719321268349254
3.7941,132,97,-0.717917416913358
3.7941,132,98,-0.719321268349254
3.7941,132,99,-0.72103030487991
3.7941,132,100,-0.718771935178686
3.7941,132,101,-0.718771935178686
3.7941,132,102,-0.718192083498642
3.7941,132,103,-0.718192083498642
3.7941,132,104,-0.717642750328074
3.7941,132,105,-0.716788232062746
3.7941,132,106,-0.718466750083926
3.7941,132,107,-0.71706289864803
3.8225,133,1,-0.717917416913358
3.8225,133,2,-0.717917416913358
3.8225,133,3,-0.71507919553209
3.8225,133,4,-0.714529862361522
3.8225,133,5,-0.715659047212134
3.8225,133,6,-0.71507919553209
3.8225,133,7,-0.715933713797418
3.8225,133,8,-0.714804528946806
3.8225,133,9,-0.714804528946806
3.8225,133,10,-0.714529862361522
3.8225,133,11,-0.714804528946806
3.8225,133,12,-0.715933713797418
3.8225,133,13,-0.710562456129643
3.8225,133,14,-0.711691640980255
3.8225,133,15,-0.710867641224403
3.8225,133,16,-0.710287789544359
3.8225,133,17,-0.711416974394971
3.8225,133,18,-0.711691640980255
3.8225,133,19,-0.712271492660298
3.8225,133,20,-0.711996826075014
3.8225,133,21,-0.710287789544359
3.8225,133,22,-0.709433271279031
3.8225,133,23,-0.708883938108463
3.8225,133,24,-0.707754753257851
3.8225,133,25,-0.708029419843135
3.8225,133,26,-0.707174901577807
3.8225,133,27,-0.706045716727195
3.8225,133,28,-0.706045716727195
3.8225,133,29,-0.706625568407239
3.8225,133,30,-0.706045716727195
3.8225,133,31,-0.705771050141911
3.8225,133,32,-0.705221716971343
3.8225,133,33,-0.704092532120731
3.8225,133,34,-0.706045716727195
3.8225,133,35,-0.703512680440687
3.8225,133,36,-0.704367198706015
3.8225,133,37,-0.712820825830866
3.8225,133,38,-0.711691640980255
3.8225,133,39,-0.711416974394971
3.8225,133,40,-0.711996826075014
3.8225,133,41,-0.711142307809687
3.8225,133,42,-0.712271492660298
3.8225,133,43,-0.712820825830866
3.8225,133,44,-0.728934598834193
3.8225,133,45,-0.729789117099521
3.8225,133,46,-0.732596819971313
3.8225,133,47,-0.731742301705985
3.8225,133,48,-0.731742301705985
3.8225,133,49,-0.733726004821925
3.8225,133,50,-0.733176671651357
3.8225,133,51,-0.734855189672536
3.8225,133,52,-0.735709707937864
3.8225,133,53,-0.737388225959044
3.8225,133,54,-0.735709707937864
3.8225,133,55,-0.718466750083926
3.8225,133,56,-0.718466750083926
3.8225,133,57,-0.717917416913358
3.8225,133,58,-0.718771935178686
3.8225,133,59,-0.717337565233314
3.8225,133,60,-0.71904660176397
3.8225,133,61,-0.718192083498642
3.8225,133,62,-0.710867641224403
3.8225,133,63,-0.711691640980255
3.8225,133,64,-0.712546159245582
3.8225,133,65,-0.711416974394971
3.8225,133,66,-0.710867641224403
3.8225,133,67,-0.712820825830866
3.8225,133,68,-0.711142307809687
3.8225,133,69,-0.638569292275765
3.8225,133,70,-0.638294625690481
3.8225,133,71,-0.638569292275765
3.8225,133,72,-0.637165440839869
3.8225,133,73,-0.647877437665944
3.8225,133,74,-0.650440992461928
3.8225,133,75,-0.637165440839869
3.8225,133,76,-0.636036255989258
3.8225,133,77,-0.635456404309214
3.8225,133,78,-0.636890774254585
3.8225,133,79,-0.641407513657033
3.8225,133,80,-0.640827661976989
3.8225,133,81,-0.640827661976989
3.8225,133,82,-0.649861140781884
3.8225,133,83,-0.650715659047212
3.8225,133,84,-0.652394177068392
3.8225,133,85,-0.665669728690451
3.8225,133,86,-0.680928983428449
3.8225,133,87,-0.668782616657002
3.8225,133,88,-0.667928098391675
3.8225,133,89,-0.670186468092898
3.8225,133,90,-0.670491653187658
3.8225,133,91,-0.670766319772942
3.8225,133,92,-0.67131565294351
3.8225,133,93,-0.650135807367168
3.8225,133,94,-0.650715659047212
3.8225,133,95,-0.647328104495376
3.8225,133,96,-0.649006622516556
3.8225,133,97,-0.647328104495376
3.8225,133,98,-0.662282174138615
3.8225,133,99,-0.663716544083987
3.8225,133,100,-0.648457289345988
3.8225,133,101,-0.651844843897824
3.8225,133,102,-0.6495864741966
3.8225,133,103,-0.643360698263497
3.8225,133,104,-0.643086031678213
3.8225,133,105,-0.642231513412885
3.8225,133,106,-0.644215216528825
3.8225,133,107,-0.643940549943541
3.8509,134,1,-0.642536698507645
3.8509,134,2,-0.656636249885556
3.8509,134,3,-0.657490768150883
3.8509,134,4,-0.646198919644765
3.8509,134,5,-0.643360698263497
3.8509,134,6,-0.645344401379437
3.8509,134,7,-0.641682180242317
3.8509,134,8,-0.642231513412885
3.8509,134,9,-0.642811365092929
3.8509,134,10,-0.643086031678213
3.8509,134,11,-0.642811365092929
3.8509,134,12,-0.65126499221778
3.8509,134,13,-0.652974028748436
3.8509,134,14,-0.653828547013764
3.8509,134,15,-0.658894619586779
3.8509,134,16,-0.646198919644765
3.8509,134,17,-0.645619067964721
3.8509,134,18,-0.644215216528825
3.8509,134,19,-0.644489883114109
3.8509,134,20,-0.645069734794153
3.8509,134,21,-0.645069734794153
3.8509,134,22,-0.646198919644765
3.8509,134,23,-0.645344401379437
3.8509,134,24,-0.645069734794153
3.8509,134,25,-0.644795068208869
3.8509,134,26,-0.644795068208869
3.8509,134,27,-0.660603656117435
3.8509,134,28,-0.662282174138615
3.8509,134,29,-0.647053437910093
3.8509,134,30,-0.647053437910093
3.8509,134,31,-0.6572161015656
3.8509,134,32,-0.657490768150883
3.8509,134,33,-0.656361583300272
3.8509,134,34,-0.645924253059481
3.8509,134,35,-0.646473586230048
3.8509,134,36,-0.648457289345988
3.8509,134,37,-0.648182622760704
3.8509,134,38,-0.647877437665944
3.8509,134,39,-0.662007507553331
3.8509,134,40,-0.660603656117435
3.8509,134,41,-0.648457289345988
3.8509,134,42,-0.646198919644765
3.8509,134,43,-0.646473586230048
3.8509,134,44,-0.646473586230048
3.8509,134,45,-0.645924253059481
3.8509,134,46,-0.646748252815333
3.8509,134,47,-0.646748252815333
3.8509,134,48,-0.644795068208869
3.8509,134,49,-0.655507065034944
3.8509,134,50,-0.65523239844966
3.8509,134,51,-0.662282174138615
3.8509,134,52,-0.670491653187658
3.8509,134,53,-0.670186468092898
3.8509,134,54,-0.654652546769616
3.8509,134,55,-0.65523239844966
3.8509,134,56,-0.653523361919004
3.8509,134,57,-0.65324869533372
3.8509,134,58,-0.676137577440718
3.8509,134,59,-0.67696157719657
3.8509,134,60,-0.675832392345958
3.8509,134,61,-0.67894528031251
3.8509,134,62,-0.680074465163121
3.8509,134,63,-0.682332834864345
3.8509,134,64,-0.696462904751732
3.8509,134,65,-0.698721274452956
3.8509,134,66,-0.700125125888852
3.8509,134,67,-0.69533371990112
3.8509,134,68,-0.695608386486404
3.8509,134,69,-0.696462904751732
3.8509,134,70,-0.686574907681509
3.8509,134,71,-0.664845728934599
3.8509,134,72,-0.664540543839839
3.8509,134,73,-0.662587359233375
3.8509,134,74,-0.662282174138615
3.8509,134,75,-0.662282174138615
3.8509,134,76,-0.662282174138615
3.8509,134,77,-0.677816095461898
3.8509,134,78,-0.677816095461898
3.8509,134,79,-0.656361583300272
3.8509,134,80,-0.65523239844966
3.8509,134,81,-0.653828547013764
3.8509,134,82,-0.654652546769616
3.8509,134,83,-0.654652546769616
3.8509,134,84,-0.652974028748436
3.8509,134,85,-0.663136692403943
3.8509,134,86,0
3.8509,134,87,0
3.8509,134,88,0
3.8509,134,89,0
3.8509,134,90,0
3.8509,134,91,0
3.8509,134,92,0
3.8509,134,93,0
3.8509,134,94,0
3.8509,134,95,0
3.8509,134,96,0
3.8509,134,97,-1
3.8509,134,98,-1
3.8509,134,99,-1
3.8509,134,100,0
3.8509,134,101,0
3.8509,134,102,0
3.8509,134,103,0
3.8509,134,104,0
3.8509,134,105,-1
3.8509,134,106,0
3.8509,134,107,0
3.8792,135,1,0
3.8792,135,2,0
3.8792,135,3,0
3.8792,135,4,0
3.8792,135,5,0
3.8792,135,6,0
3.8792,135,7,0
3.8792,135,8,0
3.8792,135,9,0
3.8792,135,10,0
3.8792,135,11,0
3.8792,135,12,0
3.8792,135,13,0
3.8792,135,14,0
3.8792,135,15,-1
3.8792,135,16,-1
3.8792,135,17,-1
3.8792,135,18,-1
3.8792,135,19,-1
3.8792,135,20,-1
3.8792,135,21,-1
3.8792,135,22,-1
3.8792,135,23,-1
3.8792,135,24,-1
3.8792,135,25,-1
3.8792,135,26,-1
3.8792,135,27,-1
3.8792,135,28,-1
3.8792,135,29,-1
3.8792,135,30,-1
3.8792,135,31,-1
3.8792,135,32,-1
3.8792,135,33,-1
3.8792,135,34,-1
3.8792,135,35,0
3.8792,135,36,0
3.8792,135,37,0
3.8792,135,38,0
3.8792,135,39,0
3.8792,135,40,0
3.8792,135,41,0
3.8792,135,42,0
3.8792,135,43,0
3.8792,135,44,0
3.8792,135,45,0
3.8792,135,46,0
3.8792,135,47,0
3.8792,135,48,0
3.8792,135,49,0
3.8792,135,50,0
3.8792,135,51,0
3.8792,135,52,0
3.8792,135,53,0
3.8792,135,54,0
3.8792,135,55,0
3.8792,135,56,0
3.8792,135,57,-1
3.8792,135,58,-1
3.8792,135,59,-1
3.8792,135,60,-1
3.8792,135,61,-1
3.8792,135,62,-1
3.8792,135,63,-1
3.8792,135,64,-1
3.8792,135,65,-1
3.8792,135,66,0
3.8792,135,67,0
3.8792,135,68,0
3.8792,135,69,0
3.8792,135,70,0
3.8792,135,71,0
3.8792,135,72,0
3.8792,135,73,-1
3.8792,135,74,0
3.8792,135,75,0
3.8792,135,76,0
3.8792,135,77,0
3.8792,135,78,0
3.8792,135,79,0
3.8792,135,80,-1
3.8792,135,81,-1
3.8792,135,82,-1
3.8792,135,83,-1
3.8792,135,84,-1
3.8792,135,85,-1
3.8792,135,86,-1
3.8792,135,87,-1
3.8792,135,88,-1
3.8792,135,89,-1
3.8792,135,90,-1
3.8792,135,91,-1
3.8792,135,92,-1
3.8792,135,93,-1
3.8792,135,94,-1
3.8792,135,95,-1
3.8792,135,96,-1
3.8792,135,97,-1
3.8792,135,98,-1
3.8792,135,99,-1
3.8792,135,100,-1
3.8792,135,101,-1
3.8792,135,102,-1
3.8792,135,103,-1
3.8792,135,104,-1
3.8792,135,105,-1
3.8792,135,106,-1
3.8792,135,107,-1
3.9076,136,1,-1
3.9076,136,2,-1
3.9076,136,3,-1
3.9076,136,4,-1
3.9076,136,5,-1
3.9076,136,6,-1
3.9076,136,7,-1
3.9076,136,8,-1
3.9076,136,9,0
3.9076,136,10,0
3.9076,136,11,0
3.9076,136,12,0
3.9076,136,13,0
3.9076,136,14,0
3.9076,136,15,0
3.9076,136,16,0
3.9076,136,17,0
3.9076,136,18,-1
3.9076,136,19,-1
3.9076,136,20,-1
3.9076,136,21,-1
3.9076,136,22,-1
3.9076,136,23,-1
3.9076,136,24,-1
3.9076,136,25,-1
3.9076,136,26,0
3.9076,136,27,0
3.9076,136,28,0
3.9076,136,29,0
3.9076,136,30,0
3.9076,136,31,0
3.9076,136,32,0
3.9076,136,33,-1
3.9076,136,34,-1
3.9076,136,35,-1
3.9076,136,36,0
3.9076,136,37,0
3.9076,136,38,0
3.9076,136,39,0
3.9076,136,40,0
3.9076,136,41,0
3.9076,136,42,-1
3.9076,136,43,-1
3.9076,136,44,-1
3.9076,136,45,-1
3.9076,136,46,-1
3.9076,136,47,-1
3.9076,136,48,-1
3.9076,136,49,-1
3.9076,136,50,-1
3.9076,136,51,-1
3.9076,136,52,-1
3.9076,136,53,-1
3.9076,136,54,-1
3.9076,136,55,-1
3.9076,136,56,-1
3.9076,136,57,-1
3.9076,136,58,-1
3.9076,136,59,-1
3.9076,136,60,-1
3.9076,136,61,-1
3.9076,136,62,-1
3.9076,136,63,-1
3.9076,136,64,-1
3.9076,136,65,-1
3.9076,136,66,-1
3.9076,136,67,-1
3.9076,136,68,0
3.9076,136,69,0
3.9076,136,70,0
3.9076,136,71,0
3.9076,136,72,0
3.9076,136,73,-1
3.9076,136,74,0
3.9076,136,75,0
3.9076,136,76,0
3.9076,136,77,0
3.9076,136,78,0
3.9076,136,79,0
3.9076,136,80,0
3.9076,136,81,0
3.9076,136,82,0
3.9076,136,83,0
3.9076,136,84,0
3.9076,136,85,0
3.9076,136,86,0
3.9076,136,87,0
3.9076,136,88,0
3.9076,136,89,0
3.9076,136,90,0
3.9076,136,91,-1
3.9076,136,92,-1
3.9076,136,93,-1
3.9076,136,94,-1
3.9076,136,95,-1
3.9076,136,96,-1
3.9076,136,97,-1
3.9076,136,98,-1
3.9076,136,99,-1
3.9076,136,100,-1
3.9076,136,101,-1
3.9076,136,102,-1
3.9076,136,103,-1
3.9076,136,104,-1
3.9076,136,105,-1
3.9076,136,106,-1
3.9076,136,107,-1
3.936,137,1,-1
3.936,137,2,-1
3.936,137,3,-1
3.936,137,4,-1
3.936,137,5,-1
3.936,137,6,-1
3.936,137,7,-1
3.936,137,8,-1
3.936,137,9,-1
3.936,137,10,-1
3.936,137,11,-1
3.936,137,12,-1
3.936,137,13,-1
3.936,137,14,-1
3.936,137,15,-1
3.936,137,16,0
3.936,137,17,0
3.936,137,18,0
3.936,137,19,0
3.936,137,20,0
3.936,137,21,0
3.936,137,22,0
3.936,137,23,0
3.936,137,24,0
3.936,137,25,0
3.936,137,26,0
3.936,137,27,0
3.936,137,28,0
3.936,137,29,0
3.936,137,30,0
3.936,137,31,0
3.936,137,32,0
3.936,137,33,0
3.936,137,34,0
3.936,137,35,0
3.936,137,36,-1
3.936,137,37,-1
3.936,137,38,-1
3.936,137,39,-1
3.936,137,40,0
3.936,137,41,0
3.936,137,42,0
3.936,137,43,0
3.936,137,44,0
3.936,137,45,0
3.936,137,46,0
3.936,137,47,0
3.936,137,48,0
3.936,137,49,0
3.936,137,50,0
3.936,137,51,0
3.936,137,52,0
3.936,137,53,0
3.936,137,54,0
3.936,137,55,0
3.936,137,56,0
3.936,137,57,0
3.936,137,58,0
3.936,137,59,0
3.936,137,60,0
3.936,137,61,0
3.936,137,62,-1
3.936,137,63,-1
3.936,137,64,-1
3.936,137,65,-1
3.936,137,66,-1
3.936,137,67,-1
3.936,137,68,-1
3.936,137,69,-1
3.936,137,70,-1
3.936,137,71,-1
3.936,137,72,-1
3.936,137,73,-1
3.936,137,74,-1
3.936,137,75,-1
3.936,137,76,-1
3.936,137,77,-1
3.936,137,78,-1
3.936,137,79,-1
3.936,137,80,-1
3.936,137,81,-1
3.936,137,82,-1
3.936,137,83,-1
3.936,137,84,-1
3.936,137,85,-1
3.936,137,86,-1
3.936,137,87,-1
3.936,137,88,-1
3.936,137,89,-1
3.936,137,90,-1
3.936,137,91,-1
3.936,137,92,-1
3.936,137,93,0
3.936,137,94,0
3.936,137,95,0
3.936,137,96,0
3.936,137,97,0
3.936,137,98,0
3.936,137,99,-1
3.936,137,100,-1
3.936,137,101,-1
3.936,137,102,-1
3.936,137,103,-1
3.936,137,104,-1
3.936,137,105,-1
3.936,137,106,0
3.936,137,107,0
3.9644,138,1,0
3.9644,138,2,0
3.9644,138,3,0
3.9644,138,4,-1
3.9644,138,5,-1
3.9644,138,6,-1
3.9644,138,7,0
3.9644,138,8,0
3.9644,138,9,0
3.9644,138,10,0
3.9644,138,11,0
3.9644,138,12,0
3.9644,138,13,-1
3.9644,138,14,-1
3.9644,138,15,-1
3.9644,138,16,-1
3.9644,138,17,-1
3.9644,138,18,-1
3.9644,138,19,-1
3.9644,138,20,-1
3.9644,138,21,-1
3.9644,138,22,-1
3.9644,138,23,-1
3.9644,138,24,-1
3.9644,138,25,-1
3.9644,138,26,-1
3.9644,138,27,-1
3.9644,138,28,-1
3.9644,138,29,-1
3.9644,138,30,-1
3.9644,138,31,-1
3.9644,138,32,-1
3.9644,138,33,-1
3.9644,138,34,-1
3.9644,138,35,-1
3.9644,138,36,-1
3.9644,138,37,-1
3.9644,138,38,-1
3.9644,138,39,-1
3.9644,138,40,0
3.9644,138,41,0
3.9644,138,42,0
3.9644,138,43,0
3.9644,138,44,0
3.9644,138,45,0
3.9644,138,46,-1
3.9644,138,47,-1
3.9644,138,48,-1
3.9644,138,49,-1
3.9644,138,50,0
3.9644,138,51,0
3.9644,138,52,0
3.9644,138,53,0
3.9644,138,54,0
3.9644,138,55,0
3.9644,138,56,0
3.9644,138,57,0
3.9644,138,58,0
3.9644,138,59,0
3.9644,138,60,0
3.9644,138,61,0
3.9644,138,62,-1
3.9644,138,63,-1
3.9644,138,64,-1
3.9644,138,65,-1
3.9644,138,66,-1
3.9644,138,67,-1
3.9644,138,68,-1
3.9644,138,69,-1
3.9644,138,70,-1
3.9644,138,71,-1
3.9644,138,72,-1
3.9644,138,73,-1
3.9644,138,74,-1
3.9644,138,75,-1
3.9644,138,76,-1
3.9644,138,77,-1
3.9644,138,78,-1
3.9644,138,79,-1
3.9644,138,80,-1
3.9644,138,81,-1
3.9644,138,82,-1
3.9644,138,83,-1
3.9644,138,84,-1
3.9644,138,85,-1
3.9644,138,86,-1
3.9644,138,87,-1
3.9644,138,88,-1
3.9644,138,89,-1
3.9644,138,90,-1
3.9644,138,91,-1
3.9644,138,92,-1
3.9644,138,93,-1
3.9644,138,94,-1
3.9644,138,95,-1
3.9644,138,96,-1
3.9644,138,97,-1
3.9644,138,98,-1
3.9644,138,99,0
3.9644,138,100,0
3.9644,138,101,0
3.9644,138,102,0
3.9644,138,103,0
3.9644,138,104,0
3.9644,138,105,0
3.9644,138,106,0
3.9644,138,107,0
3.9927,139,1,0
3.9927,139,2,0
3.9927,139,3,0
3.9927,139,4,0
3.9927,139,5,0
3.9927,139,6,0
3.9927,139,7,0
3.9927,139,8,-1
3.9927,139,9,-1
3.9927,139,10,-1
3.9927,139,11,-1
3.9927,139,12,-1
3.9927,139,13,-1
3.9927,139,14,-1
3.9927,139,15,-1
3.9927,139,16,-1
3.9927,139,17,-1
3.9927,139,18,-1
3.9927,139,19,0
3.9927,139,20,0
3.9927,139,21,0
3.9927,139,22,0
3.9927,139,23,0
3.9927,139,24,0
3.9927,139,25,0
3.9927,139,26,0
3.9927,139,27,0
3.9927,139,28,0
3.9927,139,29,0
3.9927,139,30,0
3.9927,139,31,0
3.9927,139,32,-1
3.9927,139,33,-1
3.9927,139,34,-1
3.9927,139,35,-1
3.9927,139,36,-1
3.9927,139,37,-1
3.9927,139,38,-1
3.9927,139,39,-1
3.9927,139,40,-1
3.9927,139,41,-1
3.9927,139,42,-1
3.9927,139,43,-1
3.9927,139,44,-1
3.9927,139,45,-1
3.9927,139,46,-1
3.9927,139,47,-1
3.9927,139,48,-1
3.9927,139,49,-1
3.9927,139,50,-1
3.9927,139,51,-1
3.9927,139,52,-1
3.9927,139,53,0
3.9927,139,54,0
3.9927,139,55,0
3.9927,139,56,0
3.9927,139,57,0
3.9927,139,58,0
3.9927,139,59,0
3.9927,139,60,-1
3.9927,139,61,-1
3.9927,139,62,-1
3.9927,139,63,0
3.9927,139,64,0
3.9927,139,65,0
3.9927,139,66,0
3.9927,139,67,0
3.9927,139,68,0
3.9927,139,69,-1
3.9927,139,70,-1
3.9927,139,71,-1
3.9927,139,72,-1
3.9927,139,73,-1
3.9927,139,74,-1
3.9927,139,75,-1
3.9927,139,76,-1
3.9927,139,77,0
3.9927,139,78,0
3.9927,139,79,0
3.9927,139,80,0
3.9927,139,81,0
3.9927,139,82,0
3.9927,139,83,0
3.9927,139,84,0
3.9927,139,85,-1
3.9927,139,86,-1
3.9927,139,87,0
3.9927,139,88,0
3.9927,139,89,0
3.9927,139,90,0
3.9927,139,91,0
3.9927,139,92,-1
3.9927,139,93,-1
3.9927,139,94,-1
3.9927,139,95,-1
3.9927,139,96,-1
3.9927,139,97,-1
3.9927,139,98,-1
3.9927,139,99,-1
3.9927,139,100,-1
3.9927,139,101,-1
3.9927,139,102,-1
3.9927,139,103,-1
3.9927,139,104,-1
3.9927,139,105,-1
3.9927,139,106,-1
3.9927,139,107,-1
4.0211,140,1,-1
4.0211,140,2,-1
4.0211,140,3,-1
4.0211,140,4,-1
4.0211,140,5,-1
4.0211,140,6,-1
4.0211,140,7,-1
4.0211,140,8,-1
4.0211,140,9,-1
4.0211,140,10,-1
4.0211,140,11,-1
4.0211,140,12,-1
4.0211,140,13,-1
4.0211,140,14,-1
4.0211,140,15,-1
4.0211,140,16,-1
4.0211,140,17,-1
4.0211,140,18,-1
4.0211,140,19,-1
4.0211,140,20,0
4.0211,140,21,0
4.0211,140,22,0
4.0211,140,23,0
4.0211,140,24,0
4.0211,140,25,-1
4.0211,140,26,-1
4.0211,140,27,-1
4.0211,140,28,-1
4.0211,140,29,-1
4.0211,140,30,-1
4.0211,140,31,-1
4.0211,140,32,0
4.0211,140,33,0
4.0211,140,34,0
4.0211,140,35,0
4.0211,140,36,0
4.0211,140,37,0
4.0211,140,38,-1
4.0211,140,39,0
4.0211,140,40,0
4.0211,140,41,0
4.0211,140,42,0
4.0211,140,43,0
4.0211,140,44,0
4.0211,140,45,0
4.0211,140,46,0
4.0211,140,47,0
4.0211,140,48,0
4.0211,140,49,0
4.0211,140,50,0
4.0211,140,51,-1
4.0211,140,52,-1
4.0211,140,53,-1
4.0211,140,54,-1
4.0211,140,55,-1
4.0211,140,56,-1
4.0211,140,57,-1
4.0211,140,58,-1
4.0211,140,59,-1
4.0211,140,60,-1
4.0211,140,61,-1
4.0211,140,62,-1
4.0211,140,63,-1
4.0211,140,64,-1
4.0211,140,65,-1
4.0211,140,66,-1
4.0211,140,67,-1
4.0211,140,68,-1
4.0211,140,69,-1
4.0211,140,70,-1
4.0211,140,71,-1
4.0211,140,72,-1
4.0211,140,73,-1
4.0211,140,74,-1
4.0211,140,75,-1
4.0211,140,76,-1
4.0211,140,77,-1
4.0211,140,78,-1
4.0211,140,79,-1
4.0211,140,80,-1
4.0211,140,81,-1
4.0211,140,82,-1
4.0211,140,83,-1
4.0211,140,84,0
4.0211,140,85,0
4.0211,140,86,0
4.0211,140,87,0
4.0211,140,88,0
4.0211,140,89,-1
4.0211,140,90,0
4.0211,140,91,0
4.0211,140,92,0
4.0211,140,93,0
4.0211,140,94,0
4.0211,140,95,0
4.0211,140,96,0
4.0211,140,97,0
4.0211,140,98,-1
4.0211,140,99,-1
4.0211,140,100,-1
4.0211,140,101,-1
4.0211,140,102,-1
4.0211,140,103,-1
4.0211,140,104,-1
4.0211,140,105,-1
4.0211,140,106,-1
4.0211,140,107,0
4.0495,141,1,0
4.0495,141,2,0
4.0495,141,3,0
4.0495,141,4,0
4.0495,141,5,-1
4.0495,141,6,-1
4.0495,141,7,-1
4.0495,141,8,-1
4.0495,141,9,-1
4.0495,141,10,-1
4.0495,141,11,-1
4.0495,141,12,-1
4.0495,141,13,-1
4.0495,141,14,-1
4.0495,141,15,-1
4.0495,141,16,-1
4.0495,141,17,-1
4.0495,141,18,-1
4.0495,141,19,-1
4.0495,141,20,-1
4.0495,141,21,-1
4.0495,141,22,-1
4.0495,141,23,-1
4.0495,141,24,-1
4.0495,141,25,-1
4.0495,141,26,-1
4.0495,141,27,-1
4.0495,141,28,-1
4.0495,141,29,-1
4.0495,141,30,-1
4.0495,141,31,-1
4.0495,141,32,-1
4.0495,141,33,-1
4.0495,141,34,-1
4.0495,141,35,-1
4.0495,141,36,-1
4.0495,141,37,-1
4.0495,141,38,-1
4.0495,141,39,-1
4.0495,141,40,-1
4.0495,141,41,-1
4.0495,141,42,-1
4.0495,141,43,-1
4.0495,141,44,-1
4.0495,141,45,0
4.0495,141,46,0
4.0495,141,47,0
4.0495,141,48,0
4.0495,141,49,0
4.0495,141,50,0
4.0495,141,51,0
4.0495,141,52,0
4.0495,141,53,0
4.0495,141,54,0
4.0495,141,55,0
4.0495,141,56,0
4.0495,141,57,0
4.0495,141,58,0
4.0495,141,59,0
4.0495,141,60,0
4.0495,141,61,0
4.0495,141,62,0
4.0495,141,63,0
4.0495,141,64,0
4.0495,141,65,0
4.0495,141,66,0
4.0495,141,67,0
4.0495,141,68,0
4.0495,141,69,0
4.0495,141,70,-1
4.0495,141,71,-1
4.0495,141,72,-1
4.0495,141,73,-1
4.0495,141,74,0
4.0495,141,75,0
4.0495,141,76,0
4.0495,141,77,0
4.0495,141,78,0
4.0495,141,79,0
4.0495,141,80,0
4.0495,141,81,0
4.0495,141,82,0
4.0495,141,83,0
4.0495,141,84,0
4.0495,141,85,0
4.0495,141,86,-1
4.0495,141,87,-1
4.0495,141,88,-1
4.0495,141,89,-1
4.0495,141,90,-1
4.0495,141,91,-1
4.0495,141,92,-1
4.0495,141,93,-1
4.0495,141,94,-1
4.0495,141,95,-1
4.0495,141,96,-1
4.0495,141,97,-1
4.0495,141,98,-1
4.0495,141,99,-1
4.0495,141,100,-1
4.0495,141,101,-1
4.0495,141,102,-1
4.0495,141,103,-1
4.0495,141,104,-1
4.0495,141,105,-1
4.0495,141,106,-1
4.0495,141,107,-1
4.0779,142,1,-1
4.0779,142,2,-1
4.0779,142,3,-1
4.0779,142,4,-1
4.0779,142,5,-1
4.0779,142,6,-1
4.0779,142,7,-1
4.0779,142,8,-1
4.0779,142,9,-1
4.0779,142,10,-1
4.0779,142,11,-1
4.0779,142,12,-1
4.0779,142,13,-1
4.0779,142,14,-1
4.0779,142,15,-1
4.0779,142,16,-1
4.0779,142,17,0
4.0779,142,18,0
4.0779,142,19,0
4.0779,142,20,0
4.0779,142,21,0
4.0779,142,22,0
4.0779,142,23,0
4.0779,142,24,0
4.0779,142,25,0
4.0779,142,26,0
4.0779,142,27,0
4.0779,142,28,-1
4.0779,142,29,-1
4.0779,142,30,-1
4.0779,142,31,-1
4.0779,142,32,-1
4.0779,142,33,-1
4.0779,142,34,-1
4.0779,142,35,0
4.0779,142,36,0
4.0779,142,37,0
4.0779,142,38,0
4.0779,142,39,0
4.0779,142,40,-1
4.0779,142,41,-1
4.0779,142,42,-1
4.0779,142,43,-1
4.0779,142,44,-1
4.0779,142,45,-1
4.0779,142,46,-1
4.0779,142,47,-1
4.0779,142,48,-1
4.0779,142,49,-1
4.0779,142,50,-1
4.0779,142,51,-1
4.0779,142,52,-1
4.0779,142,53,-1
4.0779,142,54,-1
4.0779,142,55,-1
4.0779,142,56,-1
4.0779,142,57,-1
4.0779,142,58,-1
4.0779,142,59,-1
4.0779,142,60,-1
4.0779,142,61,-1
4.0779,142,62,-1
4.0779,142,63,-1
4.0779,142,64,-1
4.0779,142,65,-1
4.0779,142,66,-1
4.0779,142,67,-1
4.0779,142,68,-1
4.0779,142,69,-1
4.0779,142,70,-1
4.0779,142,71,-1
4.0779,142,72,-1
4.0779,142,73,-1
4.0779,142,74,-1
4.0779,142,75,0
4.0779,142,76,0
4.0779,142,77,0
4.0779,142,78,0
4.0779,142,79,0
4.0779,142,80,0
4.0779,142,81,0
4.0779,142,82,0
4.0779,142,83,0
4.0779,142,84,0
4.0779,142,85,0
4.0779,142,86,0
4.0779,142,87,0
4.0779,142,88,0
4.0779,142,89,0
4.0779,142,90,0
4.0779,142,91,0
4.0779,142,92,0
4.0779,142,93,0
4.0779,142,94,0
4.0779,142,95,0
4.0779,142,96,0
4.0779,142,97,0
4.0779,142,98,0
4.0779,142,99,0
4.0779,142,100,0
4.0779,142,101,0
4.0779,142,102,0
4.0779,142,103,0
4.0779,142,104,0
4.0779,142,105,0
4.0779,142,106,0
4.0779,142,107,0
4.1062,143,1,0
4.1062,143,2,0
4.1062,143,3,0
4.1062,143,4,0
4.1062,143,5,-1
4.1062,143,6,-1
4.1062,143,7,-1
4.1062,143,8,-1
4.1062,143,9,-1
4.1062,143,10,-1
4.1062,143,11,-1
4.1062,143,12,-1
4.1062,143,13,-1
4.1062,143,14,-1
4.1062,143,15,-1
4.1062,143,16,-1
4.1062,143,17,-1
4.1062,143,18,-1
4.1062,143,19,-1
4.1062,143,20,-1
4.1062,143,21,0
4.1062,143,22,0
4.1062,143,23,0
4.1062,143,24,0
4.1062,143,25,0
4.1062,143,26,0
4.1062,143,27,0
4.1062,143,28,0
4.1062,143,29,0
4.1062,143,30,0
4.1062,143,31,0
4.1062,143,32,0
4.1062,143,33,-1
4.1062,143,34,-1
4.1062,143,35,-1
4.1062,143,36,-1
4.1062,143,37,-1
4.1062,143,38,-1
4.1062,143,39,-1
4.1062,143,40,-1
4.1062,143,41,-1
4.1062,143,42,-1
4.1062,143,43,-1
4.1062,143,44,-1
4.1062,143,45,0
4.1062,143,46,0
4.1062,143,47,0
4.1062,143,48,0
4.1062,143,49,0
4.1062,143,50,0
4.1062,143,51,0
4.1062,143,52,0
4.1062,143,53,0
4.1062,143,54,0
4.1062,143,55,0
4.1062,143,56,-1
4.1062,143,57,-1
4.1062,143,58,-1
4.1062,143,59,-1
4.1062,143,60,-1
4.1062,143,61,-1
4.1062,143,62,-1
4.1062,143,63,-1
4.1062,143,64,-1
4.1062,143,65,-1
4.1062,143,66,-1
4.1062,143,67,-1
4.1062,143,68,-1
4.1062,143,69,-1
4.1062,143,70,-1
4.1062,143,71,-1
4.1062,143,72,-1
4.1062,143,73,-1
4.1062,143,74,-1
4.1062,143,75,-1
4.1062,143,76,-1
4.1062,143,77,-1
4.1062,143,78,-1
4.1062,143,79,-1
4.1062,143,80,-1
4.1062,143,81,-1
4.1062,143,82,-1
4.1062,143,83,-1
4.1062,143,84,-1
4.1062,143,85,-1
4.1062,143,86,-1
4.1062,143,87,-1
4.1062,143,88,-1
4.1062,143,89,-1
4.1062,143,90,-1
4.1062,143,91,0
4.1062,143,92,0
4.1062,143,93,0
4.1062,143,94,0
4.1062,143,95,0
4.1062,143,96,0
4.1062,143,97,0
4.1062,143,98,0
4.1062,143,99,0
4.1062,143,100,0
4.1062,143,101,0
4.1062,143,102,0
4.1062,143,103,0
4.1062,143,104,0
4.1062,143,105,0
4.1062,143,106,0
4.1062,143,107,0
4.1346,144,1,0
4.1346,144,2,0
4.1346,144,3,0
4.1346,144,4,-1
4.1346,144,5,-1
4.1346,144,6,-1
4.1346,144,7,-1
4.1346,144,8,-1
4.1346,144,9,-1
4.1346,144,10,-1
4.1346,144,11,-1
4.1346,144,12,-1
4.1346,144,13,-1
4.1346,144,14,-1
4.1346,144,15,0
4.1346,144,16,0
4.1346,144,17,0
4.1346,144,18,0
4.1346,144,19,0
4.1346,144,20,0
4.1346,144,21,0
4.1346,144,22,0
4.1346,144,23,0
4.1346,144,24,0
4.1346,144,25,0
4.1346,144,26,0
4.1346,144,27,0
4.1346,144,28,-1
4.1346,144,29,-1
4.1346,144,30,-1
4.1346,144,31,-1
4.1346,144,32,-1
4.1346,144,33,-1
4.1346,144,34,-1
4.1346,144,35,-1
4.1346,144,36,-1
4.1346,144,37,-1
4.1346,144,38,-1
4.1346,144,39,-1
4.1346,144,40,-1
4.1346,144,41,-1
4.1346,144,42,-1
4.1346,144,43,-1
4.1346,144,44,-1
4.1346,144,45,-1
4.1346,144,46,-1
4.1346,144,47,-1
4.1346,144,48,-1
4.1346,144,49,-1
4.1346,144,50,-1
4.1346,144,51,-1
4.1346,144,52,-1
4.1346,144,53,-1
4.1346,144,54,-1
4.1346,144,55,-1
4.1346,144,56,-1
4.1346,144,57,-1
4.1346,144,58,-1
4.1346,144,59,-1
4.1346,144,60,-1
4.1346,144,61,-1
4.1346,144,62,-1
4.1346,144,63,-1
4.1346,144,64,-1
4.1346,144,65,-1
4.1346,144,66,-1
4.1346,144,67,-1
4.1346,144,68,0
4.1346,144,69,0
4.1346,144,70,0
4.1346,144,71,0
4.1346,144,72,0
4.1346,144,73,0
4.1346,144,74,0
4.1346,144,75,0
4.1346,144,76,-1
4.1346,144,77,-1
4.1346,144,78,0
4.1346,144,79,0
4.1346,144,80,0
4.1346,144,81,0
4.1346,144,82,0
4.1346,144,83,0
4.1346,144,84,0
4.1346,144,85,0
4.1346,144,86,0
4.1346,144,87,0
4.1346,144,88,0
4.1346,144,89,0
4.1346,144,90,0
4.1346,144,91,0
4.1346,144,92,0
4.1346,144,93,0
4.1346,144,94,0
4.1346,144,95,0
4.1346,144,96,0
4.1346,144,97,0
4.1346,144,98,0
4.1346,144,99,0
4.1346,144,100,0
4.1346,144,101,0
4.1346,144,102,0
4.1346,144,103,0
4.1346,144,104,0
4.1346,144,105,0
4.1346,144,106,-1
4.1346,144,107,-1
4.163,145,1,-1
4.163,145,2,-1
4.163,145,3,-1
4.163,145,4,-1
4.163,145,5,-1
4.163,145,6,-1
4.163,145,7,-1
4.163,145,8,-1
4.163,145,9,-1
4.163,145,10,-1
4.163,145,11,-1
4.163,145,12,-1
4.163,145,13,-1
4.163,145,14,-1
4.163,145,15,-1
4.163,145,16,-1
4.163,145,17,-1
4.163,145,18,-1
4.163,145,19,-1
4.163,145,20,-1
4.163,145,21,-1
4.163,145,22,-1
4.163,145,23,-1
4.163,145,24,-1
4.163,145,25,-1
4.163,145,26,-1
4.163,145,27,-1
4.163,145,28,-1
4.163,145,29,-1
4.163,145,30,-1
4.163,145,31,-1
4.163,145,32,-1
4.163,145,33,-1
4.163,145,34,-1
4.163,145,35,-1
4.163,145,36,-1
4.163,145,37,0
4.163,145,38,0
4.163,145,39,0
4.163,145,40,0
4.163,145,41,0
4.163,145,42,0
4.163,145,43,0
4.163,145,44,-1
4.163,145,45,-1
4.163,145,46,0
4.163,145,47,0
4.163,145,48,0
4.163,145,49,0
4.163,145,50,0
4.163,145,51,0
4.163,145,52,-1
4.163,145,53,-1
4.163,145,54,-1
4.163,145,55,-1
4.163,145,56,0
4.163,145,57,0
4.163,145,58,0
4.163,145,59,0
4.163,145,60,0
4.163,145,61,-1
4.163,145,62,0
4.163,145,63,0
4.163,145,64,0
4.163,145,65,0
4.163,145,66,0
4.163,145,67,0
4.163,145,68,-1
4.163,145,69,-1
4.163,145,70,-1
4.163,145,71,-1
4.163,145,72,-1
4.163,145,73,-1
4.163,145,74,-1
4.163,145,75,-1
4.163,145,76,-1
4.163,145,77,-1
4.163,145,78,-1
4.163,145,79,-1
4.163,145,80,-1
4.163,145,81,-1
4.163,145,82,-1
4.163,145,83,-1
4.163,145,84,-1
4.163,145,85,-1
4.163,145,86,-1
4.163,145,87,-1
4.163,145,88,-1
4.163,145,89,-1
4.163,145,90,-1
4.163,145,91,-1
4.163,145,92,-1
4.163,145,93,-1
4.163,145,94,-1
4.163,145,95,-1
4.163,145,96,-1
4.163,145,97,-1
4.163,145,98,-1
4.163,145,99,-1
4.163,145,100,-1
4.163,145,101,-1
4.163,145,102,-1
4.163,145,103,-1
4.163,145,104,-1
4.163,145,105,0
4.163,145,106,0
4.163,145,107,0
4.1914,146,1,0
4.1914,146,2,0
4.1914,146,3,-1
4.1914,146,4,-1
4.1914,146,5,-1
4.1914,146,6,0
4.1914,146,7,0
4.1914,146,8,0
4.1914,146,9,0
4.1914,146,10,0
4.1914,146,11,0
4.1914,146,12,0
4.1914,146,13,0
4.1914,146,14,1
4.1914,146,15,1
4.1914,146,16,1
4.1914,146,17,1
4.1914,146,18,-1
4.1914,146,19,0
4.1914,146,20,0
4.1914,146,21,0
4.1914,146,22,0
4.1914,146,23,0
4.1914,146,24,0
4.1914,146,25,-1
4.1914,146,26,-1
4.1914,146,27,-1
4.1914,146,28,-1
4.1914,146,29,-1
4.1914,146,30,-1
4.1914,146,31,-1
4.1914,146,32,-1
4.1914,146,33,-1
4.1914,146,34,-1
4.1914,146,35,-1
4.1914,146,36,-1
4.1914,146,37,-1
4.1914,146,38,-1
4.1914,146,39,-1
4.1914,146,40,-1
4.1914,146,41,-1
4.1914,146,42,-1
4.1914,146,43,-1
4.1914,146,44,-1
4.1914,146,45,-1
4.1914,146,46,-1
4.1914,146,47,-1
4.1914,146,48,-1
4.1914,146,49,-1
4.1914,146,50,-1
4.1914,146,51,-1
4.1914,146,52,-1
4.1914,146,53,-1
4.1914,146,54,-1
4.1914,146,55,-1
4.1914,146,56,-1
4.1914,146,57,-1
4.1914,146,58,-1
4.1914,146,59,-1
4.1914,146,60,-1
4.1914,146,61,-1
4.1914,146,62,-1
4.1914,146,63,-1
4.1914,146,64,-1
4.1914,146,65,0
4.1914,146,66,0
4.1914,146,67,0
4.1914,146,68,0
4.1914,146,69,0
4.1914,146,70,0
4.1914,146,71,0
4.1914,146,72,0
4.1914,146,73,0
4.1914,146,74,0
4.1914,146,75,-1
4.1914,146,76,-1
4.1914,146,77,-1
4.1914,146,78,-1
4.1914,146,79,0
4.1914,146,80,0
4.1914,146,81,0
4.1914,146,82,0
4.1914,146,83,0
4.1914,146,84,0
4.1914,146,85,0
4.1914,146,86,0
4.1914,146,87,-1
4.1914,146,88,-1
4.1914,146,89,0
4.1914,146,90,0
4.1914,146,91,0
4.1914,146,92,0
4.1914,146,93,0
4.1914,146,94,0
4.1914,146,95,0
4.1914,146,96,0
4.1914,146,97,0
4.1914,146,98,0
4.1914,146,99,0
4.1914,146,100,0
4.1914,146,101,0
4.1914,146,102,0
4.1914,146,103,0
4.1914,146,104,0
4.1914,146,105,0
4.1914,146,106,0
4.1914,146,107,0
4.2197,147,1,0
4.2197,147,2,-1
4.2197,147,3,-1
4.2197,147,4,-1
4.2197,147,5,-1
4.2197,147,6,-1
4.2197,147,7,-1
4.2197,147,8,-1
4.2197,147,9,-1
4.2197,147,10,-1
4.2197,147,11,-1
4.2197,147,12,-1
4.2197,147,13,-1
4.2197,147,14,-1
4.2197,147,15,-1
4.2197,147,16,-1
4.2197,147,17,-1
4.2197,147,18,-1
4.2197,147,19,-1
4.2197,147,20,-1
4.2197,147,21,-1
4.2197,147,22,-1
4.2197,147,23,-1
4.2197,147,24,-1
4.2197,147,25,-1
4.2197,147,26,-1
4.2197,147,27,-1
4.2197,147,28,-1
4.2197,147,29,-1
4.2197,147,30,-1
4.2197,147,31,-1
4.2197,147,32,-1
4.2197,147,33,-1
4.2197,147,34,-1
4.2197,147,35,-1
4.2197,147,36,-1
4.2197,147,37,-1
4.2197,147,38,-1
4.2197,147,39,-1
4.2197,147,40,-1
4.2197,147,41,-1
4.2197,147,42,0
4.2197,147,43,0
4.2197,147,44,0
4.2197,147,45,0
4.2197,147,46,0
4.2197,147,47,0
4.2197,147,48,0
4.2197,147,49,0
4.2197,147,50,0
4.2197,147,51,0
4.2197,147,52,0
4.2197,147,53,0
4.2197,147,54,0
4.2197,147,55,0
4.2197,147,56,0
4.2197,147,57,-1
4.2197,147,58,-1
4.2197,147,59,-1
4.2197,147,60,-1
4.2197,147,61,-1
4.2197,147,62,-1
4.2197,147,63,-1
4.2197,147,64,-1
4.2197,147,65,-1
4.2197,147,66,-1
4.2197,147,67,-1
4.2197,147,68,-1
4.2197,147,69,-1
4.2197,147,70,-1
4.2197,147,71,-1
4.2197,147,72,-1
4.2197,147,73,-1
4.2197,147,74,-1
4.2197,147,75,-1
4.2197,147,76,-1
4.2197,147,77,-1
4.2197,147,78,-1
4.2197,147,79,-1
4.2197,147,80,-1
4.2197,147,81,-1
4.2197,147,82,-1
4.2197,147,83,-1
4.2197,147,84,-1
4.2197,147,85,-1
4.2197,147,86,-1
4.2197,147,87,-1
4.2197,147,88,-1
4.2197,147,89,-1
4.2197,147,90,-1
4.2197,147,91,-1
4.2197,147,92,-1
4.2197,147,93,-1
4.2197,147,94,-1
4.2197,147,95,0
4.2197,147,96,0
4.2197,147,97,0
4.2197,147,98,0
4.2197,147,99,0
4.2197,147,100,0
4.2197,147,101,0
4.2197,147,102,0
4.2197,147,103,0
4.2197,147,104,0
4.2197,147,105,0
4.2197,147,106,-1
4.2197,147,107,-1
4.2481,148,1,-1
4.2481,148,2,-1
4.2481,148,3,-1
4.2481,148,4,-1
4.2481,148,5,-1
4.2481,148,6,-1
4.2481,148,7,-1
4.2481,148,8,0
4.2481,148,9,0
4.2481,148,10,0
4.2481,148,11,0
4.2481,148,12,0
4.2481,148,13,0
4.2481,148,14,0
4.2481,148,15,0
4.2481,148,16,0
4.2481,148,17,0
4.2481,148,18,0
4.2481,148,19,-1
4.2481,148,20,-1
4.2481,148,21,-1
4.2481,148,22,-1
4.2481,148,23,-1
4.2481,148,24,-1
4.2481,148,25,-1
4.2481,148,26,-1
4.2481,148,27,-1
4.2481,148,28,-1
4.2481,148,29,-1
4.2481,148,30,-1
4.2481,148,31,0
4.2481,148,32,0
4.2481,148,33,0
4.2481,148,34,0
4.2481,148,35,0
4.2481,148,36,-1
4.2481,148,37,-1
4.2481,148,38,-1
4.2481,148,39,-1
4.2481,148,40,0
4.2481,148,41,0
4.2481,148,42,0
4.2481,148,43,0
4.2481,148,44,0
4.2481,148,45,0
4.2481,148,46,0
4.2481,148,47,0
4.2481,148,48,0
4.2481,148,49,0
4.2481,148,50,0
4.2481,148,51,0
4.2481,148,52,0
4.2481,148,53,0
4.2481,148,54,0
4.2481,148,55,0
4.2481,148,56,0
4.2481,148,57,-1
4.2481,148,58,-1
4.2481,148,59,-1
4.2481,148,60,-1
4.2481,148,61,-1
4.2481,148,62,-1
4.2481,148,63,-1
4.2481,148,64,-1
4.2481,148,65,-1
4.2481,148,66,-1
4.2481,148,67,-1
4.2481,148,68,-1
4.2481,148,69,-1
4.2481,148,70,-1
4.2481,148,71,-1
4.2481,148,72,-1
4.2481,148,73,-1
4.2481,148,74,-1
4.2481,148,75,-1
4.2481,148,76,-1
4.2481,148,77,-1
4.2481,148,78,-1
4.2481,148,79,-1
4.2481,148,80,-1
4.2481,148,81,-1
4.2481,148,82,-1
4.2481,148,83,-1
4.2481,148,84,-1
4.2481,148,85,-1
4.2481,148,86,-1
4.2481,148,87,-1
4.2481,148,88,-1
4.2481,148,89,-1
4.2481,148,90,-1
4.2481,148,91,-1
4.2481,148,92,-1
4.2481,148,93,-1
4.2481,148,94,-1
4.2481,148,95,0
4.2481,148,96,0
4.2481,148,97,0
4.2481,148,98,0
4.2481,148,99,0
4.2481,148,100,0
4.2481,148,101,0
4.2481,148,102,0
4.2481,148,103,0
4.2481,148,104,0
4.2481,148,105,0
4.2481,148,106,0
4.2481,148,107,0
4.2765,149,1,0
4.2765,149,2,0
4.2765,149,3,0
4.2765,149,4,0
4.2765,149,5,0
4.2765,149,6,0
4.2765,149,7,0
4.2765,149,8,-1
4.2765,149,9,-1
4.2765,149,10,-1
4.2765,149,11,-1
4.2765,149,12,-1
4.2765,149,13,-1
4.2765,149,14,-1
4.2765,149,15,-1
4.2765,149,16,-1
4.2765,149,17,-1
4.2765,149,18,-1
4.2765,149,19,-1
4.2765,149,20,-1
4.2765,149,21,0
4.2765,149,22,0
4.2765,149,23,0
4.2765,149,24,0
4.2765,149,25,0
4.2765,149,26,0
4.2765,149,27,-1
4.2765,149,28,-1
4.2765,149,29,-1
4.2765,149,30,-1
4.2765,149,31,-1
4.2765,149,32,-1
4.2765,149,33,-1
4.2765,149,34,-1
4.2765,149,35,-1
4.2765,149,36,-1
4.2765,149,37,-1
4.2765,149,38,-1
4.2765,149,39,-1
4.2765,149,40,-1
4.2765,149,41,-1
4.2765,149,42,-1
4.2765,149,43,-1
4.2765,149,44,-1
4.2765,149,45,-1
4.2765,149,46,-1
4.2765,149,47,-1
4.2765,149,48,-1
4.2765,149,49,-1
4.2765,149,50,-1
4.2765,149,51,-1
4.2765,149,52,-1
4.2765,149,53,-1
4.2765,149,54,-1
4.2765,149,55,-1
4.2765,149,56,-1
4.2765,149,57,-1
4.2765,149,58,0
4.2765,149,59,0
4.2765,149,60,0
4.2765,149,61,0
4.2765,149,62,0
4.2765,149,63,0
4.2765,149,64,0
4.2765,149,65,0
4.2765,149,66,0
4.2765,149,67,0
4.2765,149,68,0
4.2765,149,69,0
4.2765,149,70,0
4.2765,149,71,0
4.2765,149,72,0
4.2765,149,73,0
4.2765,149,74,0
4.2765,149,75,0
4.2765,149,76,0
4.2765,149,77,0
4.2765,149,78,0
4.2765,149,79,-1
4.2765,149,80,-1
4.2765,149,81,-1
4.2765,149,82,-1
4.2765,149,83,-1
4.2765,149,84,-1
4.2765,149,85,0
4.2765,149,86,0
4.2765,149,87,0
4.2765,149,88,0
4.2765,149,89,0
4.2765,149,90,0
4.2765,149,91,0
4.2765,149,92,0
4.2765,149,93,-1
4.2765,149,94,-1
4.2765,149,95,0
4.2765,149,96,0
4.2765,149,97,0
4.2765,149,98,0
4.2765,149,99,0
4.2765,149,100,0
4.2765,149,101,-1
4.2765,149,102,-1
4.2765,149,103,-1
4.2765,149,104,-1
4.2765,149,105,-1
4.2765,149,106,-1
4.2765,149,107,-1
4.3049,150,1,-1
4.3049,150,2,-1
4.3049,150,3,-1
4.3049,150,4,-1
4.3049,150,5,-1
4.3049,150,6,-1
4.3049,150,7,-1
4.3049,150,8,-1
4.3049,150,9,-1
4.3049,150,10,-1
4.3049,150,11,-1
4.3049,150,12,-1
4.3049,150,13,-1
4.3049,150,14,-1
4.3049,150,15,-1
4.3049,150,16,-1
4.3049,150,17,-1
4.3049,150,18,-1
4.3049,150,19,-1
4.3049,150,20,-1
4.3049,150,21,-1
4.3049,150,22,-1
4.3049,150,23,-1
4.3049,150,24,-1
4.3049,150,25,-1
4.3049,150,26,-1
4.3049,150,27,0
4.3049,150,28,0
4.3049,150,29,0
4.3049,150,30,0
4.3049,150,31,0
4.3049,150,32,-1
4.3049,150,33,-1
4.3049,150,34,-1
4.3049,150,35,-1
4.3049,150,36,-1
4.3049,150,37,0
4.3049,150,38,0
4.3049,150,39,0
4.3049,150,40,0
4.3049,150,41,0
4.3049,150,42,0
4.3049,150,43,0
4.3049,150,44,0
4.3049,150,45,0
4.3049,150,46,0
4.3049,150,47,0
4.3049,150,48,0
4.3049,150,49,-1
4.3049,150,50,0
4.3049,150,51,0
4.3049,150,52,0
4.3049,150,53,0
4.3049,150,54,0
4.3049,150,55,-1
4.3049,150,56,-1
4.3049,150,57,-1
4.3049,150,58,0
4.3049,150,59,0
4.3049,150,60,0
4.3049,150,61,0
4.3049,150,62,0
4.3049,150,63,0
4.3049,150,64,-1
4.3049,150,65,-1
4.3049,150,66,-1
4.3049,150,67,-1
4.3049,150,68,-1
4.3049,150,69,-1
4.3049,150,70,-1
4.3049,150,71,-1
4.3049,150,72,-1
4.3049,150,73,-1
4.3049,150,74,-1
4.3049,150,75,-1
4.3049,150,76,-1
4.3049,150,77,-1
4.3049,150,78,-1
4.3049,150,79,-1
4.3049,150,80,-1
4.3049,150,81,-1
4.3049,150,82,-1
4.3049,150,83,-1
4.3049,150,84,-1
4.3049,150,85,-1
4.3049,150,86,-1
4.3049,150,87,-1
4.3049,150,88,-1
4.3049,150,89,-1
4.3049,150,90,-1
4.3049,150,91,-1
4.3049,150,92,-1
4.3049,150,93,-1
4.3049,150,94,-1
4.3049,150,95,-1
4.3049,150,96,-1
4.3049,150,97,0
4.3049,150,98,0
4.3049,150,99,0
4.3049,150,100,0
4.3049,150,101,0
4.3049,150,102,0
4.3049,150,103,0
4.3049,150,104,0
4.3049,150,105,0
4.3049,150,106,0
4.3049,150,107,0
4.3332,151,1,0
4.3332,151,2,0
4.3332,151,3,0
4.3332,151,4,0
4.3332,151,5,0
4.3332,151,6,0
4.3332,151,7,0
4.3332,151,8,0
4.3332,151,9,-1
4.3332,151,10,-1
4.3332,151,11,0
4.3332,151,12,0
4.3332,151,13,0
4.3332,151,14,0
4.3332,151,15,0
4.3332,151,16,0
4.3332,151,17,0
4.3332,151,18,0
4.3332,151,19,0
4.3332,151,20,0
4.3332,151,21,0
4.3332,151,22,0
4.3332,151,23,0
4.3332,151,24,0
4.3332,151,25,0
4.3332,151,26,0
4.3332,151,27,0
4.3332,151,28,0
4.3332,151,29,0
4.3332,151,30,0
4.3332,151,31,0
4.3332,151,32,0
4.3332,151,33,0
4.3332,151,34,0
4.3332,151,35,-1
4.3332,151,36,-1
4.3332,151,37,-1
4.3332,151,38,-1
4.3332,151,39,-1
4.3332,151,40,-1
4.3332,151,41,-1
4.3332,151,42,-1
4.3332,151,43,-1
4.3332,151,44,-1
4.3332,151,45,-1
4.3332,151,46,-1
4.3332,151,47,-1
4.3332,151,48,-1
4.3332,151,49,-1
4.3332,151,50,-1
4.3332,151,51,-1
4.3332,151,52,-1
4.3332,151,53,-1
4.3332,151,54,-1
4.3332,151,55,-1
4.3332,151,56,-1
4.3332,151,57,0
4.3332,151,58,0
4.3332,151,59,0
4.3332,151,60,0
4.3332,151,61,0
4.3332,151,62,0
4.3332,151,63,0
4.3332,151,64,0
4.3332,151,65,0
4.3332,151,66,0
4.3332,151,67,0
4.3332,151,68,0
4.3332,151,69,0
4.3332,151,70,0
4.3332,151,71,0
4.3332,151,72,0
4.3332,151,73,0
4.3332,151,74,0
4.3332,151,75,0
4.3332,151,76,0
4.3332,151,77,0
4.3332,151,78,0
4.3332,151,79,0
4.3332,151,80,0
4.3332,151,81,0
4.3332,151,82,0
4.3332,151,83,0
4.3332,151,84,0
4.3332,151,85,0
4.3332,151,86,0
4.3332,151,87,0
4.3332,151,88,0
4.3332,151,89,0
4.3332,151,90,0
4.3332,151,91,0
4.3332,151,92,0
4.3332,151,93,0
4.3332,151,94,0
4.3332,151,95,0
4.3332,151,96,-1
4.3332,151,97,-1
4.3332,151,98,-1
4.3332,151,99,-1
4.3332,151,100,-1
4.3332,151,101,-1
4.3332,151,102,-1
4.3332,151,103,-1
4.3332,151,104,-1
4.3332,151,105,-1
4.3332,151,106,-1
4.3332,151,107,-1
4.3616,152,1,-1
4.3616,152,2,-1
4.3616,152,3,-1
4.3616,152,4,-1
4.3616,152,5,-1
4.3616,152,6,-1
4.3616,152,7,0
4.3616,152,8,0
4.3616,152,9,0
4.3616,152,10,0
4.3616,152,11,0
4.3616,152,12,-1
4.3616,152,13,-1
4.3616,152,14,-1
4.3616,152,15,-1
4.3616,152,16,-1
4.3616,152,17,-1
4.3616,152,18,-1
4.3616,152,19,-1
4.3616,152,20,-1
4.3616,152,21,0
4.3616,152,22,0
4.3616,152,23,0
4.3616,152,24,0
4.3616,152,25,0
4.3616,152,26,0
4.3616,152,27,0
4.3616,152,28,0
4.3616,152,29,0
4.3616,152,30,0
4.3616,152,31,0
4.3616,152,32,-1
4.3616,152,33,-1
4.3616,152,34,-1
4.3616,152,35,-1
4.3616,152,36,-1
4.3616,152,37,-1
4.3616,152,38,-1
4.3616,152,39,-1
4.3616,152,40,-1
4.3616,152,41,-1
4.3616,152,42,-1
4.3616,152,43,-1
4.3616,152,44,-1
4.3616,152,45,-1
4.3616,152,46,-1
4.3616,152,47,-1
4.3616,152,48,-1
4.3616,152,49,-1
4.3616,152,50,-1
4.3616,152,51,-1
4.3616,152,52,-1
4.3616,152,53,-1
4.3616,152,54,-1
4.3616,152,55,-1
4.3616,152,56,-1
4.3616,152,57,-1
4.3616,152,58,-1
4.3616,152,59,-1
4.3616,152,60,-1
4.3616,152,61,-1
4.3616,152,62,-1
4.3616,152,63,-1
4.3616,152,64,-1
4.3616,152,65,-1
4.3616,152,66,-1
4.3616,152,67,-1
4.3616,152,68,-1
4.3616,152,69,-1
4.3616,152,70,-1
4.3616,152,71,-1
4.3616,152,72,0
4.3616,152,73,0
4.3616,152,74,0
4.3616,152,75,0
4.3616,152,76,0
4.3616,152,77,0
4.3616,152,78,0
4.3616,152,79,0
4.3616,152,80,0
4.3616,152,81,0
4.3616,152,82,0
4.3616,152,83,0
4.3616,152,84,0
4.3616,152,85,0
4.3616,152,86,0
4.3616,152,87,0
4.3616,152,88,0
4.3616,152,89,0
4.3616,152,90,0
4.3616,152,91,0
4.3616,152,92,0
4.3616,152,93,0
4.3616,152,94,0
4.3616,152,95,0
4.3616,152,96,-1
4.3616,152,97,-1
4.3616,152,98,-1
4.3616,152,99,-1
4.3616,152,100,0
4.3616,152,101,0
4.3616,152,102,0
4.3616,152,103,0
4.3616,152,104,0
4.3616,152,105,0
4.3616,152,106,0
4.3616,152,107,-1
4.39,153,1,-1
4.39,153,2,-1
4.39,153,3,0
4.39,153,4,0
4.39,153,5,0
4.39,153,6,0
4.39,153,7,0
4.39,153,8,0
4.39,153,9,-1
4.39,153,10,-1
4.39,153,11,-1
4.39,153,12,-1
4.39,153,13,-1
4.39,153,14,-1
4.39,153,15,-1
4.39,153,16,-1
4.39,153,17,-1
4.39,153,18,-1
4.39,153,19,-1
4.39,153,20,-1
4.39,153,21,-1
4.39,153,22,-1
4.39,153,23,-1
4.39,153,24,-1
4.39,153,25,-1
4.39,153,26,-1
4.39,153,27,-1
4.39,153,28,0
4.39,153,29,0
4.39,153,30,0
4.39,153,31,0
4.39,153,32,0
4.39,153,33,0
4.39,153,34,0
4.39,153,35,0
4.39,153,36,0
4.39,153,37,0
4.39,153,38,-1
4.39,153,39,-1
4.39,153,40,-1
4.39,153,41,-1
4.39,153,42,0
4.39,153,43,0
4.39,153,44,0
4.39,153,45,0
4.39,153,46,0
4.39,153,47,0
4.39,153,48,0
4.39,153,49,0
4.39,153,50,0
4.39,153,51,0
4.39,153,52,0
4.39,153,53,-1
4.39,153,54,-1
4.39,153,55,-1
4.39,153,56,-1
4.39,153,57,-1
4.39,153,58,-1
4.39,153,59,-1
4.39,153,60,-1
4.39,153,61,-1
4.39,153,62,-1
4.39,153,63,-1
4.39,153,64,-1
4.39,153,65,-1
4.39,153,66,-1
4.39,153,67,-1
4.39,153,68,-1
4.39,153,69,-1
4.39,153,70,-1
4.39,153,71,-1
4.39,153,72,-1
4.39,153,73,-1
4.39,153,74,-1
4.39,153,75,-1
4.39,153,76,-1
4.39,153,77,-1
4.39,153,78,-1
4.39,153,79,-1
4.39,153,80,-1
4.39,153,81,-1
4.39,153,82,-1
4.39,153,83,-1
4.39,153,84,-1
4.39,153,85,0
4.39,153,86,0
4.39,153,87,0
4.39,153,88,0
4.39,153,89,0
4.39,153,90,0
4.39,153,91,0
4.39,153,92,0
4.39,153,93,0
4.39,153,94,0
4.39,153,95,0
4.39,153,96,0
4.39,153,97,0
4.39,153,98,0
4.39,153,99,0
4.39,153,100,0
4.39,153,101,0
4.39,153,102,0
4.39,153,103,0
4.39,153,104,0
4.39,153,105,0
4.39,153,106,0
4.39,153,107,0
4.4184,154,1,-1
4.4184,154,2,-1
4.4184,154,3,-1
4.4184,154,4,-1
4.4184,154,5,0
4.4184,154,6,0
4.4184,154,7,0
4.4184,154,8,0
4.4184,154,9,0
4.4184,154,10,0
4.4184,154,11,0
4.4184,154,12,0
4.4184,154,13,0
4.4184,154,14,-1
4.4184,154,15,-1
4.4184,154,16,-1
4.4184,154,17,-1
4.4184,154,18,-1
4.4184,154,19,-1
4.4184,154,20,-1
4.4184,154,21,-1
4.4184,154,22,-1
4.4184,154,23,-1
4.4184,154,24,-1
4.4184,154,25,-1
4.4184,154,26,-1
4.4184,154,27,-1
4.4184,154,28,-1
4.4184,154,29,-1
4.4184,154,30,-1
4.4184,154,31,-1
4.4184,154,32,-1
4.4184,154,33,-1
4.4184,154,34,-1
4.4184,154,35,-1
4.4184,154,36,-1
4.4184,154,37,-1
4.4184,154,38,0
4.4184,154,39,0
4.4184,154,40,0
4.4184,154,41,0
4.4184,154,42,0
4.4184,154,43,0
4.4184,154,44,0
4.4184,154,45,0
4.4184,154,46,0
4.4184,154,47,0
4.4184,154,48,0
4.4184,154,49,0
4.4184,154,50,0
4.4184,154,51,0
4.4184,154,52,0
4.4184,154,53,0
4.4184,154,54,-1
4.4184,154,55,-1
4.4184,154,56,-1
4.4184,154,57,-1
4.4184,154,58,0
4.4184,154,59,0
4.4184,154,60,0
4.4184,154,61,0
4.4184,154,62,0
4.4184,154,63,0
4.4184,154,64,-1
4.4184,154,65,-1
4.4184,154,66,-1
4.4184,154,67,-1
4.4184,154,68,-1
4.4184,154,69,-1
4.4184,154,70,-1
4.4184,154,71,-1
4.4184,154,72,-1
4.4184,154,73,-1
4.4184,154,74,-1
4.4184,154,75,-1
4.4184,154,76,-1
4.4184,154,77,-1
4.4184,154,78,-1
4.4184,154,79,-1
4.4184,154,80,-1
4.4184,154,81,-1
4.4184,154,82,-1
4.4184,154,83,-1
4.4184,154,84,-1
4.4184,154,85,0
4.4184,154,86,0
4.4184,154,87,0
4.4184,154,88,0
4.4184,154,89,0
4.4184,154,90,-1
4.4184,154,91,-1
4.4184,154,92,-1
4.4184,154,93,-1
4.4184,154,94,0
4.4184,154,95,0
4.4184,154,96,0
4.4184,154,97,0
4.4184,154,98,0
4.4184,154,99,-1
4.4184,154,100,-1
4.4184,154,101,-1
4.4184,154,102,-1
4.4184,154,103,-1
4.4184,154,104,-1
4.4184,154,105,-1
4.4184,154,106,-1
4.4184,154,107,-1
4.4467,155,1,-1
4.4467,155,2,-1
4.4467,155,3,-1
4.4467,155,4,-1
4.4467,155,5,-1
4.4467,155,6,-1
4.4467,155,7,-1
4.4467,155,8,-1
4.4467,155,9,-1
4.4467,155,10,-1
4.4467,155,11,-1
4.4467,155,12,-1
4.4467,155,13,0
4.4467,155,14,0
4.4467,155,15,0
4.4467,155,16,0
4.4467,155,17,0
4.4467,155,18,-1
4.4467,155,19,-1
4.4467,155,20,-1
4.4467,155,21,-1
4.4467,155,22,0
4.4467,155,23,0
4.4467,155,24,0
4.4467,155,25,0
4.4467,155,26,0
4.4467,155,27,0
4.4467,155,28,-1
4.4467,155,29,-1
4.4467,155,30,-1
4.4467,155,31,-1
4.4467,155,32,-1
4.4467,155,33,-1
4.4467,155,34,-1
4.4467,155,35,-1
4.4467,155,36,-1
4.4467,155,37,-1
4.4467,155,38,-1
4.4467,155,39,-1
4.4467,155,40,-1
4.4467,155,41,-1
4.4467,155,42,-1
4.4467,155,43,-1
4.4467,155,44,-1
4.4467,155,45,-1
4.4467,155,46,-1
4.4467,155,47,-1
4.4467,155,48,-1
4.4467,155,49,0
4.4467,155,50,0
4.4467,155,51,0
4.4467,155,52,0
4.4467,155,53,0
4.4467,155,54,0
4.4467,155,55,0
4.4467,155,56,-1
4.4467,155,57,-1
4.4467,155,58,-1
4.4467,155,59,-1
4.4467,155,60,-1
4.4467,155,61,-1
4.4467,155,62,-1
4.4467,155,63,-1
4.4467,155,64,-1
4.4467,155,65,-1
4.4467,155,66,-1
4.4467,155,67,-1
4.4467,155,68,-1
4.4467,155,69,-1
4.4467,155,70,-1
4.4467,155,71,-1
4.4467,155,72,-1
4.4467,155,73,-1
4.4467,155,74,-1
4.4467,155,75,-1
4.4467,155,76,-1
4.4467,155,77,-1
4.4467,155,78,-1
4.4467,155,79,-1
4.4467,155,80,-1
4.4467,155,81,-1
4.4467,155,82,-1
4.4467,155,83,-1
4.4467,155,84,-1
4.4467,155,85,-1
4.4467,155,86,-1
4.4467,155,87,-1
4.4467,155,88,-1
4.4467,155,89,-1
4.4467,155,90,-1
4.4467,155,91,-1
4.4467,155,92,-1
4.4467,155,93,-1
4.4467,155,94,-1
4.4467,155,95,-1
4.4467,155,96,-1
4.4467,155,97,-1
4.4467,155,98,-1
4.4467,155,99,-1
4.4467,155,100,-1
4.4467,155,101,-1
4.4467,155,102,-1
4.4467,155,103,-1
4.4467,155,104,-1
4.4467,155,105,-1
4.4467,155,106,-1
4.4467,155,107,-1
4.4751,156,1,-1
4.4751,156,2,-1
4.4751,156,3,-1
4.4751,156,4,-1
4.4751,156,5,-1
4.4751,156,6,-1
4.4751,156,7,-1
4.4751,156,8,-1
4.4751,156,9,-1
4.4751,156,10,-1
4.4751,156,11,-1
4.4751,156,12,-1
4.4751,156,13,-1
4.4751,156,14,-1
4.4751,156,15,-1
4.4751,156,16,-1
4.4751,156,17,-1
4.4751,156,18,-1
4.4751,156,19,-1
4.4751,156,20,-1
4.4751,156,21,-1
4.4751,156,22,-1
4.4751,156,23,-1
4.4751,156,24,-1
4.4751,156,25,-1
4.4751,156,26,-1
4.4751,156,27,-1
4.4751,156,28,-1
4.4751,156,29,-1
4.4751,156,30,-1
4.4751,156,31,-1
4.4751,156,32,-1
4.4751,156,33,-1
4.4751,156,34,-1
4.4751,156,35,-1
4.4751,156,36,-1
4.4751,156,37,-1
4.4751,156,38,-1
4.4751,156,39,-1
4.4751,156,40,-1
4.4751,156,41,-1
4.4751,156,42,-1
4.4751,156,43,-1
4.4751,156,44,-1
4.4751,156,45,-1
4.4751,156,46,-1
4.4751,156,47,-1
4.4751,156,48,-1
4.4751,156,49,-1
4.4751,156,50,-1
4.4751,156,51,-1
4.4751,156,52,-1
4.4751,156,53,-1
4.4751,156,54,-1
4.4751,156,55,-1
4.4751,156,56,-1
4.4751,156,57,-1
4.4751,156,58,-1
4.4751,156,59,-1
4.4751,156,60,-1
4.4751,156,61,-1
4.4751,156,62,-1
4.4751,156,63,-1
4.4751,156,64,-1
4.4751,156,65,-1
4.4751,156,66,-1
4.4751,156,67,-1
4.4751,156,68,-1
4.4751,156,69,-1
4.4751,156,70,-1
4.4751,156,71,-1
4.4751,156,72,-1
4.4751,156,73,-1
4.4751,156,74,-1
4.4751,156,75,-1
4.4751,156,76,-1
4.4751,156,77,-1
4.4751,156,78,-1
4.4751,156,79,-1
4.4751,156,80,-1
4.4751,156,81,-1
4.4751,156,82,-1
4.4751,156,83,-1
4.4751,156,84,-1
4.4751,156,85,-1
4.4751,156,86,-1
4.4751,156,87,-1
4.4751,156,88,-1
4.4751,156,89,-1
4.4751,156,90,-1
4.4751,156,91,-1
4.4751,156,92,-1
4.4751,156,93,-1
4.4751,156,94,-1
4.4751,156,95,-1
4.4751,156,96,-1
4.4751,156,97,-1
4.4751,156,98,-1
4.4751,156,99,-1
4.4751,156,100,-1
4.4751,156,101,-1
4.4751,156,102,-1
4.4751,156,103,-1
4.4751,156,104,-1
4.4751,156,105,-1
4.4751,156,106,-1
4.4751,156,107,-1
4.5035,157,1,-1
4.5035,157,2,-1
4.5035,157,3,-1
4.5035,157,4,-1
4.5035,157,5,-1
4.5035,157,6,-1
4.5035,157,7,-1
4.5035,157,8,-1
4.5035,157,9,-1
4.5035,157,10,-1
4.5035,157,11,-1
4.5035,157,12,-1
4.5035,157,13,-1
4.5035,157,14,-1
4.5035,157,15,-1
4.5035,157,16,-1
4.5035,157,17,-1
4.5035,157,18,-1
4.5035,157,19,-1
4.5035,157,20,-1
4.5035,157,21,-1
4.5035,157,22,-1
4.5035,157,23,-1
4.5035,157,24,-1
4.5035,157,25,-1
4.5035,157,26,-1
4.5035,157,27,-1
4.5035,157,28,-1
4.5035,157,29,-1
4.5035,157,30,-1
4.5035,157,31,-1
4.5035,157,32,-1
4.5035,157,33,-1
4.5035,157,34,-1
4.5035,157,35,-1
4.5035,157,36,-1
4.5035,157,37,-1
4.5035,157,38,-1
4.5035,157,39,-1
4.5035,157,40,-1
4.5035,157,41,-1
4.5035,157,42,-1
4.5035,157,43,-1
4.5035,157,44,-1
4.5035,157,45,-1
4.5035,157,46,-1
4.5035,157,47,-1
4.5035,157,48,-1
4.5035,157,49,-1
4.5035,157,50,-1
4.5035,157,51,-1
4.5035,157,52,-1
4.5035,157,53,-1
4.5035,157,54,-1
4.5035,157,55,-1
4.5035,157,56,-1
4.5035,157,57,-1
4.5035,157,58,-1
4.5035,157,59,-1
4.5035,157,60,-1
4.5035,157,61,-1
4.5035,157,62,-1
4.5035,157,63,-1
4.5035,157,64,-1
4.5035,157,65,-1
4.5035,157,66,-1
4.5035,157,67,-1
4.5035,157,68,-1
4.5035,157,69,-1
4.5035,157,70,-1
4.5035,157,71,-1
4.5035,157,72,-1
4.5035,157,73,-1
4.5035,157,74,-1
4.5035,157,75,-1
4.5035,157,76,-1
4.5035,157,77,-1
4.5035,157,78,-1
4.5035,157,79,-1
4.5035,157,80,-1
4.5035,157,81,-1
4.5035,157,82,-1
4.5035,157,83,-1
4.5035,157,84,-1
4.5035,157,85,-1
4.5035,157,86,-1
4.5035,157,87,-1
4.5035,157,88,-1
4.5035,157,89,-1
4.5035,157,90,-1
4.5035,157,91,-1
4.5035,157,92,-1
4.5035,157,93,-1
4.5035,157,94,-1
4.5035,157,95,-1
4.5035,157,96,-1
4.5035,157,97,-1
4.5035,157,98,-1
4.5035,157,99,-1
4.5035,157,100,-1
4.5035,157,101,-1
4.5035,157,102,-1
4.5035,157,103,-1
4.5035,157,104,-1
4.5035,157,105,-1
4.5035,157,106,-1
4.5035,157,107,-1
4.5319,158,1,-1
4.5319,158,2,-1
4.5319,158,3,-1
4.5319,158,4,-1
4.5319,158,5,-1
4.5319,158,6,-1
4.5319,158,7,-1
4.5319,158,8,-1
4.5319,158,9,-1
4.5319,158,10,-1
4.5319,158,11,-1
4.5319,158,12,-1
4.5319,158,13,-1
4.5319,158,14,-1
4.5319,158,15,-1
4.5319,158,16,-1
4.5319,158,17,-1
4.5319,158,18,-1
4.5319,158,19,-1
4.5319,158,20,-1
4.5319,158,21,-1
4.5319,158,22,-1
4.5319,158,23,-1
4.5319,158,24,-1
4.5319,158,25,-1
4.5319,158,26,-1
4.5319,158,27,-1
4.5319,158,28,-1
4.5319,158,29,-1
4.5319,158,30,-1
4.5319,158,31,-1
4.5319,158,32,-1
4.5319,158,33,-1
4.5319,158,34,-1
4.5319,158,35,-1
4.5319,158,36,-1
4.5319,158,37,-1
4.5319,158,38,-1
4.5319,158,39,-1
4.5319,158,40,-1
4.5319,158,41,-1
4.5319,158,42,-1
4.5319,158,43,-1
4.5319,158,44,-1
4.5319,158,45,-1
4.5319,158,46,-1
4.5319,158,47,-1
4.5319,158,48,-1
4.5319,158,49,-1
4.5319,158,50,-1
4.5319,158,51,-1
4.5319,158,52,-1
4.5319,158,53,-1
4.5319,158,54,-1
4.5319,158,55,-1
4.5319,158,56,-1
4.5319,158,57,-1
4.5319,158,58,-1
4.5319,158,59,-1
4.5319,158,60,-1
4.5319,158,61,-1
4.5319,158,62,-1
4.5319,158,63,-1
4.5319,158,64,-1
4.5319,158,65,-1
4.5319,158,66,-1
4.5319,158,67,-1
4.5319,158,68,-1
4.5319,158,69,-1
4.5319,158,70,-1
4.5319,158,71,-1
4.5319,158,72,-1
4.5319,158,73,-1
4.5319,158,74,-1
4.5319,158,75,-1
4.5319,158,76,-1
4.5319,158,77,-1
4.5319,158,78,-1
4.5319,158,79,-1
4.5319,158,80,-1
4.5319,158,81,-1
4.5319,158,82,-1
4.5319,158,83,-1
4.5319,158,84,-1
4.5319,158,85,-1
4.5319,158,86,-1
4.5319,158,87,-1
4.5319,158,88,-1
4.5319,158,89,-1
4.5319,158,90,-1
4.5319,158,91,-1
4.5319,158,92,-1
4.5319,158,93,-1
4.5319,158,94,-1
4.5319,158,95,-1
4.5319,158,96,-1
4.5319,158,97,-1
4.5319,158,98,-1
4.5319,158,99,-1
4.5319,158,100,-1
4.5319,158,101,-1
4.5319,158,102,-1
4.5319,158,103,-1
4.5319,158,104,-1
4.5319,158,105,-1
4.5319,158,106,-1
4.5319,158,107,-1
4.5602,159,1,-1
4.5602,159,2,-1
4.5602,159,3,-1
4.5602,159,4,-1
4.5602,159,5,-1
4.5602,159,6,-1
4.5602,159,7,-1
4.5602,159,8,-1
4.5602,159,9,-1
4.5602,159,10,-1
4.5602,159,11,-1
4.5602,159,12,-1
4.5602,159,13,-1
4.5602,159,14,-1
4.5602,159,15,-1
4.5602,159,16,-1
4.5602,159,17,-1
4.5602,159,18,-1
4.5602,159,19,-1
4.5602,159,20,-1
4.5602,159,21,-1
4.5602,159,22,-1
4.5602,159,23,-1
4.5602,159,24,-1
4.5602,159,25,-1
4.5602,159,26,-1
4.5602,159,27,-1
4.5602,159,28,-1
4.5602,159,29,-1
4.5602,159,30,-1
4.5602,159,31,-1
4.5602,159,32,-1
4.5602,159,33,-1
4.5602,159,34,-1
4.5602,159,35,-1
4.5602,159,36,-1
4.5602,159,37,-1
4.5602,159,38,-1
4.5602,159,39,-1
4.5602,159,40,-1
4.5602,159,41,-1
4.5602,159,42,-1
4.5602,159,43,-1
4.5602,159,44,-1
4.5602,159,45,-1
4.5602,159,46,-1
4.5602,159,47,-1
4.5602,159,48,-1
4.5602,159,49,-1
4.5602,159,50,-1
4.5602,159,51,-1
4.5602,159,52,-1
4.5602,159,53,-1
4.5602,159,54,-1
4.5602,159,55,-1
4.5602,159,56,-1
4.5602,159,57,-1
4.5602,159,58,-1
4.5602,159,59,-1
4.5602,159,60,-1
4.5602,159,61,-1
4.5602,159,62,-1
4.5602,159,63,-1
4.5602,159,64,-1
4.5602,159,65,-1
4.5602,159,66,-1
4.5602,159,67,-1
4.5602,159,68,-1
4.5602,159,69,-1
4.5602,159,70,-1
4.5602,159,71,-1
4.5602,159,72,-1
4.5602,159,73,-1
4.5602,159,74,-1
4.5602,159,75,-1
4.5602,159,76,-1
4.5602,159,77,-1
4.5602,159,78,-1
4.5602,159,79,-1
4.5602,159,80,-1
4.5602,159,81,-1
4.5602,159,82,-1
4.5602,159,83,-1
4.5602,159,84,-1
4.5602,159,85,-1
4.5602,159,86,-1
4.5602,159,87,-1
4.5602,159,88,-1
4.5602,159,89,-1
4.5602,159,90,-1
4.5602,159,91,-1
4.5602,159,92,-1
4.5602,159,93,-1
4.5602,159,94,-1
4.5602,159,95,-1
4.5602,159,96,-1
4.5602,159,97,-1
4.5602,159,98,-1
4.5602,159,99,-1
4.5602,159,100,-1
4.5602,159,101,-1
4.5602,159,102,-1
4.5602,159,103,-1
4.5602,159,104,-1
4.5602,159,105,-1
4.5602,159,106,-1
4.5602,159,107,-1
4.5886,160,1,-1
4.5886,160,2,-1
4.5886,160,3,-1
4.5886,160,4,-1
4.5886,160,5,-1
4.5886,160,6,-1
4.5886,160,7,-1
4.5886,160,8,-1
4.5886,160,9,-1
4.5886,160,10,-1
4.5886,160,11,-1
4.5886,160,12,-1
4.5886,160,13,-1
4.5886,160,14,-1
4.5886,160,15,-1
4.5886,160,16,-1
4.5886,160,17,-1
4.5886,160,18,-1
4.5886,160,19,-1
4.5886,160,20,-1
4.5886,160,21,-1
4.5886,160,22,-1
4.5886,160,23,-1
4.5886,160,24,-1
4.5886,160,25,-1
4.5886,160,26,-1
4.5886,160,27,-1
4.5886,160,28,-1
4.5886,160,29,-1
4.5886,160,30,-1
4.5886,160,31,-1
4.5886,160,32,-1
4.5886,160,33,-1
4.5886,160,34,-1
4.5886,160,35,-1
4.5886,160,36,-1
4.5886,160,37,-1
4.5886,160,38,-1
4.5886,160,39,-1
4.5886,160,40,-1
4.5886,160,41,-1
4.5886,160,42,-1
4.5886,160,43,-1
4.5886,160,44,-1
4.5886,160,45,-1
4.5886,160,46,-1
4.5886,160,47,-1
4.5886,160,48,-1
4.5886,160,49,-1
4.5886,160,50,-1
4.5886,160,51,-1
4.5886,160,52,-1
4.5886,160,53,-1
4.5886,160,54,-1
4.5886,160,55,-1
4.5886,160,56,-1
4.5886,160,57,-1
4.5886,160,58,-1
4.5886,160,59,-1
4.5886,160,60,-1
4.5886,160,61,-1
4.5886,160,62,-1
4.5886,160,63,-1
4.5886,160,64,-1
4.5886,160,65,-1
4.5886,160,66,-1
4.5886,160,67,-1
4.5886,160,68,-1
4.5886,160,69,-1
4.5886,160,70,-1
4.5886,160,71,-1
4.5886,160,72,-1
4.5886,160,73,-1
4.5886,160,74,-1
4.5886,160,75,-1
4.5886,160,76,-1
4.5886,160,77,-1
4.5886,160,78,-1
4.5886,160,79,-1
4.5886,160,80,-1
4.5886,160,81,-1
4.5886,160,82,-1
4.5886,160,83,-1
4.5886,160,84,-1
4.5886,160,85,-1
4.5886,160,86,-1
4.5886,160,87,-1
4.5886,160,88,-1
4.5886,160,89,-1
4.5886,160,90,-1
4.5886,160,91,-1
4.5886,160,92,-1
4.5886,160,93,-1
4.5886,160,94,-1
4.5886,160,95,-1
4.5886,160,96,-1
4.5886,160,97,-1
4.5886,160,98,-1
4.5886,160,99,-1
4.5886,160,100,-1
4.5886,160,101,-1
4.5886,160,102,-1
4.5886,160,103,-1
4.5886,160,104,-1
4.5886,160,105,-1
4.5886,160,106,-1
4.5886,160,107,-1
4.617,161,1,-1
4.617,161,2,-1
4.617,161,3,-1
4.617,161,4,-1
4.617,161,5,-1
4.617,161,6,-1
4.617,161,7,-1
4.617,161,8,-1
4.617,161,9,-1
4.617,161,10,-1
4.617,161,11,-1
4.617,161,12,-1
4.617,161,13,-1
4.617,161,14,-1
4.617,161,15,-1
4.617,161,16,-1
4.617,161,17,-1
4.617,161,18,-1
4.617,161,19,-1
4.617,161,20,-1
4.617,161,21,-1
4.617,161,22,-1
4.617,161,23,-1
4.617,161,24,-1
4.617,161,25,-1
4.617,161,26,-1
4.617,161,27,-1
4.617,161,28,-1
4.617,161,29,-1
4.617,161,30,-1
4.617,161,31,-1
4.617,161,32,-1
4.617,161,33,-1
4.617,161,34,-1
4.617,161,35,-1
4.617,161,36,-1
4.617,161,37,-1
4.617,161,38,-1
4.617,161,39,-1
4.617,161,40,-1
4.617,161,41,-1
4.617,161,42,-1
4.617,161,43,-1
4.617,161,44,-1
4.617,161,45,-1
4.617,161,46,-1
4.617,161,47,-1
4.617,161,48,-1
4.617,161,49,-1
4.617,161,50,-1
4.617,161,51,-1
4.617,161,52,-1
4.617,161,53,-1
4.617,161,54,-1
4.617,161,55,-1
4.617,161,56,-1
4.617,161,57,-1
4.617,161,58,-1
4.617,161,59,-1
4.617,161,60,-1
4.617,161,61,-1
4.617,161,62,-1
4.617,161,63,-1
4.617,161,64,-1
4.617,161,65,-1
4.617,161,66,-1
4.617,161,67,-1
4.617,161,68,-1
4.617,161,69,-1
4.617,161,70,-1
4.617,161,71,-1
4.617,161,72,-1
4.617,161,73,-1
4.617,161,74,-1
4.617,161,75,-1
4.617,161,76,-1
4.617,161,77,-1
4.617,161,78,-1
4.617,161,79,-1
4.617,161,80,-1
4.617,161,81,-1
4.617,161,82,-1
4.617,161,83,-1
4.617,161,84,-1
4.617,161,85,-1
4.617,161,86,-1
4.617,161,87,-1
4.617,161,88,-1
4.617,161,89,-1
4.617,161,90,-1
4.617,161,91,-1
4.617,161,92,-1
4.617,161,93,-1
4.617,161,94,-1
4.617,161,95,-1
4.617,161,96,-1
4.617,161,97,-1
4.617,161,98,-1
4.617,161,99,-1
4.617,161,100,-1
4.617,161,101,-1
4.617,161,102,-1
4.617,161,103,-1
4.617,161,104,-1
4.617,161,105,-1
4.617,161,106,-1
4.617,161,107,-1
4.6454,162,1,-1
4.6454,162,2,-1
4.6454,162,3,-1
4.6454,162,4,-1
4.6454,162,5,-1
4.6454,162,6,-1
4.6454,162,7,-1
4.6454,162,8,-1
4.6454,162,9,-1
4.6454,162,10,-1
4.6454,162,11,-1
4.6454,162,12,-1
4.6454,162,13,-1
4.6454,162,14,-1
4.6454,162,15,-1
4.6454,162,16,-1
4.6454,162,17,-1
4.6454,162,18,-1
4.6454,162,19,-1
4.6454,162,20,-1
4.6454,162,21,-1
4.6454,162,22,-1
4.6454,162,23,-1
4.6454,162,24,-1
4.6454,162,25,-1
4.6454,162,26,-1
4.6454,162,27,-1
4.6454,162,28,-1
4.6454,162,29,-1
4.6454,162,30,-1
4.6454,162,31,-1
4.6454,162,32,-1
4.6454,162,33,-1
4.6454,162,34,-1
4.6454,162,35,-1
4.6454,162,36,-1
4.6454,162,37,-1
4.6454,162,38,-1
4.6454,162,39,-1
4.6454,162,40,-1
4.6454,162,41,-1
4.6454,162,42,-1
4.6454,162,43,-1
4.6454,162,44,-1
4.6454,162,45,-1
4.6454,162,46,-1
4.6454,162,47,-1
4.6454,162,48,-1
4.6454,162,49,-1
4.6454,162,50,-1
4.6454,162,51,-1
4.6454,162,52,-1
4.6454,162,53,-1
4.6454,162,54,-1
4.6454,162,55,-1
4.6454,162,56,-1
4.6454,162,57,-1
4.6454,162,58,-1
4.6454,162,59,-1
4.6454,162,60,-1
4.6454,162,61,-1
4.6454,162,62,-1
4.6454,162,63,-1
4.6454,162,64,-1
4.6454,162,65,-1
4.6454,162,66,-1
4.6454,162,67,-1
4.6454,162,68,-1
4.6454,162,69,-1
4.6454,162,70,-1
4.6454,162,71,-1
4.6454,162,72,-1
4.6454,162,73,-1
4.6454,162,74,-1
4.6454,162,75,-1
4.6454,162,76,-1
4.6454,162,77,-1
4.6454,162,78,-1
4.6454,162,79,-1
4.6454,162,80,-1
4.6454,162,81,-1
4.6454,162,82,-1
4.6454,162,83,-1
4.6454,162,84,-1
4.6454,162,85,-1
4.6454,162,86,-1
4.6454,162,87,-1
4.6454,162,88,-1
4.6454,162,89,-1
4.6454,162,90,-1
4.6454,162,91,-1
4.6454,162,92,-1
4.6454,162,93,-1
4.6454,162,94,-1
4.6454,162,95,-1
4.6454,162,96,-1
4.6454,162,97,-1
4.6454,162,98,-1
4.6454,162,99,-1
4.6454,162,100,-1
4.6454,162,101,-1
4.6454,162,102,-1
4.6454,162,103,-1
4.6454,162,104,-1
4.6454,162,105,-1
4.6454,162,106,-1
4.6454,162,107,-1
4.6737,163,1,-1
4.6737,163,2,-1
4.6737,163,3,-1
4.6737,163,4,-1
4.6737,163,5,-1
4.6737,163,6,-1
4.6737,163,7,-1
4.6737,163,8,-1
4.6737,163,9,-1
4.6737,163,10,-1
4.6737,163,11,-1
4.6737,163,12,-1
4.6737,163,13,-1
4.6737,163,14,-1
4.6737,163,15,-1
4.6737,163,16,-1
4.6737,163,17,-1
4.6737,163,18,-1
4.6737,163,19,-1
4.6737,163,20,-1
4.6737,163,21,-1
4.6737,163,22,-1
4.6737,163,23,-1
4.6737,163,24,-1
4.6737,163,25,-1
4.6737,163,26,-1
4.6737,163,27,-1
4.6737,163,28,-1
4.6737,163,29,-1
4.6737,163,30,-1
4.6737,163,31,-1
4.6737,163,32,-1
4.6737,163,33,-1
4.6737,163,34,-1
4.6737,163,35,-1
4.6737,163,36,-1
4.6737,163,37,-1
4.6737,163,38,-1
4.6737,163,39,-1
4.6737,163,40,-1
4.6737,163,41,-1
4.6737,163,42,-1
4.6737,163,43,-1
4.6737,163,44,-1
4.6737,163,45,-1
4.6737,163,46,-1
4.6737,163,47,-1
4.6737,163,48,-1
4.6737,163,49,-1
4.6737,163,50,-1
4.6737,163,51,-1
4.6737,163,52,-1
4.6737,163,53,-1
4.6737,163,54,-1
4.6737,163,55,-1
4.6737,163,56,-1
4.6737,163,57,-1
4.6737,163,58,-1
4.6737,163,59,-1
4.6737,163,60,-1
4.6737,163,61,-1
4.6737,163,62,-1
4.6737,163,63,-1
4.6737,163,64,-1
4.6737,163,65,-1
4.6737,163,66,-1
4.6737,163,67,-1
4.6737,163,68,-1
4.6737,163,69,-1
4.6737,163,70,-1
4.6737,163,71,-1
4.6737,163,72,-1
4.6737,163,73,-1
4.6737,163,74,-1
4.6737,163,75,-1
4.6737,163,76,-1
4.6737,163,77,-1
4.6737,163,78,-1
4.6737,163,79,-1
4.6737,163,80,-1
4.6737,163,81,-1
4.6737,163,82,-1
4.6737,163,83,-1
4.6737,163,84,-1
4.6737,163,85,-1
4.6737,163,86,-1
4.6737,163,87,-1
4.6737,163,88,-1
4.6737,163,89,-1
4.6737,163,90,-1
4.6737,163,91,-1
4.6737,163,92,-1
4.6737,163,93,-1
4.6737,163,94,-1
4.6737,163,95,-1
4.6737,163,96,-1
4.6737,163,97,-1
4.6737,163,98,-1
4.6737,163,99,-1
4.6737,163,100,-1
4.6737,163,101,-1
4.6737,163,102,-1
4.6737,163,103,-1
4.6737,163,104,-1
4.6737,163,105,-1
4.6737,163,106,-1
4.6737,163,107,-1
4.7021,164,1,-1
4.7021,164,2,-1
4.7021,164,3,-1
4.7021,164,4,-1
4.7021,164,5,-1
4.7021,164,6,-1
4.7021,164,7,-1
4.7021,164,8,-1
4.7021,164,9,-1
4.7021,164,10,-1
4.7021,164,11,-1
4.7021,164,12,-1
4.7021,164,13,-1
4.7021,164,14,-1
4.7021,164,15,-1
4.7021,164,16,-1
4.7021,164,17,-1
4.7021,164,18,-1
4.7021,164,19,-1
4.7021,164,20,-1
4.7021,164,21,-1
4.7021,164,22,-1
4.7021,164,23,-1
4.7021,164,24,-1
4.7021,164,25,-1
4.7021,164,26,-1
4.7021,164,27,-1
4.7021,164,28,-1
4.7021,164,29,-1
4.7021,164,30,-1
4.7021,164,31,-1
4.7021,164,32,-1
4.7021,164,33,-1
4.7021,164,34,-1
4.7021,164,35,-1
4.7021,164,36,-1
4.7021,164,37,-1
4.7021,164,38,-1
4.7021,164,39,-1
4.7021,164,40,-1
4.7021,164,41,-1
4.7021,164,42,-1
4.7021,164,43,-1
4.7021,164,44,-1
4.7021,164,45,-1
4.7021,164,46,-1
4.7021,164,47,-1
4.7021,164,48,-1
4.7021,164,49,-1
4.7021,164,50,-1
4.7021,164,51,-1
4.7021,164,52,-1
4.7021,164,53,-1
4.7021,164,54,-1
4.7021,164,55,-1
4.7021,164,56,-1
4.7021,164,57,-1
4.7021,164,58,-1
4.7021,164,59,-1
4.7021,164,60,-1
4.7021,164,61,-1
4.7021,164,62,-1
4.7021,164,63,-1
4.7021,164,64,-1
4.7021,164,65,-1
4.7021,164,66,-1
4.7021,164,67,-1
4.7021,164,68,-1
4.7021,164,69,-1
4.7021,164,70,-1
4.7021,164,71,-1
4.7021,164,72,-1
4.7021,164,73,-1
4.7021,164,74,-1
4.7021,164,75,-1
4.7021,164,76,-1
4.7021,164,77,-1
4.7021,164,78,-1
4.7021,164,79,-1
4.7021,164,80,-1
4.7021,164,81,-1
4.7021,164,82,-1
4.7021,164,83,-1
4.7021,164,84,-1
4.7021,164,85,-1
4.7021,164,86,-1
4.7021,164,87,-1
4.7021,164,88,-1
4.7021,164,89,-1
4.7021,164,90,-1
4.7021,164,91,-1
4.7021,164,92,-1
4.7021,164,93,-1
4.7021,164,94,-1
4.7021,164,95,-1
4.7021,164,96,-1
4.7021,164,97,-1
4.7021,164,98,-1
4.7021,164,99,-1
4.7021,164,100,-1
4.7021,164,101,-1
4.7021,164,102,-1
4.7021,164,103,-1
4.7021,164,104,-1
4.7021,164,105,-1
4.7021,164,106,-1
4.7021,164,107,-1
5.071,165,1,0.749992370372631
5.071,165,2,1
5.071,165,3,-0.928556169316691
5.071,165,4,-0.928556169316691
5.071,165,5,-0.928556169316691
5.071,165,6,0.964293343913083
5.071,165,7,0.0357066560869167
5.071,165,8,-0.357158116397595
5.071,165,9,0.250007629627369
5.071,165,10,0.964293343913083
5.071,165,11,0.0357066560869167
5.071,165,12,-0.928556169316691
5.071,165,13,-0.928556169316691
5.071,165,14,-0.749992370372631
5.071,165,15,-0.964293343913083
5.071,165,16,-0.964293343913083
5.071,165,17,-0.928556169316691
5.071,165,18,-0.928556169316691
5.071,165,19,-0.928556169316691
5.071,165,20,-0.928556169316691
5.071,165,21,-0.928556169316691
5.071,165,22,-0.857142857142857
5.071,165,23,-0.964293343913083
5.071,165,24,-0.964293343913083
5.071,165,25,-0.964293343913083
5.071,165,26,-0.964293343913083
5.071,165,27,-0.928556169316691
5.071,165,28,-0.964293343913083
5.071,165,29,-0.964293343913083
5.071,165,30,-0.964293343913083
5.071,165,31,-0.964293343913083
5.071,165,32,-0.964293343913083
5.071,165,33,-0.964293343913083
5.071,165,34,-0.964293343913083
5.071,165,35,-0.964293343913083
5.071,165,36,-0.964293343913083
5.071,165,37,0.964293343913083
5.071,165,38,1
5.071,165,39,0.749992370372631
5.071,165,40,0.357158116397595
5.071,165,41,-0.964293343913083
5.071,165,42,-0.964293343913083
5.071,165,43,-0.964293343913083
5.071,165,44,-0.964293343913083
5.071,165,45,0.964293343913083
5.071,165,46,-0.964293343913083
5.071,165,47,-0.964293343913083
5.071,165,48,-0.964293343913083
5.071,165,49,-0.82143620105594
5.071,165,50,-0.82143620105594
5.071,165,51,-0.857142857142857
5.071,165,52,-0.857142857142857
5.071,165,53,-0.857142857142857
5.071,165,54,-0.964293343913083
5.071,165,55,-0.892849513229774
5.071,165,56,-0.964293343913083
5.071,165,57,-0.892849513229774
5.071,165,58,-0.964293343913083
5.071,165,59,-0.964293343913083
5.071,165,60,0.964293343913083
5.071,165,61,1
5.071,165,62,0.714285714285714
5.071,165,63,1
5.071,165,64,-0.964293343913083
5.071,165,65,-0.964293343913083
5.071,165,66,-0.964293343913083
5.071,165,67,-0.964293343913083
5.071,165,68,-0.964293343913083
5.071,165,69,0.964293343913083
5.071,165,70,-0.82143620105594
5.071,165,71,-0.500015259254738
5.071,165,72,-0.392864772484512
5.071,165,73,0.892849513229774
5.071,165,74,0.964293343913083
5.071,165,75,0.0357066560869167
5.071,165,76,-0.285714285714286
5.071,165,77,-0.964293343913083
5.071,165,78,-0.964293343913083
5.071,165,79,-0.892849513229774
5.071,165,80,-0.964293343913083
5.071,165,81,-0.964293343913083
5.071,165,82,-0.964293343913083
5.071,165,83,0.964293343913083
5.071,165,84,0.964293343913083
5.071,165,85,0.749992370372631
5.071,165,86,0.500015259254738
5.071,165,87,-0.964293343913083
5.071,165,88,-0.964293343913083
5.071,165,89,-0.964293343913083
5.071,165,90,-0.964293343913083
5.071,165,91,0.964293343913083
5.071,165,92,0.964293343913083
5.071,165,93,-0.964293343913083
5.071,165,94,-0.964293343913083
5.071,165,95,-0.964293343913083
5.071,165,96,-0.785699026459548
5.071,165,97,-0.749992370372631
5.071,165,98,-0.749992370372631
5.071,165,99,-0.749992370372631
5.071,165,100,-0.785699026459548
5.071,165,101,-0.785699026459548
5.071,165,102,-0.749992370372631
5.071,165,103,-0.964293343913083
5.071,165,104,-0.964293343913083
5.071,165,105,-0.928556169316691
5.071,165,106,-0.964293343913083
5.071,165,107,-0.964293343913083
5.0994,166,1,-0.964293343913083
5.0994,166,2,0.964293343913083
5.0994,166,3,1
5.0994,166,4,0.749992370372631
5.0994,166,5,0.964293343913083
5.0994,166,6,-0.964293343913083
5.0994,166,7,-0.964293343913083
5.0994,166,8,-0.964293343913083
5.0994,166,9,-0.964293343913083
5.0994,166,10,-0.964293343913083
5.0994,166,11,-0.892849513229774
5.0994,166,12,-0.964293343913083
5.0994,166,13,-0.892849513229774
5.0994,166,14,-0.964293343913083
5.0994,166,15,-0.964293343913083
5.0994,166,16,-0.964293343913083
5.0994,166,17,-0.964293343913083
5.0994,166,18,-0.857142857142857
5.0994,166,19,-0.964293343913083
5.0994,166,20,-0.500015259254738
5.0994,166,21,-0.392864772484512
5.0994,166,22,-0.892849513229774
5.0994,166,23,-0.714285714285714
5.0994,166,24,-0.714285714285714
5.0994,166,25,-0.749992370372631
5.0994,166,26,-0.535721915341655
5.0994,166,27,-0.464278084658345
5.0994,166,28,-0.571428571428571
5.0994,166,29,-0.857142857142857
5.0994,166,30,-0.678579058198798
5.0994,166,31,-0.678579058198798
5.0994,166,32,-0.749992370372631
5.0994,166,33,-0.892849513229774
5.0994,166,34,-0.892849513229774
5.0994,166,35,-0.892849513229774
5.0994,166,36,-0.892849513229774
5.0994,166,37,-0.892849513229774
5.0994,166,38,-0.892849513229774
5.0994,166,39,-0.892849513229774
5.0994,166,40,-0.678579058198798
5.0994,166,41,-0.678579058198798
5.0994,166,42,-0.857142857142857
5.0994,166,43,-0.642841883602405
5.0994,166,44,-0.250007629627369
5.0994,166,45,-0.642841883602405
5.0994,166,46,-0.892849513229774
5.0994,166,47,-0.892849513229774
5.0994,166,48,-0.892849513229774
5.0994,166,49,-0.892849513229774
5.0994,166,50,-0.892849513229774
5.0994,166,51,-0.964293343913083
5.0994,166,52,-0.964293343913083
5.0994,166,53,-0.964293343913083
5.0994,166,54,-0.749992370372631
5.0994,166,55,-0.964293343913083
5.0994,166,56,-0.964293343913083
5.0994,166,57,-0.964293343913083
5.0994,166,58,-0.857142857142857
5.0994,166,59,-0.892849513229774
5.0994,166,60,1
5.0994,166,61,0.964293343913083
5.0994,166,62,0.785699026459548
5.0994,166,63,0.964293343913083
5.0994,166,64,-0.964293343913083
5.0994,166,65,-0.857142857142857
5.0994,166,66,-0.892849513229774
5.0994,166,67,-0.892849513229774
5.0994,166,68,-0.892849513229774
5.0994,166,69,-0.892849513229774
5.0994,166,70,-0.892849513229774
5.0994,166,71,-0.857142857142857
5.0994,166,72,-0.892849513229774
5.0994,166,73,-0.892849513229774
5.0994,166,74,-0.82143620105594
5.0994,166,75,-0.285714285714286
5.0994,166,76,-0.857142857142857
5.0994,166,77,-0.857142857142857
5.0994,166,78,-0.892849513229774
5.0994,166,79,-0.892849513229774
5.0994,166,80,-0.892849513229774
5.0994,166,81,-0.857142857142857
5.0994,166,82,-0.892849513229774
5.0994,166,83,-0.892849513229774
5.0994,166,84,-0.857142857142857
5.0994,166,85,-0.892849513229774
5.0994,166,86,-0.892849513229774
5.0994,166,87,-0.892849513229774
5.0994,166,88,-0.857142857142857
5.0994,166,89,-0.892849513229774
5.0994,166,90,-0.892849513229774
5.0994,166,91,-0.892849513229774
5.0994,166,92,-0.892849513229774
5.0994,166,93,-0.892849513229774
5.0994,166,94,-0.892849513229774
5.0994,166,95,-0.892849513229774
5.0994,166,96,-0.892849513229774
5.0994,166,97,-0.892849513229774
5.0994,166,98,-0.892849513229774
5.0994,166,99,-0.892849513229774
5.0994,166,100,-0.892849513229774
5.0994,166,101,-0.892849513229774
5.0994,166,102,-0.892849513229774
5.0994,166,103,-0.892849513229774
5.0994,166,104,-0.892849513229774
5.0994,166,105,-0.892849513229774
5.0994,166,106,-0.892849513229774
5.0994,166,107,-1
5.1277,167,1,-1
5.1277,167,2,-1
5.1277,167,3,-0.964293343913083
5.1277,167,4,-1
5.1277,167,5,-0.964293343913083
5.1277,167,6,-1
5.1277,167,7,-1
5.1277,167,8,-1
5.1277,167,9,-1
5.1277,167,10,-0.964293343913083
5.1277,167,11,-0.964293343913083
5.1277,167,12,-0.82143620105594
5.1277,167,13,-0.714285714285714
5.1277,167,14,0.500015259254738
5.1277,167,15,0.357158116397595
5.1277,167,16,0.428571428571429
5.1277,167,17,0.749992370372631
5.1277,167,18,-0.535721915341655
5.1277,167,19,-0.964293343913083
5.1277,167,20,-0.964293343913083
5.1277,167,21,-0.785699026459548
5.1277,167,22,1
5.1277,167,23,-0.964293343913083
5.1277,167,24,-0.964293343913083
5.1277,167,25,-0.964293343913083
5.1277,167,26,-0.964293343913083
5.1277,167,27,-0.964293343913083
5.1277,167,28,-0.964293343913083
5.1277,167,29,-0.964293343913083
5.1277,167,30,-0.749992370372631
5.1277,167,31,-0.0357066560869167
5.1277,167,32,-0.678579058198798
5.1277,167,33,-0.678579058198798
5.1277,167,34,0.714285714285714
5.1277,167,35,1
5.1277,167,36,-0.857142857142857
5.1277,167,37,-0.857142857142857
5.1277,167,38,-0.82143620105594
5.1277,167,39,-0.857142857142857
5.1277,167,40,-0.607135227515488
5.1277,167,41,-0.857142857142857
5.1277,167,42,-0.714285714285714
5.1277,167,43,-0.857142857142857
5.1277,167,44,-0.857142857142857
5.1277,167,45,-0.857142857142857
5.1277,167,46,-0.857142857142857
5.1277,167,47,-0.749992370372631
5.1277,167,48,-0.678579058198798
5.1277,167,49,1
5.1277,167,50,-0.857142857142857
5.1277,167,51,-0.392864772484512
5.1277,167,52,-0.749992370372631
5.1277,167,53,-0.607135227515488
5.1277,167,54,-0.785699026459548
5.1277,167,55,-0.857142857142857
5.1277,167,56,-0.428571428571429
5.1277,167,57,-0.857142857142857
5.1277,167,58,-0.714285714285714
5.1277,167,59,-0.857142857142857
5.1277,167,60,-0.857142857142857
5.1277,167,61,1
5.1277,167,62,-0.535721915341655
5.1277,167,63,-0.857142857142857
5.1277,167,64,-0.857142857142857
5.1277,167,65,-0.535721915341655
5.1277,167,66,-0.749992370372631
5.1277,167,67,-0.857142857142857
5.1277,167,68,-0.357158116397595
5.1277,167,69,-0.785699026459548
5.1277,167,70,1
5.1277,167,71,-0.892849513229774
5.1277,167,72,-0.892849513229774
5.1277,167,73,-0.892849513229774
5.1277,167,74,-0.892849513229774
5.1277,167,75,-0.892849513229774
5.1277,167,76,-0.964293343913083
5.1277,167,77,-0.964293343913083
5.1277,167,78,-0.964293343913083
5.1277,167,79,-0.964293343913083
5.1277,167,80,-0.964293343913083
5.1277,167,81,-0.964293343913083
5.1277,167,82,-0.82143620105594
5.1277,167,83,-0.0357066560869167
5.1277,167,84,-0.642841883602405
5.1277,167,85,-0.892849513229774
5.1277,167,86,1
5.1277,167,87,-0.749992370372631
5.1277,167,88,-0.892849513229774
5.1277,167,89,-0.892849513229774
5.1277,167,90,-0.892849513229774
5.1277,167,91,-0.892849513229774
5.1277,167,92,-0.892849513229774
5.1277,167,93,-0.964293343913083
5.1277,167,94,-0.749992370372631
5.1277,167,95,-0.892849513229774
5.1277,167,96,0.749992370372631
5.1277,167,97,-0.428571428571429
5.1277,167,98,-0.892849513229774
5.1277,167,99,-0.82143620105594
5.1277,167,100,-0.892849513229774
5.1277,167,101,-0.749992370372631
5.1277,167,102,-0.571428571428571
5.1277,167,103,-0.892849513229774
5.1277,167,104,-0.892849513229774
5.1277,167,105,-0.892849513229774
5.1277,167,106,-0.892849513229774
5.1277,167,107,-0.892849513229774
5.1561,168,1,-0.571428571428571
5.1561,168,2,-0.571428571428571
5.1561,168,3,-0.892849513229774
5.1561,168,4,-0.785699026459548
5.1561,168,5,-0.892849513229774
5.1561,168,6,-0.892849513229774
5.1561,168,7,-0.892849513229774
5.1561,168,8,-0.892849513229774
5.1561,168,9,-0.892849513229774
5.1561,168,10,-0.892849513229774
5.1561,168,11,-0.857142857142857
5.1561,168,12,-0.892849513229774
5.1561,168,13,-0.785699026459548
5.1561,168,14,-0.892849513229774
5.1561,168,15,-0.892849513229774
5.1561,168,16,-0.535721915341655
5.1561,168,17,-0.571428571428571
5.1561,168,18,-0.892849513229774
5.1561,168,19,-0.500015259254738
5.1561,168,20,-0.500015259254738
5.1561,168,21,-0.892849513229774
5.1561,168,22,-0.892849513229774
5.1561,168,23,-0.892849513229774
5.1561,168,24,-0.892849513229774
5.1561,168,25,-0.964293343913083
5.1561,168,26,0.0714438306833094
5.1561,168,27,-0.678579058198798
5.1561,168,28,-0.892849513229774
5.1561,168,29,-0.892849513229774
5.1561,168,30,-0.892849513229774
5.1561,168,31,-0.892849513229774
5.1561,168,32,-0.892849513229774
5.1561,168,33,-0.714285714285714
5.1561,168,34,-0.964293343913083
5.1561,168,35,-0.964293343913083
5.1561,168,36,-0.892849513229774
5.1561,168,37,-0.964293343913083
5.1561,168,38,-0.964293343913083
5.1561,168,39,-0.892849513229774
5.1561,168,40,-0.964293343913083
5.1561,168,41,-0.964293343913083
5.1561,168,42,-0.857142857142857
5.1561,168,43,-0.964293343913083
5.1561,168,44,-0.964293343913083
5.1561,168,45,-0.964293343913083
5.1561,168,46,-0.964293343913083
5.1561,168,47,-0.964293343913083
5.1561,168,48,-0.892849513229774
5.1561,168,49,-0.964293343913083
5.1561,168,50,0.964293343913083
5.1561,168,51,0.321420941801202
5.1561,168,52,0.928586687826167
5.1561,168,53,-0.928556169316691
5.1561,168,54,-0.928556169316691
5.1561,168,55,-0.892849513229774
5.1561,168,56,0.964293343913083
5.1561,168,57,1
5.1561,168,58,-0.964293343913083
5.1561,168,59,0.785699026459548
5.1561,168,60,1
5.1561,168,61,0.964293343913083
5.1561,168,62,0.964293343913083
5.1561,168,63,0.392864772484512
5.1561,168,64,-0.142857142857143
5.1561,168,65,-0.964293343913083
5.1561,168,66,-0.964293343913083
5.1561,168,67,-0.964293343913083
5.1561,168,68,-0.964293343913083
5.1561,168,69,-0.964293343913083
5.1561,168,70,-0.964293343913083
5.1561,168,71,-0.964293343913083
5.1561,168,72,-0.964293343913083
5.1561,168,73,-0.892849513229774
5.1561,168,74,-0.964293343913083
5.1561,168,75,-0.964293343913083
5.1561,168,76,-0.964293343913083
5.1561,168,77,-0.964293343913083
5.1561,168,78,-0.928556169316691
5.1561,168,79,1
5.1561,168,80,0.964293343913083
5.1561,168,81,0.785699026459548
5.1561,168,82,0.928586687826167
5.1561,168,83,-0.964293343913083
5.1561,168,84,-0.964293343913083
5.1561,168,85,-0.964293343913083
5.1561,168,86,0.964293343913083
5.1561,168,87,-0.964293343913083
5.1561,168,88,-0.607135227515488
5.1561,168,89,-0.964293343913083
5.1561,168,90,-0.357158116397595
5.1561,168,91,-0.892849513229774
5.1561,168,92,-0.82143620105594
5.1561,168,93,-0.714285714285714
5.1561,168,94,-0.678579058198798
5.1561,168,95,-0.714285714285714
5.1561,168,96,-0.785699026459548
5.1561,168,97,-0.964293343913083
5.1561,168,98,-0.892849513229774
5.1561,168,99,-0.964293343913083
5.1561,168,100,-0.964293343913083
5.1561,168,101,1
5.1561,168,102,0.964293343913083
5.1561,168,103,0.82143620105594
5.1561,168,104,0.964293343913083
5.1561,168,105,-0.964293343913083
5.1561,168,106,-0.964293343913083
5.1561,168,107,-0.964293343913083
5.1845,169,1,-0.82143620105594
5.1845,169,2,-0.964293343913083
5.1845,169,3,-0.964293343913083
5.1845,169,4,-0.964293343913083
5.1845,169,5,-0.964293343913083
5.1845,169,6,-0.892849513229774
5.1845,169,7,-0.964293343913083
5.1845,169,8,-0.964293343913083
5.1845,169,9,-0.964293343913083
5.1845,169,10,-0.964293343913083
5.1845,169,11,-0.964293343913083
5.1845,169,12,-0.964293343913083
5.1845,169,13,-0.964293343913083
5.1845,169,14,-0.964293343913083
5.1845,169,15,-0.964293343913083
5.1845,169,16,-0.964293343913083
5.1845,169,17,-0.500015259254738
5.1845,169,18,-0.892849513229774
5.1845,169,19,-0.928556169316691
5.1845,169,20,-0.928556169316691
5.1845,169,21,-0.785699026459548
5.1845,169,22,-0.928556169316691
5.1845,169,23,0.964293343913083
5.1845,169,24,-0.964293343913083
5.1845,169,25,-0.285714285714286
5.1845,169,26,0.214300973540452
5.1845,169,27,0.892849513229774
5.1845,169,28,0.892849513229774
5.1845,169,29,0.714285714285714
5.1845,169,30,-0.464278084658345
5.1845,169,31,-0.964293343913083
5.1845,169,32,-0.964293343913083
5.1845,169,33,-0.964293343913083
5.1845,169,34,-0.964293343913083
5.1845,169,35,-0.964293343913083
5.1845,169,36,-0.857142857142857
5.1845,169,37,1
5.1845,169,38,0.964293343913083
5.1845,169,39,0.82143620105594
5.1845,169,40,1
5.1845,169,41,0.250007629627369
5.1845,169,42,-0.964293343913083
5.1845,169,43,-0.964293343913083
5.1845,169,44,-0.964293343913083
5.1845,169,45,-0.964293343913083
5.1845,169,46,0.964293343913083
5.1845,169,47,-0.964293343913083
5.1845,169,48,-0.964293343913083
5.1845,169,49,-0.964293343913083
5.1845,169,50,-0.857142857142857
5.1845,169,51,-0.857142857142857
5.1845,169,52,-0.857142857142857
5.1845,169,53,-0.964293343913083
5.1845,169,54,-0.964293343913083
5.1845,169,55,-0.857142857142857
5.1845,169,56,-0.857142857142857
5.1845,169,57,-0.857142857142857
5.1845,169,58,-0.964293343913083
5.1845,169,59,-0.964293343913083
5.1845,169,60,-0.964293343913083
5.1845,169,61,1
5.1845,169,62,0.964293343913083
5.1845,169,63,0.82143620105594
5.1845,169,64,0.964293343913083
5.1845,169,65,-0.964293343913083
5.1845,169,66,-0.82143620105594
5.1845,169,67,-0.892849513229774
5.1845,169,68,-0.892849513229774
5.1845,169,69,-0.892849513229774
5.1845,169,70,-0.857142857142857
5.1845,169,71,-0.857142857142857
5.1845,169,72,-0.857142857142857
5.1845,169,73,-0.892849513229774
5.1845,169,74,-0.857142857142857
5.1845,169,75,-0.892849513229774
5.1845,169,76,-0.892849513229774
5.1845,169,77,-0.0714133121738334
5.1845,169,78,-0.892849513229774
5.1845,169,79,-0.892849513229774
5.1845,169,80,-0.892849513229774
5.1845,169,81,-0.892849513229774
5.1845,169,82,-0.892849513229774
5.1845,169,83,-0.892849513229774
5.1845,169,84,-0.892849513229774
5.1845,169,85,-0.892849513229774
5.1845,169,86,-0.892849513229774
5.1845,169,87,-0.892849513229774
5.1845,169,88,-0.892849513229774
5.1845,169,89,-0.892849513229774
5.1845,169,90,-0.892849513229774
5.1845,169,91,-0.892849513229774
5.1845,169,92,-0.892849513229774
5.1845,169,93,-0.892849513229774
5.1845,169,94,-0.892849513229774
5.1845,169,95,-0.892849513229774
5.1845,169,96,-0.892849513229774
5.1845,169,97,-0.892849513229774
5.1845,169,98,-0.892849513229774
5.1845,169,99,-0.892849513229774
5.1845,169,100,-0.892849513229774
5.1845,169,101,-0.892849513229774
5.1845,169,102,-0.892849513229774
5.1845,169,103,-0.892849513229774
5.1845,169,104,-0.892849513229774
5.1845,169,105,-0.892849513229774
5.1845,169,106,-0.892849513229774
5.1845,169,107,-1
5.2129,170,1,-1
5.2129,170,2,-1
5.2129,170,3,-1
5.2129,170,4,-0.964293343913083
5.2129,170,5,-1
5.2129,170,6,-1
5.2129,170,7,-1
5.2129,170,8,-0.964293343913083
5.2129,170,9,-1
5.2129,170,10,-0.964293343913083
5.2129,170,11,-0.964293343913083
5.2129,170,12,-0.857142857142857
5.2129,170,13,-0.964293343913083
5.2129,170,14,-0.964293343913083
5.2129,170,15,-0.964293343913083
5.2129,170,16,-0.964293343913083
5.2129,170,17,-0.964293343913083
5.2129,170,18,0.428571428571429
5.2129,170,19,0.107150486770226
5.2129,170,20,0.785699026459548
5.2129,170,21,0.642841883602405
5.2129,170,22,-0.964293343913083
5.2129,170,23,-0.785699026459548
5.2129,170,24,1
5.2129,170,25,-0.964293343913083
5.2129,170,26,-0.964293343913083
5.2129,170,27,-0.714285714285714
5.2129,170,28,-0.892849513229774
5.2129,170,29,-0.892849513229774
5.2129,170,30,-0.892849513229774
5.2129,170,31,-0.392864772484512
5.2129,170,32,-0.892849513229774
5.2129,170,33,-0.892849513229774
5.2129,170,34,-0.892849513229774
5.2129,170,35,-0.892849513229774
5.2129,170,36,-0.464278084658345
5.2129,170,37,-0.464278084658345
5.2129,170,38,-0.500015259254738
5.2129,170,39,-0.892849513229774
5.2129,170,40,-0.892849513229774
5.2129,170,41,-0.892849513229774
5.2129,170,42,-0.857142857142857
5.2129,170,43,-0.428571428571429
5.2129,170,44,-0.464278084658345
5.2129,170,45,-0.892849513229774
5.2129,170,46,-0.892849513229774
5.2129,170,47,0.392864772484512
5.2129,170,48,-0.892849513229774
5.2129,170,49,-0.892849513229774
5.2129,170,50,-0.892849513229774
5.2129,170,51,-0.892849513229774
5.2129,170,52,-0.392864772484512
5.2129,170,53,-0.535721915341655
5.2129,170,54,-0.892849513229774
5.2129,170,55,-0.892849513229774
5.2129,170,56,-0.892849513229774
5.2129,170,57,-0.892849513229774
5.2129,170,58,-0.464278084658345
5.2129,170,59,-0.892849513229774
5.2129,170,60,0.214300973540452
5.2129,170,61,-0.571428571428571
5.2129,170,62,-0.892849513229774
5.2129,170,63,-0.892849513229774
5.2129,170,64,-0.892849513229774
5.2129,170,65,-0.892849513229774
5.2129,170,66,-0.892849513229774
5.2129,170,67,-0.785699026459548
5.2129,170,68,-0.892849513229774
5.2129,170,69,-0.892849513229774
5.2129,170,70,-0.892849513229774
5.2129,170,71,-0.892849513229774
5.2129,170,72,-0.678579058198798
5.2129,170,73,-0.892849513229774
5.2129,170,74,-0.785699026459548
5.2129,170,75,-0.892849513229774
5.2129,170,76,-0.892849513229774
5.2129,170,77,-0.785699026459548
5.2129,170,78,-0.428571428571429
5.2129,170,79,-0.500015259254738
5.2129,170,80,-0.892849513229774
5.2129,170,81,-0.892849513229774
5.2129,170,82,-0.535721915341655
5.2129,170,83,-0.571428571428571
5.2129,170,84,-0.892849513229774
5.2129,170,85,-0.892849513229774
5.2129,170,86,-0.892849513229774
5.2129,170,87,-0.749992370372631
5.2129,170,88,-0.892849513229774
5.2129,170,89,-0.214270455030976
5.2129,170,90,0.107150486770226
5.2129,170,91,-0.892849513229774
5.2129,170,92,-0.892849513229774
5.2129,170,93,-0.714285714285714
5.2129,170,94,-0.892849513229774
5.2129,170,95,-0.892849513229774
5.2129,170,96,-0.892849513229774
5.2129,170,97,-0.892849513229774
5.2129,170,98,-0.892849513229774
5.2129,170,99,-0.964293343913083
5.2129,170,100,-0.964293343913083
5.2129,170,101,-0.892849513229774
5.2129,170,102,-0.785699026459548
5.2129,170,103,-0.857142857142857
5.2129,170,104,-0.464278084658345
5.2129,170,105,-0.82143620105594
5.2129,170,106,-0.785699026459548
5.2129,170,107,-0.892849513229774
5.2412,171,1,-0.892849513229774
5.2412,171,2,-0.892849513229774
5.2412,171,3,-0.892849513229774
5.2412,171,4,-0.82143620105594
5.2412,171,5,-0.964293343913083
5.2412,171,6,-0.964293343913083
5.2412,171,7,-0.964293343913083
5.2412,171,8,-0.964293343913083
5.2412,171,9,-0.964293343913083
5.2412,171,10,-0.964293343913083
5.2412,171,11,-0.964293343913083
5.2412,171,12,-0.964293343913083
5.2412,171,13,-0.964293343913083
5.2412,171,14,-0.964293343913083
5.2412,171,15,-0.964293343913083
5.2412,171,16,-0.964293343913083
5.2412,171,17,-0.964293343913083
5.2412,171,18,-0.964293343913083
5.2412,171,19,-0.964293343913083
5.2412,171,20,-0.964293343913083
5.2412,171,21,-0.964293343913083
5.2412,171,22,-0.964293343913083
5.2412,171,23,-0.964293343913083
5.2412,171,24,-0.964293343913083
5.2412,171,25,-0.964293343913083
5.2412,171,26,-0.857142857142857
5.2412,171,27,-0.964293343913083
5.2412,171,28,-0.964293343913083
5.2412,171,29,-0.964293343913083
5.2412,171,30,-0.964293343913083
5.2412,171,31,-0.964293343913083
5.2412,171,32,-0.964293343913083
5.2412,171,33,-0.964293343913083
5.2412,171,34,-0.892849513229774
5.2412,171,35,-0.964293343913083
5.2412,171,36,-0.892849513229774
5.2412,171,37,-0.964293343913083
5.2412,171,38,1
5.2412,171,39,-0.892849513229774
5.2412,171,40,-0.928556169316691
5.2412,171,41,-0.928556169316691
5.2412,171,42,-0.928556169316691
5.2412,171,43,-0.928556169316691
5.2412,171,44,0.964293343913083
5.2412,171,45,0.964293343913083
5.2412,171,46,-0.82143620105594
5.2412,171,47,-0.749992370372631
5.2412,171,48,-0.357158116397595
5.2412,171,49,-0.321420941801202
5.2412,171,50,-0.321420941801202
5.2412,171,51,-0.964293343913083
5.2412,171,52,-0.964293343913083
5.2412,171,53,-0.749992370372631
5.2412,171,54,-0.214270455030976
5.2412,171,55,-0.964293343913083
5.2412,171,56,-0.964293343913083
5.2412,171,57,-0.964293343913083
5.2412,171,58,-0.642841883602405
5.2412,171,59,-0.82143620105594
5.2412,171,60,-0.857142857142857
5.2412,171,61,-0.892849513229774
5.2412,171,62,-0.857142857142857
5.2412,171,63,-0.749992370372631
5.2412,171,64,-0.785699026459548
5.2412,171,65,0.285714285714286
5.2412,171,66,-0.892849513229774
5.2412,171,67,0.285714285714286
5.2412,171,68,-0.392864772484512
5.2412,171,69,-0.892849513229774
5.2412,171,70,-0.357158116397595
5.2412,171,71,-0.892849513229774
5.2412,171,72,-0.892849513229774
5.2412,171,73,-0.892849513229774
5.2412,171,74,-0.892849513229774
5.2412,171,75,-0.571428571428571
5.2412,171,76,-0.892849513229774
5.2412,171,77,-0.892849513229774
5.2412,171,78,-0.642841883602405
5.2412,171,79,-0.857142857142857
5.2412,171,80,-0.892849513229774
5.2412,171,81,-0.964293343913083
5.2412,171,82,-0.892849513229774
5.2412,171,83,-0.964293343913083
5.2412,171,84,-0.964293343913083
5.2412,171,85,-0.964293343913083
5.2412,171,86,-0.892849513229774
5.2412,171,87,-0.964293343913083
5.2412,171,88,-0.928556169316691
5.2412,171,89,-0.928556169316691
5.2412,171,90,-0.964293343913083
5.2412,171,91,1
5.2412,171,92,1
5.2412,171,93,0.571428571428571
5.2412,171,94,1
5.2412,171,95,-0.964293343913083
5.2412,171,96,-0.964293343913083
5.2412,171,97,-0.964293343913083
5.2412,171,98,-0.964293343913083
5.2412,171,99,-0.964293343913083
5.2412,171,100,0.964293343913083
5.2412,171,101,-0.964293343913083
5.2412,171,102,-0.964293343913083
5.2412,171,103,-0.500015259254738
5.2412,171,104,-0.82143620105594
5.2412,171,105,-0.857142857142857
5.2412,171,106,-0.714285714285714
5.2412,171,107,-0.857142857142857
5.2696,172,1,-0.964293343913083
5.2696,172,2,-0.857142857142857
5.2696,172,3,-0.964293343913083
5.2696,172,4,-0.964293343913083
5.2696,172,5,-0.964293343913083
5.2696,172,6,-0.964293343913083
5.2696,172,7,1
5.2696,172,8,0.964293343913083
5.2696,172,9,0.571428571428571
5.2696,172,10,0.964293343913083
5.2696,172,11,-0.964293343913083
5.2696,172,12,-0.964293343913083
5.2696,172,13,-0.964293343913083
5.2696,172,14,-0.964293343913083
5.2696,172,15,-0.964293343913083
5.2696,172,16,-0.964293343913083
5.2696,172,17,-0.964293343913083
5.2696,172,18,-0.964293343913083
5.2696,172,19,-0.892849513229774
5.2696,172,20,-0.964293343913083
5.2696,172,21,-0.785699026459548
5.2696,172,22,-0.892849513229774
5.2696,172,23,-0.892849513229774
5.2696,172,24,-0.892849513229774
5.2696,172,25,-0.892849513229774
5.2696,172,26,-0.714285714285714
5.2696,172,27,-0.535721915341655
5.2696,172,28,-0.964293343913083
5.2696,172,29,-0.964293343913083
5.2696,172,30,-0.964293343913083
5.2696,172,31,-0.785699026459548
5.2696,172,32,-0.892849513229774
5.2696,172,33,-0.892849513229774
5.2696,172,34,-0.892849513229774
5.2696,172,35,-0.892849513229774
5.2696,172,36,-0.571428571428571
5.2696,172,37,-0.964293343913083
5.2696,172,38,-0.785699026459548
5.2696,172,39,-0.892849513229774
5.2696,172,40,-0.892849513229774
5.2696,172,41,-0.892849513229774
5.2696,172,42,-0.892849513229774
5.2696,172,43,-0.892849513229774
5.2696,172,44,-0.928556169316691
5.2696,172,45,-0.964293343913083
5.2696,172,46,-0.714285714285714
5.2696,172,47,-0.892849513229774
5.2696,172,48,-0.892849513229774
5.2696,172,49,-0.785699026459548
5.2696,172,50,-0.82143620105594
5.2696,172,51,-0.892849513229774
5.2696,172,52,-0.964293343913083
5.2696,172,53,-0.964293343913083
5.2696,172,54,-0.964293343913083
5.2696,172,55,-0.892849513229774
5.2696,172,56,1
5.2696,172,57,1
5.2696,172,58,0.571428571428571
5.2696,172,59,0.964293343913083
5.2696,172,60,-0.964293343913083
5.2696,172,61,-0.964293343913083
5.2696,172,62,-0.964293343913083
5.2696,172,63,-0.82143620105594
5.2696,172,64,-0.964293343913083
5.2696,172,65,-0.964293343913083
5.2696,172,66,-0.964293343913083
5.2696,172,67,-0.107150486770226
5.2696,172,68,-0.928556169316691
5.2696,172,69,-0.928556169316691
5.2696,172,70,-0.928556169316691
5.2696,172,71,-0.928556169316691
5.2696,172,72,-0.928556169316691
5.2696,172,73,-0.928556169316691
5.2696,172,74,0.964293343913083
5.2696,172,75,-0.142857142857143
5.2696,172,76,-0.964293343913083
5.2696,172,77,-0.857142857142857
5.2696,172,78,-0.428571428571429
5.2696,172,79,-0.571428571428571
5.2696,172,80,-0.357158116397595
5.2696,172,81,-0.642841883602405
5.2696,172,82,-0.964293343913083
5.2696,172,83,-0.964293343913083
5.2696,172,84,-0.964293343913083
5.2696,172,85,-0.964293343913083
5.2696,172,86,-0.964293343913083
5.2696,172,87,-0.964293343913083
5.2696,172,88,-0.928556169316691
5.2696,172,89,1
5.2696,172,90,1
5.2696,172,91,0.571428571428571
5.2696,172,92,1
5.2696,172,93,-0.964293343913083
5.2696,172,94,-0.964293343913083
5.2696,172,95,-0.964293343913083
5.2696,172,96,-0.964293343913083
5.2696,172,97,-0.964293343913083
5.2696,172,98,0.964293343913083
5.2696,172,99,-0.964293343913083
5.2696,172,100,-0.964293343913083
5.2696,172,101,-0.964293343913083
5.2696,172,102,-0.571428571428571
5.2696,172,103,-0.642841883602405
5.2696,172,104,-0.785699026459548
5.2696,172,105,-0.785699026459548
5.2696,172,106,-0.749992370372631
5.2696,172,107,-0.749992370372631
5.298,173,1,-0.785699026459548
5.298,173,2,-0.964293343913083
5.298,173,3,-0.857142857142857
5.298,173,4,-0.964293343913083
5.298,173,5,-0.964293343913083
5.298,173,6,-0.964293343913083
5.298,173,7,1
5.298,173,8,1
5.298,173,9,0.607135227515488
5.298,173,10,0.964293343913083
5.298,173,11,-0.964293343913083
5.298,173,12,-0.82143620105594
5.298,173,13,-0.892849513229774
5.298,173,14,-0.892849513229774
5.298,173,15,-0.892849513229774
5.298,173,16,-0.892849513229774
5.298,173,17,-0.892849513229774
5.298,173,18,-0.892849513229774
5.298,173,19,-0.892849513229774
5.298,173,20,-0.892849513229774
5.298,173,21,-0.892849513229774
5.298,173,22,-0.82143620105594
5.298,173,23,-0.857142857142857
5.298,173,24,-0.892849513229774
5.298,173,25,-0.892849513229774
5.298,173,26,-0.892849513229774
5.298,173,27,-0.857142857142857
5.298,173,28,-0.892849513229774
5.298,173,29,-0.892849513229774
5.298,173,30,-0.892849513229774
5.298,173,31,-0.892849513229774
5.298,173,32,-0.892849513229774
5.298,173,33,-0.892849513229774
5.298,173,34,-0.892849513229774
5.298,173,35,-0.892849513229774
5.298,173,36,-0.892849513229774
5.298,173,37,-0.892849513229774
5.298,173,38,-0.892849513229774
5.298,173,39,-0.892849513229774
5.298,173,40,-0.892849513229774
5.298,173,41,-0.892849513229774
5.298,173,42,-0.892849513229774
5.298,173,43,-0.892849513229774
5.298,173,44,-0.892849513229774
5.298,173,45,-0.892849513229774
5.298,173,46,-0.892849513229774
5.298,173,47,-0.857142857142857
5.298,173,48,-0.892849513229774
5.298,173,49,-0.892849513229774
5.298,173,50,-0.892849513229774
5.298,173,51,-0.892849513229774
5.298,173,52,-0.892849513229774
5.298,173,53,-0.892849513229774
5.298,173,54,-0.964293343913083
5.298,173,55,-1
5.298,173,56,-1
5.298,173,57,-1
5.298,173,58,-1
5.298,173,59,-1
5.298,173,60,-1
5.298,173,61,-1
5.298,173,62,-1
5.298,173,63,-1
5.298,173,64,-0.964293343913083
5.298,173,65,-0.928556169316691
5.298,173,66,-0.964293343913083
5.298,173,67,-0.857142857142857
5.298,173,68,-0.964293343913083
5.298,173,69,-0.964293343913083
5.298,173,70,-0.964293343913083
5.298,173,71,-0.964293343913083
5.298,173,72,-0.250007629627369
5.298,173,73,0.285714285714286
5.298,173,74,0.607135227515488
5.298,173,75,0.17856379894406
5.298,173,76,-0.964293343913083
5.298,173,77,-0.785699026459548
5.298,173,78,1
5.298,173,79,-0.892849513229774
5.298,173,80,0
5.298,173,81,-0.892849513229774
5.298,173,82,-0.714285714285714
5.298,173,83,-0.678579058198798
5.298,173,84,-0.892849513229774
5.298,173,85,-0.892849513229774
5.298,173,86,-0.892849513229774
5.298,173,87,-0.892849513229774
5.298,173,88,-0.964293343913083
5.298,173,89,-0.82143620105594
5.298,173,90,-0.964293343913083
5.298,173,91,-0.82143620105594
5.298,173,92,-0.892849513229774
5.298,173,93,-0.892849513229774
5.298,173,94,-0.892849513229774
5.298,173,95,-0.535721915341655
5.298,173,96,-0.785699026459548
5.298,173,97,-0.892849513229774
5.298,173,98,-0.892849513229774
5.298,173,99,-0.714285714285714
5.298,173,100,-0.892849513229774
5.298,173,101,-0.892849513229774
5.298,173,102,-0.892849513229774
5.298,173,103,-0.607135227515488
5.298,173,104,-0.571428571428571
5.298,173,105,-0.678579058198798
5.298,173,106,-0.892849513229774
5.298,173,107,-0.892849513229774
5.3264,174,1,0.392864772484512
5.3264,174,2,-0.892849513229774
5.3264,174,3,-0.892849513229774
5.3264,174,4,-0.892849513229774
5.3264,174,5,-0.892849513229774
5.3264,174,6,-0.892849513229774
5.3264,174,7,0.714285714285714
5.3264,174,8,-0.964293343913083
5.3264,174,9,-0.82143620105594
5.3264,174,10,-0.892849513229774
5.3264,174,11,-0.892849513229774
5.3264,174,12,-0.214270455030976
5.3264,174,13,-0.892849513229774
5.3264,174,14,-0.892849513229774
5.3264,174,15,-0.500015259254738
5.3264,174,16,-0.964293343913083
5.3264,174,17,-0.785699026459548
5.3264,174,18,-0.892849513229774
5.3264,174,19,-0.892849513229774
5.3264,174,20,-0.357158116397595
5.3264,174,21,-0.571428571428571
5.3264,174,22,-0.642841883602405
5.3264,174,23,-0.892849513229774
5.3264,174,24,-0.892849513229774
5.3264,174,25,-0.892849513229774
5.3264,174,26,-0.785699026459548
5.3264,174,27,-0.571428571428571
5.3264,174,28,-0.892849513229774
5.3264,174,29,-0.892849513229774
5.3264,174,30,-0.464278084658345
5.3264,174,31,-0.892849513229774
5.3264,174,32,-0.892849513229774
5.3264,174,33,-0.892849513229774
5.3264,174,34,-0.892849513229774
5.3264,174,35,-0.892849513229774
5.3264,174,36,-0.892849513229774
5.3264,174,37,-0.892849513229774
5.3264,174,38,-0.892849513229774
5.3264,174,39,-0.964293343913083
5.3264,174,40,-0.892849513229774
5.3264,174,41,-0.964293343913083
5.3264,174,42,-0.964293343913083
5.3264,174,43,-0.82143620105594
5.3264,174,44,-0.82143620105594
5.3264,174,45,-0.571428571428571
5.3264,174,46,-0.857142857142857
5.3264,174,47,-0.82143620105594
5.3264,174,48,-0.321420941801202
5.3264,174,49,-0.392864772484512
5.3264,174,50,-0.785699026459548
5.3264,174,51,-0.142857142857143
5.3264,174,52,-0.285714285714286
5.3264,174,53,-0.892849513229774
5.3264,174,54,-0.464278084658345
5.3264,174,55,-0.500015259254738
5.3264,174,56,-0.571428571428571
5.3264,174,57,-0.82143620105594
5.3264,174,58,-0.785699026459548
5.3264,174,59,-0.678579058198798
5.3264,174,60,-0.892849513229774
5.3264,174,61,-0.892849513229774
5.3264,174,62,-0.892849513229774
5.3264,174,63,-0.892849513229774
5.3264,174,64,-0.892849513229774
5.3264,174,65,-0.892849513229774
5.3264,174,66,-0.964293343913083
5.3264,174,67,-0.964293343913083
5.3264,174,68,-0.964293343913083
5.3264,174,69,-0.964293343913083
5.3264,174,70,-0.964293343913083
5.3264,174,71,-0.964293343913083
5.3264,174,72,-0.964293343913083
5.3264,174,73,-0.964293343913083
5.3264,174,74,-0.964293343913083
5.3264,174,75,-0.964293343913083
5.3264,174,76,-0.892849513229774
5.3264,174,77,-0.964293343913083
5.3264,174,78,-0.964293343913083
5.3264,174,79,-0.964293343913083
5.3264,174,80,-0.964293343913083
5.3264,174,81,-0.964293343913083
5.3264,174,82,-0.964293343913083
5.3264,174,83,-0.964293343913083
5.3264,174,84,-0.964293343913083
5.3264,174,85,-0.964293343913083
5.3264,174,86,-0.964293343913083
5.3264,174,87,-0.857142857142857
5.3264,174,88,-0.964293343913083
5.3264,174,89,-0.964293343913083
5.3264,174,90,-0.964293343913083
5.3264,174,91,-0.892849513229774
5.3264,174,92,-0.964293343913083
5.3264,174,93,-0.964293343913083
5.3264,174,94,-0.964293343913083
5.3264,174,95,-0.964293343913083
5.3264,174,96,-0.964293343913083
5.3264,174,97,-0.964293343913083
5.3264,174,98,-0.964293343913083
5.3264,174,99,-0.964293343913083
5.3264,174,100,-0.892849513229774
5.3264,174,101,-0.964293343913083
5.3264,174,102,-0.857142857142857
5.3264,174,103,-0.964293343913083
5.3264,174,104,-0.964293343913083
5.3264,174,105,-0.964293343913083
5.3264,174,106,-0.964293343913083
5.3264,174,107,-0.964293343913083
5.3547,175,1,-0.892849513229774
5.3547,175,2,-0.964293343913083
5.3547,175,3,-0.964293343913083
5.3547,175,4,-0.964293343913083
5.3547,175,5,-0.964293343913083
5.3547,175,6,-0.964293343913083
5.3547,175,7,-0.964293343913083
5.3547,175,8,-0.964293343913083
5.3547,175,9,-0.892849513229774
5.3547,175,10,-0.785699026459548
5.3547,175,11,1
5.3547,175,12,1
5.3547,175,13,0.571428571428571
5.3547,175,14,0.928586687826167
5.3547,175,15,-0.928556169316691
5.3547,175,16,-0.928556169316691
5.3547,175,17,-0.928556169316691
5.3547,175,18,-0.928556169316691
5.3547,175,19,0.964293343913083
5.3547,175,20,0.785699026459548
5.3547,175,21,-0.964293343913083
5.3547,175,22,-0.857142857142857
5.3547,175,23,-0.785699026459548
5.3547,175,24,-0.785699026459548
5.3547,175,25,-0.857142857142857
5.3547,175,26,-0.857142857142857
5.3547,175,27,-0.857142857142857
5.3547,175,28,-0.892849513229774
5.3547,175,29,-0.749992370372631
5.3547,175,30,-0.82143620105594
5.3547,175,31,-0.857142857142857
5.3547,175,32,-0.964293343913083
5.3547,175,33,-0.892849513229774
5.3547,175,34,-0.964293343913083
5.3547,175,35,-0.964293343913083
5.3547,175,36,1
5.3547,175,37,1
5.3547,175,38,0.535721915341655
5.3547,175,39,0.964293343913083
5.3547,175,40,-0.964293343913083
5.3547,175,41,-0.964293343913083
5.3547,175,42,-0.964293343913083
5.3547,175,43,-0.82143620105594
5.3547,175,44,-0.964293343913083
5.3547,175,45,-0.964293343913083
5.3547,175,46,-0.964293343913083
5.3547,175,47,-0.964293343913083
5.3547,175,48,-0.892849513229774
5.3547,175,49,-0.964293343913083
5.3547,175,50,-0.964293343913083
5.3547,175,51,-0.964293343913083
5.3547,175,52,-0.964293343913083
5.3547,175,53,-0.964293343913083
5.3547,175,54,-0.964293343913083
5.3547,175,55,-0.964293343913083
5.3547,175,56,-0.964293343913083
5.3547,175,57,-0.964293343913083
5.3547,175,58,-0.964293343913083
5.3547,175,59,-0.964293343913083
5.3547,175,60,-0.964293343913083
5.3547,175,61,-0.964293343913083
5.3547,175,62,-0.964293343913083
5.3547,175,63,-0.857142857142857
5.3547,175,64,-0.964293343913083
5.3547,175,65,-0.964293343913083
5.3547,175,66,-0.964293343913083
5.3547,175,67,-0.964293343913083
5.3547,175,68,-0.964293343913083
5.3547,175,69,0.785699026459548
5.3547,175,70,-0.892849513229774
5.3547,175,71,-0.928556169316691
5.3547,175,72,-0.928556169316691
5.3547,175,73,-0.928556169316691
5.3547,175,74,-0.928556169316691
5.3547,175,75,-0.964293343913083
5.3547,175,76,0.82143620105594
5.3547,175,77,-0.964293343913083
5.3547,175,78,-0.785699026459548
5.3547,175,79,-0.82143620105594
5.3547,175,80,-0.964293343913083
5.3547,175,81,-0.964293343913083
5.3547,175,82,-0.964293343913083
5.3547,175,83,-0.82143620105594
5.3547,175,84,1
5.3547,175,85,1
5.3547,175,86,0.535721915341655
5.3547,175,87,1
5.3547,175,88,-0.964293343913083
5.3547,175,89,-0.964293343913083
5.3547,175,90,-0.964293343913083
5.3547,175,91,-0.964293343913083
5.3547,175,92,-0.964293343913083
5.3547,175,93,0.964293343913083
5.3547,175,94,0.714285714285714
5.3547,175,95,-0.285714285714286
5.3547,175,96,-0.357158116397595
5.3547,175,97,-0.428571428571429
5.3547,175,98,-0.857142857142857
5.3547,175,99,-0.857142857142857
5.3547,175,100,-0.857142857142857
5.3547,175,101,-0.964293343913083
5.3547,175,102,-0.964293343913083
5.3547,175,103,1
5.3547,175,104,0.964293343913083
5.3547,175,105,0.535721915341655
5.3547,175,106,0.964293343913083
5.3547,175,107,-0.964293343913083
5.3831,176,1,-0.892849513229774
5.3831,176,2,-0.857142857142857
5.3831,176,3,-0.892849513229774
5.3831,176,4,-0.892849513229774
5.3831,176,5,-0.892849513229774
5.3831,176,6,-0.892849513229774
5.3831,176,7,-0.892849513229774
5.3831,176,8,-0.892849513229774
5.3831,176,9,-0.892849513229774
5.3831,176,10,-0.892849513229774
5.3831,176,11,-0.892849513229774
5.3831,176,12,-0.892849513229774
5.3831,176,13,-0.892849513229774
5.3831,176,14,-0.892849513229774
5.3831,176,15,-0.892849513229774
5.3831,176,16,-0.892849513229774
5.3831,176,17,-0.892849513229774
5.3831,176,18,-0.892849513229774
5.3831,176,19,-0.892849513229774
5.3831,176,20,-0.892849513229774
5.3831,176,21,-0.892849513229774
5.3831,176,22,-0.892849513229774
5.3831,176,23,-0.892849513229774
5.3831,176,24,-0.892849513229774
5.3831,176,25,-0.892849513229774
5.3831,176,26,-0.892849513229774
5.3831,176,27,-0.892849513229774
5.3831,176,28,-0.892849513229774
5.3831,176,29,-0.892849513229774
5.3831,176,30,-0.892849513229774
5.3831,176,31,-0.892849513229774
5.3831,176,32,-0.892849513229774
5.3831,176,33,-0.892849513229774
5.3831,176,34,-0.892849513229774
5.3831,176,35,-0.892849513229774
5.3831,176,36,-0.892849513229774
5.3831,176,37,-0.892849513229774
5.3831,176,38,-0.892849513229774
5.3831,176,39,-0.892849513229774
5.3831,176,40,-0.892849513229774
5.3831,176,41,-0.892849513229774
5.3831,176,42,-0.964293343913083
5.3831,176,43,-1
5.3831,176,44,-1
5.3831,176,45,-1
5.3831,176,46,-1
5.3831,176,47,-1
5.3831,176,48,-0.964293343913083
5.3831,176,49,-1
5.3831,176,50,-1
5.3831,176,51,-1
5.3831,176,52,-0.964293343913083
5.3831,176,53,-0.964293343913083
5.3831,176,54,-0.464278084658345
5.3831,176,55,-0.964293343913083
5.3831,176,56,-0.785699026459548
5.3831,176,57,1
5.3831,176,58,-0.964293343913083
5.3831,176,59,-0.964293343913083
5.3831,176,60,-0.964293343913083
5.3831,176,61,1
5.3831,176,62,0.964293343913083
5.3831,176,63,0.535721915341655
5.3831,176,64,0.964293343913083
5.3831,176,65,-0.964293343913083
5.3831,176,66,-0.82143620105594
5.3831,176,67,-0.607135227515488
5.3831,176,68,-0.892849513229774
5.3831,176,69,-0.785699026459548
5.3831,176,70,-0.857142857142857
5.3831,176,71,-0.785699026459548
5.3831,176,72,-0.714285714285714
5.3831,176,73,-0.535721915341655
5.3831,176,74,-0.535721915341655
5.3831,176,75,-0.535721915341655
5.3831,176,76,-0.857142857142857
5.3831,176,77,-0.82143620105594
5.3831,176,78,-0.642841883602405
5.3831,176,79,-0.321420941801202
5.3831,176,80,-0.464278084658345
5.3831,176,81,-0.857142857142857
5.3831,176,82,-0.857142857142857
5.3831,176,83,-0.250007629627369
5.3831,176,84,-0.571428571428571
5.3831,176,85,-0.571428571428571
5.3831,176,86,-0.642841883602405
5.3831,176,87,-0.678579058198798
5.3831,176,88,-0.642841883602405
5.3831,176,89,-0.785699026459548
5.3831,176,90,1
5.3831,176,91,1
5.3831,176,92,1
5.3831,176,93,1
5.3831,176,94,1
5.3831,176,95,1
5.3831,176,96,0.285714285714286
5.3831,176,97,-0.535721915341655
5.3831,176,98,-0.428571428571429
5.3831,176,99,1
5.3831,176,100,1
5.3831,176,101,-0.535721915341655
5.3831,176,102,-0.535721915341655
5.3831,176,103,1
5.3831,176,104,1
5.3831,176,105,0.571428571428571
5.3831,176,106,-0.285714285714286
5.3831,176,107,-0.535721915341655
5.4115,177,1,-0.535721915341655
5.4115,177,2,0.607135227515488
5.4115,177,3,-0.142857142857143
5.4115,177,4,1
5.4115,177,5,1
5.4115,177,6,0.964293343913083
5.4115,177,7,-0.214270455030976
5.4115,177,8,-0.535721915341655
5.4115,177,9,-0.535721915341655
5.4115,177,10,-0.535721915341655
5.4115,177,11,0.392864772484512
5.4115,177,12,1
5.4115,177,13,1
5.4115,177,14,1
5.4115,177,15,1
5.4115,177,16,0.964293343913083
5.4115,177,17,-0.0357066560869167
5.4115,177,18,-0.500015259254738
5.4115,177,19,-0.535721915341655
5.4115,177,20,-0.500015259254738
5.4115,177,21,0.642841883602405
5.4115,177,22,0.964293343913083
5.4115,177,23,0.500015259254738
5.4115,177,24,-0.500015259254738
5.4115,177,25,0.82143620105594
5.4115,177,26,1
5.4115,177,27,1
5.4115,177,28,1
5.4115,177,29,0.642841883602405
5.4115,177,30,-0.214270455030976
5.4115,177,31,-0.535721915341655
5.4115,177,32,0.17856379894406
5.4115,177,33,1
5.4115,177,34,-0.142857142857143
5.4115,177,35,-0.535721915341655
5.4115,177,36,0.357158116397595
5.4115,177,37,1
5.4115,177,38,1
5.4115,177,39,1
5.4115,177,40,1
5.4115,177,41,0.285714285714286
5.4115,177,42,-0.571428571428571
5.4115,177,43,-0.535721915341655
5.4115,177,44,-0.535721915341655
5.4115,177,45,-0.428571428571429
5.4115,177,46,0.535721915341655
5.4115,177,47,1
5.4115,177,48,1
5.4115,177,49,1
5.4115,177,50,1
5.4115,177,51,0.82143620105594
5.4115,177,52,-0.321420941801202
5.4115,177,53,-0.535721915341655
5.4115,177,54,-0.535721915341655
5.4115,177,55,-0.392864772484512
5.4115,177,56,0.82143620105594
5.4115,177,57,1
5.4115,177,58,1
5.4115,177,59,1
5.4115,177,60,0.964293343913083
5.4115,177,61,-0.357158116397595
5.4115,177,62,-0.500015259254738
5.4115,177,63,1
5.4115,177,64,-0.535721915341655
5.4115,177,65,-0.535721915341655
5.4115,177,66,-0.678579058198798
5.4115,177,67,1
5.4115,177,68,0
5.4115,177,69,-0.535721915341655
5.4115,177,70,-0.857142857142857
5.4115,177,71,-0.82143620105594
5.4115,177,72,1
5.4115,177,73,-0.857142857142857
5.4115,177,74,1
5.4115,177,75,-0.714285714285714
5.4115,177,76,-0.857142857142857
5.4115,177,77,-0.892849513229774
5.4115,177,78,1
5.4115,177,79,-0.0714133121738334
5.4115,177,80,1
5.4115,177,81,-0.892849513229774
5.4115,177,82,-0.892849513229774
5.4115,177,83,-0.892849513229774
5.4115,177,84,-0.892849513229774
5.4115,177,85,-0.964293343913083
5.4115,177,86,-0.964293343913083
5.4115,177,87,-0.964293343913083
5.4115,177,88,-0.964293343913083
5.4115,177,89,-0.964293343913083
5.4115,177,90,-0.964293343913083
5.4115,177,91,-0.964293343913083
5.4115,177,92,-0.964293343913083
5.4115,177,93,-0.928556169316691
5.4115,177,94,-0.892849513229774
5.4115,177,95,-0.857142857142857
5.4115,177,96,-0.857142857142857
5.4115,177,97,-0.964293343913083
5.4115,177,98,1
5.4115,177,99,0.464278084658345
5.4115,177,100,-0.214270455030976
5.4115,177,101,-0.964293343913083
5.4115,177,102,-0.964293343913083
5.4115,177,103,-0.964293343913083
5.4115,177,104,-0.964293343913083
5.4115,177,105,0.964293343913083
5.4115,177,106,0.964293343913083
5.4115,177,107,0.107150486770226
5.4399,178,1,-0.285714285714286
5.4399,178,2,-0.250007629627369
5.4399,178,3,0.214300973540452
5.4399,178,4,-0.964293343913083
5.4399,178,5,-0.964293343913083
5.4399,178,6,-0.678579058198798
5.4399,178,7,-0.892849513229774
5.4399,178,8,-0.964293343913083
5.4399,178,9,-0.964293343913083
5.4399,178,10,-0.964293343913083
5.4399,178,11,-0.785699026459548
5.4399,178,12,1
5.4399,178,13,1
5.4399,178,14,0.571428571428571
5.4399,178,15,0.964293343913083
5.4399,178,16,-0.964293343913083
5.4399,178,17,0
5.4399,178,18,-0.928556169316691
5.4399,178,19,-0.928556169316691
5.4399,178,20,-0.928556169316691
5.4399,178,21,-0.928556169316691
5.4399,178,22,-0.928556169316691
5.4399,178,23,0.964293343913083
5.4399,178,24,0.964293343913083
5.4399,178,25,-0.964293343913083
5.4399,178,26,-0.857142857142857
5.4399,178,27,-0.892849513229774
5.4399,178,28,-0.892849513229774
5.4399,178,29,-0.892849513229774
5.4399,178,30,-0.892849513229774
5.4399,178,31,-0.892849513229774
5.4399,178,32,-0.892849513229774
5.4399,178,33,-0.857142857142857
5.4399,178,34,-0.964293343913083
5.4399,178,35,-0.82143620105594
5.4399,178,36,-0.928556169316691
5.4399,178,37,-0.928556169316691
5.4399,178,38,-0.928556169316691
5.4399,178,39,-0.928556169316691
5.4399,178,40,-0.928556169316691
5.4399,178,41,-0.928556169316691
5.4399,178,42,-0.928556169316691
5.4399,178,43,-0.928556169316691
5.4399,178,44,-0.964293343913083
5.4399,178,45,-0.964293343913083
5.4399,178,46,-0.964293343913083
5.4399,178,47,-0.964293343913083
5.4399,178,48,-0.964293343913083
5.4399,178,49,-0.964293343913083
5.4399,178,50,-0.964293343913083
5.4399,178,51,-0.964293343913083
5.4399,178,52,-0.964293343913083
5.4399,178,53,-0.964293343913083
5.4399,178,54,-0.964293343913083
5.4399,178,55,-0.964293343913083
5.4399,178,56,-0.964293343913083
5.4399,178,57,-0.964293343913083
5.4399,178,58,-0.964293343913083
5.4399,178,59,-0.250007629627369
5.4399,178,60,-0.964293343913083
5.4399,178,61,-0.964293343913083
5.4399,178,62,-0.857142857142857
5.4399,178,63,1
5.4399,178,64,1
5.4399,178,65,0.571428571428571
5.4399,178,66,0.964293343913083
5.4399,178,67,-0.964293343913083
5.4399,178,68,-0.964293343913083
5.4399,178,69,-0.964293343913083
5.4399,178,70,-0.892849513229774
5.4399,178,71,-0.964293343913083
5.4399,178,72,-0.749992370372631
5.4399,178,73,-0.214270455030976
5.4399,178,74,-0.928556169316691
5.4399,178,75,-0.928556169316691
5.4399,178,76,-0.928556169316691
5.4399,178,77,0.571428571428571
5.4399,178,78,-0.964293343913083
5.4399,178,79,-0.964293343913083
5.4399,178,80,-0.321420941801202
5.4399,178,81,1
5.4399,178,82,1
5.4399,178,83,0.964293343913083
5.4399,178,84,-0.964293343913083
5.4399,178,85,-0.749992370372631
5.4399,178,86,-0.964293343913083
5.4399,178,87,-0.82143620105594
5.4399,178,88,-0.964293343913083
5.4399,178,89,-0.964293343913083
5.4399,178,90,-0.964293343913083
5.4399,178,91,-0.964293343913083
5.4399,178,92,-0.964293343913083
5.4399,178,93,-0.964293343913083
5.4399,178,94,1
5.4399,178,95,1
5.4399,178,96,0.571428571428571
5.4399,178,97,0.928586687826167
5.4399,178,98,-0.964293343913083
5.4399,178,99,-0.964293343913083
5.4399,178,100,-0.964293343913083
5.4399,178,101,-0.964293343913083
5.4399,178,102,0.964293343913083
5.4399,178,103,-0.964293343913083
5.4399,178,104,-0.964293343913083
5.4399,178,105,-0.964293343913083
5.4399,178,106,-0.392864772484512
5.4399,178,107,-0.571428571428571
5.4682,179,1,-0.714285714285714
5.4682,179,2,-0.714285714285714
5.4682,179,3,-0.714285714285714
5.4682,179,4,-0.749992370372631
5.4682,179,5,-0.749992370372631
5.4682,179,6,-0.964293343913083
5.4682,179,7,-0.857142857142857
5.4682,179,8,-0.82143620105594
5.4682,179,9,-0.964293343913083
5.4682,179,10,-0.964293343913083
5.4682,179,11,1
5.4682,179,12,1
5.4682,179,13,0.571428571428571
5.4682,179,14,0.964293343913083
5.4682,179,15,-0.964293343913083
5.4682,179,16,-0.82143620105594
5.4682,179,17,-0.892849513229774
5.4682,179,18,-0.892849513229774
5.4682,179,19,-0.892849513229774
5.4682,179,20,-0.892849513229774
5.4682,179,21,-0.892849513229774
5.4682,179,22,-0.892849513229774
5.4682,179,23,-0.892849513229774
5.4682,179,24,-0.892849513229774
5.4682,179,25,-0.892849513229774
5.4682,179,26,-0.892849513229774
5.4682,179,27,-0.892849513229774
5.4682,179,28,-0.892849513229774
5.4682,179,29,-0.892849513229774
5.4682,179,30,-0.892849513229774
5.4682,179,31,-0.892849513229774
5.4682,179,32,-0.892849513229774
5.4682,179,33,-0.892849513229774
5.4682,179,34,-0.892849513229774
5.4682,179,35,-0.892849513229774
5.4682,179,36,-0.892849513229774
5.4682,179,37,-0.892849513229774
5.4682,179,38,-0.892849513229774
5.4682,179,39,-0.892849513229774
5.4682,179,40,-0.892849513229774
5.4682,179,41,-0.892849513229774
5.4682,179,42,-0.892849513229774
5.4682,179,43,-0.892849513229774
5.4682,179,44,-0.892849513229774
5.4682,179,45,-0.892849513229774
5.4682,179,46,-0.892849513229774
5.4682,179,47,-0.892849513229774
5.4682,179,48,-0.892849513229774
5.4682,179,49,-0.892849513229774
5.4682,179,50,-0.892849513229774
5.4682,179,51,-0.892849513229774
5.4682,179,52,-0.892849513229774
5.4682,179,53,-0.892849513229774
5.4682,179,54,-0.892849513229774
5.4682,179,55,-0.892849513229774
5.4682,179,56,-0.892849513229774
5.4682,179,57,-0.892849513229774
5.4682,179,58,-1
5.4682,179,59,-1
5.4682,179,60,-1
5.4682,179,61,-1
5.4682,179,62,-1
5.4682,179,63,-1
5.4682,179,64,-1
5.4682,179,65,-1
5.4682,179,66,-1
5.4682,179,67,-1
5.4682,179,68,-0.964293343913083
5.4682,179,69,-0.964293343913083
5.4682,179,70,-0.964293343913083
5.4682,179,71,-0.428571428571429
5.4682,179,72,-0.964293343913083
5.4682,179,73,-0.964293343913083
5.4682,179,74,-0.785699026459548
5.4682,179,75,1
5.4682,179,76,-0.964293343913083
5.4682,179,77,-0.964293343913083
5.4682,179,78,-0.964293343913083
5.4682,179,79,-0.964293343913083
5.4682,179,80,-0.642841883602405
5.4682,179,81,-0.964293343913083
5.4682,179,82,-0.964293343913083
5.4682,179,83,-0.892849513229774
5.4682,179,84,-0.892849513229774
5.4682,179,85,-0.785699026459548
5.4682,179,86,-0.892849513229774
5.4682,179,87,-0.892849513229774
5.4682,179,88,-0.82143620105594
5.4682,179,89,-0.892849513229774
5.4682,179,90,-0.892849513229774
5.4682,179,91,-0.749992370372631
5.4682,179,92,-0.892849513229774
5.4682,179,93,-0.892849513229774
5.4682,179,94,-0.892849513229774
5.4682,179,95,-0.892849513229774
5.4682,179,96,-0.749992370372631
5.4682,179,97,-0.892849513229774
5.4682,179,98,-0.892849513229774
5.4682,179,99,-0.892849513229774
5.4682,179,100,-0.749992370372631
5.4682,179,101,-0.892849513229774
5.4682,179,102,-0.892849513229774
5.4682,179,103,-0.749992370372631
5.4682,179,104,-0.892849513229774
5.4682,179,105,-0.785699026459548
5.4682,179,106,-0.892849513229774
5.4682,179,107,-0.892849513229774
5.4966,180,1,-0.82143620105594
5.4966,180,2,-0.749992370372631
5.4966,180,3,-0.892849513229774
5.4966,180,4,-0.82143620105594
5.4966,180,5,-0.857142857142857
5.4966,180,6,-0.892849513229774
5.4966,180,7,-0.857142857142857
5.4966,180,8,-0.892849513229774
5.4966,180,9,-0.892849513229774
5.4966,180,10,-0.892849513229774
5.4966,180,11,-0.749992370372631
5.4966,180,12,-0.607135227515488
5.4966,180,13,-0.892849513229774
5.4966,180,14,-0.857142857142857
5.4966,180,15,-0.892849513229774
5.4966,180,16,-0.892849513229774
5.4966,180,17,-0.892849513229774
5.4966,180,18,-0.892849513229774
5.4966,180,19,-0.892849513229774
5.4966,180,20,-0.892849513229774
5.4966,180,21,-0.82143620105594
5.4966,180,22,-0.892849513229774
5.4966,180,23,-0.892849513229774
5.4966,180,24,-0.892849513229774
5.4966,180,25,-0.892849513229774
5.4966,180,26,-0.892849513229774
5.4966,180,27,-0.714285714285714
5.4966,180,28,-0.892849513229774
5.4966,180,29,-0.535721915341655
5.4966,180,30,-0.571428571428571
5.4966,180,31,-0.892849513229774
5.4966,180,32,-0.892849513229774
5.4966,180,33,-0.892849513229774
5.4966,180,34,-0.857142857142857
5.4966,180,35,-0.82143620105594
5.4966,180,36,-0.428571428571429
5.4966,180,37,-0.571428571428571
5.4966,180,38,-0.500015259254738
5.4966,180,39,-0.535721915341655
5.4966,180,40,-0.892849513229774
5.4966,180,41,-0.892849513229774
5.4966,180,42,-0.892849513229774
5.4966,180,43,-0.892849513229774
5.4966,180,44,-0.964293343913083
5.4966,180,45,-0.892849513229774
5.4966,180,46,-0.892849513229774
5.4966,180,47,-0.714285714285714
5.4966,180,48,-0.892849513229774
5.4966,180,49,-0.749992370372631
5.4966,180,50,-0.82143620105594
5.4966,180,51,-0.535721915341655
5.4966,180,52,0.785699026459548
5.4966,180,53,-0.892849513229774
5.4966,180,54,-0.892849513229774
5.4966,180,55,-0.892849513229774
5.4966,180,56,-0.892849513229774
5.4966,180,57,-0.964293343913083
5.4966,180,58,-0.964293343913083
5.4966,180,59,-0.964293343913083
5.4966,180,60,-0.964293343913083
5.4966,180,61,-0.964293343913083
5.4966,180,62,-0.964293343913083
5.4966,180,63,-0.964293343913083
5.4966,180,64,-0.964293343913083
5.4966,180,65,-0.964293343913083
5.4966,180,66,-0.964293343913083
5.4966,180,67,-0.749992370372631
5.4966,180,68,0.964293343913083
5.4966,180,69,1
5.4966,180,70,0.571428571428571
5.4966,180,71,0.964293343913083
5.4966,180,72,-0.964293343913083
5.4966,180,73,-0.964293343913083
5.4966,180,74,-0.964293343913083
5.4966,180,75,-0.82143620105594
5.4966,180,76,-0.964293343913083
5.4966,180,77,-0.964293343913083
5.4966,180,78,0.928586687826167
5.4966,180,79,-0.892849513229774
5.4966,180,80,-0.17856379894406
5.4966,180,81,-0.928556169316691
5.4966,180,82,-0.892849513229774
5.4966,180,83,-0.928556169316691
5.4966,180,84,0.964293343913083
5.4966,180,85,-0.749992370372631
5.4966,180,86,-0.82143620105594
5.4966,180,87,-0.250007629627369
5.4966,180,88,1
5.4966,180,89,0.964293343913083
5.4966,180,90,0.428571428571429
5.4966,180,91,-0.964293343913083
5.4966,180,92,-0.964293343913083
5.4966,180,93,0.464278084658345
5.4966,180,94,-0.892849513229774
5.4966,180,95,-0.964293343913083
5.4966,180,96,-0.964293343913083
5.4966,180,97,-0.964293343913083
5.4966,180,98,-0.642841883602405
5.4966,180,99,1
5.4966,180,100,1
5.4966,180,101,0.571428571428571
5.4966,180,102,0.928586687826167
5.4966,180,103,-0.964293343913083
5.4966,180,104,-0.82143620105594
5.4966,180,105,-0.964293343913083
5.4966,180,106,-0.964293343913083
5.4966,180,107,-0.964293343913083
5.525,181,1,-0.82143620105594
5.525,181,2,0.607135227515488
5.525,181,3,-0.928556169316691
5.525,181,4,-0.928556169316691
5.525,181,5,-0.928556169316691
5.525,181,6,-0.928556169316691
5.525,181,7,-0.928556169316691
5.525,181,8,0.964293343913083
5.525,181,9,-0.964293343913083
5.525,181,10,-0.82143620105594
5.525,181,11,-0.964293343913083
5.525,181,12,-0.964293343913083
5.525,181,13,-0.857142857142857
5.525,181,14,-0.857142857142857
5.525,181,15,-0.964293343913083
5.525,181,16,-0.857142857142857
5.525,181,17,-0.857142857142857
5.525,181,18,-0.857142857142857
5.525,181,19,-0.964293343913083
5.525,181,20,-0.857142857142857
5.525,181,21,-0.964293343913083
5.525,181,22,-0.964293343913083
5.525,181,23,-0.785699026459548
5.525,181,24,0.964293343913083
5.525,181,25,1
5.525,181,26,0.571428571428571
5.525,181,27,0.892849513229774
5.525,181,28,-0.964293343913083
5.525,181,29,-0.892849513229774
5.525,181,30,-0.892849513229774
5.525,181,31,-0.928556169316691
5.525,181,32,-0.928556169316691
5.525,181,33,-0.928556169316691
5.525,181,34,-0.928556169316691
5.525,181,35,0.964293343913083
5.525,181,36,-0.857142857142857
5.525,181,37,-0.749992370372631
5.525,181,38,0.142857142857143
5.525,181,39,0.749992370372631
5.525,181,40,0.785699026459548
5.525,181,41,0.749992370372631
5.525,181,42,0.107150486770226
5.525,181,43,-0.964293343913083
5.525,181,44,-0.749992370372631
5.525,181,45,-0.857142857142857
5.525,181,46,-0.928556169316691
5.525,181,47,-0.928556169316691
5.525,181,48,-0.928556169316691
5.525,181,49,-0.928556169316691
5.525,181,50,-0.928556169316691
5.525,181,51,-0.964293343913083
5.525,181,52,-0.928556169316691
5.525,181,53,-0.964293343913083
5.525,181,54,0.500015259254738
5.525,181,55,-0.964293343913083
5.525,181,56,-0.928556169316691
5.525,181,57,-0.964293343913083
5.525,181,58,0.964293343913083
5.525,181,59,1
5.525,181,60,0.571428571428571
5.525,181,61,0.857142857142857
5.525,181,62,-0.964293343913083
5.525,181,63,-0.82143620105594
5.525,181,64,-0.892849513229774
5.525,181,65,-0.892849513229774
5.525,181,66,-0.892849513229774
5.525,181,67,-0.892849513229774
5.525,181,68,-0.892849513229774
5.525,181,69,-0.892849513229774
5.525,181,70,-0.892849513229774
5.525,181,71,-0.892849513229774
5.525,181,72,-0.892849513229774
5.525,181,73,-0.82143620105594
5.525,181,74,-0.785699026459548
5.525,181,75,-0.857142857142857
5.525,181,76,-0.892849513229774
5.525,181,77,-0.892849513229774
5.525,181,78,-0.892849513229774
5.525,181,79,-0.892849513229774
5.525,181,80,-0.892849513229774
5.525,181,81,-0.892849513229774
5.525,181,82,-0.892849513229774
5.525,181,83,-0.892849513229774
5.525,181,84,-0.892849513229774
5.525,181,85,-0.892849513229774
5.525,181,86,-0.892849513229774
5.525,181,87,-0.892849513229774
5.525,181,88,-0.892849513229774
5.525,181,89,-0.892849513229774
5.525,181,90,-0.892849513229774
5.525,181,91,-0.892849513229774
5.525,181,92,-0.892849513229774
5.525,181,93,-0.892849513229774
5.525,181,94,-0.892849513229774
5.525,181,95,-0.892849513229774
5.525,181,96,-0.892849513229774
5.525,181,97,-0.892849513229774
5.525,181,98,-0.892849513229774
5.525,181,99,-0.892849513229774
5.525,181,100,-0.892849513229774
5.525,181,101,-0.892849513229774
5.525,181,102,-0.892849513229774
5.525,181,103,-0.892849513229774
5.525,181,104,-0.892849513229774
5.525,181,105,-1
5.525,181,106,-1
5.525,181,107,-1
5.5534,182,1,-1
5.5534,182,2,-1
5.5534,182,3,-1
5.5534,182,4,-1
5.5534,182,5,-1
5.5534,182,6,-1
5.5534,182,7,-1
5.5534,182,8,-0.964293343913083
5.5534,182,9,-0.964293343913083
5.5534,182,10,-0.82143620105594
5.5534,182,11,0.214300973540452
5.5534,182,12,0.17856379894406
5.5534,182,13,0.642841883602405
5.5534,182,14,0.392864772484512
5.5534,182,15,0.428571428571429
5.5534,182,16,0.857142857142857
5.5534,182,17,0.892849513229774
5.5534,182,18,0.714285714285714
5.5534,182,19,-0.535721915341655
5.5534,182,20,-0.964293343913083
5.5534,182,21,-0.785699026459548
5.5534,182,22,1
5.5534,182,23,-0.964293343913083
5.5534,182,24,-0.964293343913083
5.5534,182,25,-0.785699026459548
5.5534,182,26,-0.892849513229774
5.5534,182,27,-0.82143620105594
5.5534,182,28,-0.892849513229774
5.5534,182,29,-0.892849513229774
5.5534,182,30,-0.892849513229774
5.5534,182,31,-0.892849513229774
5.5534,182,32,-0.892849513229774
5.5534,182,33,-0.464278084658345
5.5534,182,34,-0.464278084658345
5.5534,182,35,-0.892849513229774
5.5534,182,36,-0.892849513229774
5.5534,182,37,-0.892849513229774
5.5534,182,38,0.392864772484512
5.5534,182,39,-0.500015259254738
5.5534,182,40,-0.892849513229774
5.5534,182,41,-0.892849513229774
5.5534,182,42,-0.892849513229774
5.5534,182,43,-0.642841883602405
5.5534,182,44,-0.571428571428571
5.5534,182,45,-0.571428571428571
5.5534,182,46,-0.892849513229774
5.5534,182,47,-0.785699026459548
5.5534,182,48,-0.892849513229774
5.5534,182,49,-0.892849513229774
5.5534,182,50,-0.892849513229774
5.5534,182,51,-0.892849513229774
5.5534,182,52,-0.892849513229774
5.5534,182,53,-0.785699026459548
5.5534,182,54,-0.892849513229774
5.5534,182,55,-0.892849513229774
5.5534,182,56,-0.892849513229774
5.5534,182,57,-0.892849513229774
5.5534,182,58,-0.428571428571429
5.5534,182,59,-0.785699026459548
5.5534,182,60,-0.892849513229774
5.5534,182,61,-0.892849513229774
5.5534,182,62,-0.857142857142857
5.5534,182,63,-0.749992370372631
5.5534,182,64,-0.571428571428571
5.5534,182,65,-0.892849513229774
5.5534,182,66,-0.678579058198798
5.5534,182,67,-0.892849513229774
5.5534,182,68,-0.892849513229774
5.5534,182,69,-0.892849513229774
5.5534,182,70,-0.82143620105594
5.5534,182,71,-0.749992370372631
5.5534,182,72,-0.464278084658345
5.5534,182,73,-0.892849513229774
5.5534,182,74,-0.892849513229774
5.5534,182,75,-0.82143620105594
5.5534,182,76,-0.428571428571429
5.5534,182,77,-0.607135227515488
5.5534,182,78,-0.892849513229774
5.5534,182,79,-0.892849513229774
5.5534,182,80,-0.357158116397595
5.5534,182,81,-0.500015259254738
5.5534,182,82,-0.607135227515488
5.5534,182,83,-0.892849513229774
5.5534,182,84,-0.500015259254738
5.5534,182,85,-0.749992370372631
5.5534,182,86,-0.892849513229774
5.5534,182,87,-0.892849513229774
5.5534,182,88,-0.892849513229774
5.5534,182,89,-0.857142857142857
5.5534,182,90,-0.892849513229774
5.5534,182,91,-0.964293343913083
5.5534,182,92,-0.964293343913083
5.5534,182,93,-0.785699026459548
5.5534,182,94,-0.857142857142857
5.5534,182,95,-0.857142857142857
5.5534,182,96,-0.82143620105594
5.5534,182,97,-0.107150486770226
5.5534,182,98,-0.250007629627369
5.5534,182,99,-0.571428571428571
5.5534,182,100,-0.892849513229774
5.5534,182,101,-0.892849513229774
5.5534,182,102,-0.892849513229774
5.5534,182,103,-0.892849513229774
5.5534,182,104,-0.749992370372631
5.5534,182,105,-0.964293343913083
5.5534,182,106,-0.964293343913083
5.5534,182,107,-0.964293343913083
5.5817,183,1,-0.857142857142857
5.5817,183,2,-0.964293343913083
5.5817,183,3,-0.964293343913083
5.5817,183,4,-0.749992370372631
5.5817,183,5,-0.964293343913083
5.5817,183,6,-0.964293343913083
5.5817,183,7,-0.964293343913083
5.5817,183,8,-0.964293343913083
5.5817,183,9,-0.892849513229774
5.5817,183,10,-0.857142857142857
5.5817,183,11,-0.82143620105594
5.5817,183,12,-0.928556169316691
5.5817,183,13,-0.749992370372631
5.5817,183,14,-0.857142857142857
5.5817,183,15,-0.857142857142857
5.5817,183,16,-0.857142857142857
5.5817,183,17,-0.785699026459548
5.5817,183,18,-0.392864772484512
5.5817,183,19,-0.0714133121738334
5.5817,183,20,1
5.5817,183,21,1
5.5817,183,22,-0.535721915341655
5.5817,183,23,-0.535721915341655
5.5817,183,24,0.714285714285714
5.5817,183,25,1
5.5817,183,26,1
5.5817,183,27,0.714285714285714
5.5817,183,28,-0.535721915341655
5.5817,183,29,0.714285714285714
5.5817,183,30,1
5.5817,183,31,1
5.5817,183,32,1
5.5817,183,33,-0.428571428571429
5.5817,183,34,-0.392864772484512
5.5817,183,35,1
5.5817,183,36,1
5.5817,183,37,1
5.5817,183,38,1
5.5817,183,39,1
5.5817,183,40,0.82143620105594
5.5817,183,41,0.0714438306833094
5.5817,183,42,-0.535721915341655
5.5817,183,43,0.107150486770226
5.5817,183,44,1
5.5817,183,45,0.0357066560869167
5.5817,183,46,-0.678579058198798
5.5817,183,47,1
5.5817,183,48,0.857142857142857
5.5817,183,49,0.214300973540452
5.5817,183,50,0.785699026459548
5.5817,183,51,1
5.5817,183,52,-0.642841883602405
5.5817,183,53,1
5.5817,183,54,-0.464278084658345
5.5817,183,55,-0.928556169316691
5.5817,183,56,1
5.5817,183,57,-0.785699026459548
5.5817,183,58,1
5.5817,183,59,0.892849513229774
5.5817,183,60,1
5.5817,183,61,1
5.5817,183,62,-0.82143620105594
5.5817,183,63,-0.500015259254738
5.5817,183,64,1
5.5817,183,65,-0.392864772484512
5.5817,183,66,1
5.5817,183,67,-0.892849513229774
5.5817,183,68,-0.892849513229774
5.5817,183,69,-0.82143620105594
5.5817,183,70,-0.892849513229774
5.5817,183,71,-0.964293343913083
5.5817,183,72,-0.964293343913083
5.5817,183,73,-0.964293343913083
5.5817,183,74,-0.964293343913083
5.5817,183,75,-0.964293343913083
5.5817,183,76,-0.964293343913083
5.5817,183,77,-0.964293343913083
5.5817,183,78,-0.785699026459548
5.5817,183,79,-0.250007629627369
5.5817,183,80,0.321420941801202
5.5817,183,81,-0.928556169316691
5.5817,183,82,-0.928556169316691
5.5817,183,83,-0.928556169316691
5.5817,183,84,-0.928556169316691
5.5817,183,85,0.964293343913083
5.5817,183,86,-0.0714133121738334
5.5817,183,87,0.678579058198798
5.5817,183,88,-0.0357066560869167
5.5817,183,89,0.964293343913083
5.5817,183,90,0.535721915341655
5.5817,183,91,-0.678579058198798
5.5817,183,92,-0.964293343913083
5.5817,183,93,-0.892849513229774
5.5817,183,94,-0.892849513229774
5.5817,183,95,-0.964293343913083
5.5817,183,96,-0.964293343913083
5.5817,183,97,-0.964293343913083
5.5817,183,98,-0.82143620105594
5.5817,183,99,-0.464278084658345
5.5817,183,100,-0.892849513229774
5.5817,183,101,-0.892849513229774
5.5817,183,102,-0.892849513229774
5.5817,183,103,-0.964293343913083
5.5817,183,104,-0.607135227515488
5.5817,183,105,-0.357158116397595
5.5817,183,106,0.321420941801202
5.5817,183,107,-0.892849513229774
5.6101,184,1,-0.892849513229774
5.6101,184,2,-0.892849513229774
5.6101,184,3,-0.892849513229774
5.6101,184,4,-0.964293343913083
5.6101,184,5,-0.964293343913083
5.6101,184,6,-0.964293343913083
5.6101,184,7,-0.642841883602405
5.6101,184,8,0.964293343913083
5.6101,184,9,1
5.6101,184,10,0.749992370372631
5.6101,184,11,0.964293343913083
5.6101,184,12,-0.964293343913083
5.6101,184,13,-0.464278084658345
5.6101,184,14,0.0714438306833094
5.6101,184,15,-0.928556169316691
5.6101,184,16,-0.928556169316691
5.6101,184,17,-0.928556169316691
5.6101,184,18,-0.928556169316691
5.6101,184,19,-0.928556169316691
5.6101,184,20,0.964293343913083
5.6101,184,21,-0.964293343913083
5.6101,184,22,-0.964293343913083
5.6101,184,23,-0.964293343913083
5.6101,184,24,-0.82143620105594
5.6101,184,25,-0.892849513229774
5.6101,184,26,-0.892849513229774
5.6101,184,27,-0.82143620105594
5.6101,184,28,-0.892849513229774
5.6101,184,29,-0.82143620105594
5.6101,184,30,-0.964293343913083
5.6101,184,31,-0.857142857142857
5.6101,184,32,-0.964293343913083
5.6101,184,33,-0.82143620105594
5.6101,184,34,-0.964293343913083
5.6101,184,35,-0.964293343913083
5.6101,184,36,-0.964293343913083
5.6101,184,37,-0.964293343913083
5.6101,184,38,-0.964293343913083
5.6101,184,39,0.964293343913083
5.6101,184,40,1
5.6101,184,41,0.749992370372631
5.6101,184,42,0.964293343913083
5.6101,184,43,-0.964293343913083
5.6101,184,44,-0.964293343913083
5.6101,184,45,-0.964293343913083
5.6101,184,46,-0.964293343913083
5.6101,184,47,-0.964293343913083
5.6101,184,48,-0.892849513229774
5.6101,184,49,-0.964293343913083
5.6101,184,50,-0.964293343913083
5.6101,184,51,-0.857142857142857
5.6101,184,52,0.964293343913083
5.6101,184,53,1
5.6101,184,54,0.749992370372631
5.6101,184,55,0.964293343913083
5.6101,184,56,-0.964293343913083
5.6101,184,57,-0.964293343913083
5.6101,184,58,-0.964293343913083
5.6101,184,59,-0.857142857142857
5.6101,184,60,0.964293343913083
5.6101,184,61,1
5.6101,184,62,0.714285714285714
5.6101,184,63,0.964293343913083
5.6101,184,64,-0.964293343913083
5.6101,184,65,-0.964293343913083
5.6101,184,66,-0.964293343913083
5.6101,184,67,-0.82143620105594
5.6101,184,68,-0.964293343913083
5.6101,184,69,-0.964293343913083
5.6101,184,70,-0.964293343913083
5.6101,184,71,-0.964293343913083
5.6101,184,72,-0.892849513229774
5.6101,184,73,-0.964293343913083
5.6101,184,74,-0.964293343913083
5.6101,184,75,-0.964293343913083
5.6101,184,76,-0.964293343913083
5.6101,184,77,-0.964293343913083
5.6101,184,78,-0.964293343913083
5.6101,184,79,-0.964293343913083
5.6101,184,80,-0.964293343913083
5.6101,184,81,-0.964293343913083
5.6101,184,82,-0.964293343913083
5.6101,184,83,-0.964293343913083
5.6101,184,84,-0.964293343913083
5.6101,184,85,-0.964293343913083
5.6101,184,86,-0.964293343913083
5.6101,184,87,-0.964293343913083
5.6101,184,88,-0.0357066560869167
5.6101,184,89,0.142857142857143
5.6101,184,90,-0.0714133121738334
5.6101,184,91,-0.928556169316691
5.6101,184,92,-0.928556169316691
5.6101,184,93,-0.928556169316691
5.6101,184,94,-0.785699026459548
5.6101,184,95,0.964293343913083
5.6101,184,96,-0.964293343913083
5.6101,184,97,-0.964293343913083
5.6101,184,98,-0.964293343913083
5.6101,184,99,-0.857142857142857
5.6101,184,100,0.964293343913083
5.6101,184,101,1
5.6101,184,102,0.749992370372631
5.6101,184,103,1
5.6101,184,104,0.107150486770226
5.6101,184,105,-0.964293343913083
5.6101,184,106,-0.964293343913083
5.6101,184,107,-0.964293343913083
5.6385,185,1,-0.964293343913083
5.6385,185,2,0.964293343913083
5.6385,185,3,-0.964293343913083
5.6385,185,4,-0.964293343913083
5.6385,185,5,-0.964293343913083
5.6385,185,6,0.107150486770226
5.6385,185,7,-0.0714133121738334
5.6385,185,8,-0.500015259254738
5.6385,185,9,-0.428571428571429
5.6385,185,10,-0.714285714285714
5.6385,185,11,-0.642841883602405
5.6385,185,12,-0.714285714285714
5.6385,185,13,-0.857142857142857
5.6385,185,14,-0.964293343913083
5.6385,185,15,-0.892849513229774
5.6385,185,16,-0.964293343913083
5.6385,185,17,-0.964293343913083
5.6385,185,18,0.964293343913083
5.6385,185,19,1
5.6385,185,20,0.749992370372631
5.6385,185,21,0.964293343913083
5.6385,185,22,-0.964293343913083
5.6385,185,23,-0.964293343913083
5.6385,185,24,-0.678579058198798
5.6385,185,25,-0.964293343913083
5.6385,185,26,-0.964293343913083
5.6385,185,27,-0.892849513229774
5.6385,185,28,-0.857142857142857
5.6385,185,29,-0.892849513229774
5.6385,185,30,-0.857142857142857
5.6385,185,31,-0.857142857142857
5.6385,185,32,-0.892849513229774
5.6385,185,33,-0.892849513229774
5.6385,185,34,-0.857142857142857
5.6385,185,35,-0.892849513229774
5.6385,185,36,-0.857142857142857
5.6385,185,37,-0.892849513229774
5.6385,185,38,-0.892849513229774
5.6385,185,39,-0.857142857142857
5.6385,185,40,-0.892849513229774
5.6385,185,41,-0.892849513229774
5.6385,185,42,-0.857142857142857
5.6385,185,43,-0.857142857142857
5.6385,185,44,-0.892849513229774
5.6385,185,45,-0.857142857142857
5.6385,185,46,-0.857142857142857
5.6385,185,47,-0.892849513229774
5.6385,185,48,-0.857142857142857
5.6385,185,49,-0.857142857142857
5.6385,185,50,-0.892849513229774
5.6385,185,51,-0.857142857142857
5.6385,185,52,-0.857142857142857
5.6385,185,53,-0.892849513229774
5.6385,185,54,-0.857142857142857
5.6385,185,55,-0.857142857142857
5.6385,185,56,-0.892849513229774
5.6385,185,57,-0.857142857142857
5.6385,185,58,-0.892849513229774
5.6385,185,59,-0.892849513229774
5.6385,185,60,-0.857142857142857
5.6385,185,61,-0.857142857142857
5.6385,185,62,-0.892849513229774
5.6385,185,63,-0.857142857142857
5.6385,185,64,-0.892849513229774
5.6385,185,65,-0.892849513229774
5.6385,185,66,-0.892849513229774
5.6385,185,67,-0.892849513229774
5.6385,185,68,-0.892849513229774
5.6385,185,69,-0.964293343913083
5.6385,185,70,-0.964293343913083
5.6385,185,71,-0.964293343913083
5.6385,185,72,-0.964293343913083
5.6385,185,73,-1
5.6385,185,74,-0.964293343913083
5.6385,185,75,-0.964293343913083
5.6385,185,76,-0.964293343913083
5.6385,185,77,-0.964293343913083
5.6385,185,78,-0.964293343913083
5.6385,185,79,-0.964293343913083
5.6385,185,80,-0.964293343913083
5.6385,185,81,-0.892849513229774
5.6385,185,82,-0.964293343913083
5.6385,185,83,-0.964293343913083
5.6385,185,84,-0.964293343913083
5.6385,185,85,0.464278084658345
5.6385,185,86,0.17856379894406
5.6385,185,87,-0.107150486770226
5.6385,185,88,0.17856379894406
5.6385,185,89,-0.428571428571429
5.6385,185,90,-0.500015259254738
5.6385,185,91,-0.464278084658345
5.6385,185,92,-0.285714285714286
5.6385,185,93,0.500015259254738
5.6385,185,94,0.214300973540452
5.6385,185,95,-0.250007629627369
5.6385,185,96,0.357158116397595
5.6385,185,97,0.642841883602405
5.6385,185,98,0.714285714285714
5.6385,185,99,-0.464278084658345
5.6385,185,100,-0.964293343913083
5.6385,185,101,1
5.6385,185,102,0.535721915341655
5.6385,185,103,0.0357066560869167
5.6385,185,104,-0.892849513229774
5.6385,185,105,-0.678579058198798
5.6385,185,106,-0.892849513229774
5.6385,185,107,-0.892849513229774
5.6669,186,1,-0.892849513229774
5.6669,186,2,-0.892849513229774
5.6669,186,3,-0.892849513229774
5.6669,186,4,-0.964293343913083
5.6669,186,5,-0.964293343913083
5.6669,186,6,-0.857142857142857
5.6669,186,7,-0.892849513229774
5.6669,186,8,-0.892849513229774
5.6669,186,9,-0.892849513229774
5.6669,186,10,-0.892849513229774
5.6669,186,11,-0.892849513229774
5.6669,186,12,-0.892849513229774
5.6669,186,13,-0.464278084658345
5.6669,186,14,-0.892849513229774
5.6669,186,15,-0.892849513229774
5.6669,186,16,-0.892849513229774
5.6669,186,17,0.0714438306833094
5.6669,186,18,-0.607135227515488
5.6669,186,19,-0.892849513229774
5.6669,186,20,-0.82143620105594
5.6669,186,21,-0.892849513229774
5.6669,186,22,-0.749992370372631
5.6669,186,23,-0.500015259254738
5.6669,186,24,-0.571428571428571
5.6669,186,25,-0.892849513229774
5.6669,186,26,-0.892849513229774
5.6669,186,27,-0.892849513229774
5.6669,186,28,-0.892849513229774
5.6669,186,29,-0.892849513229774
5.6669,186,30,-0.785699026459548
5.6669,186,31,-0.892849513229774
5.6669,186,32,-0.892849513229774
5.6669,186,33,0.500015259254738
5.6669,186,34,-0.535721915341655
5.6669,186,35,-0.892849513229774
5.6669,186,36,-0.892849513229774
5.6669,186,37,-0.785699026459548
5.6669,186,38,-0.892849513229774
5.6669,186,39,-0.892849513229774
5.6669,186,40,-0.892849513229774
5.6669,186,41,-0.892849513229774
5.6669,186,42,-0.785699026459548
5.6669,186,43,-0.892849513229774
5.6669,186,44,-0.857142857142857
5.6669,186,45,-0.678579058198798
5.6669,186,46,-0.571428571428571
5.6669,186,47,-0.892849513229774
5.6669,186,48,-0.785699026459548
5.6669,186,49,-0.892849513229774
5.6669,186,50,-0.892849513229774
5.6669,186,51,-0.82143620105594
5.6669,186,52,-0.892849513229774
5.6669,186,53,-0.892849513229774
5.6669,186,54,-0.857142857142857
5.6669,186,55,-0.82143620105594
5.6669,186,56,-0.749992370372631
5.6669,186,57,-0.892849513229774
5.6669,186,58,0.357158116397595
5.6669,186,59,-0.892849513229774
5.6669,186,60,-0.892849513229774
5.6669,186,61,-0.964293343913083
5.6669,186,62,-0.964293343913083
5.6669,186,63,-0.749992370372631
5.6669,186,64,-0.464278084658345
5.6669,186,65,-0.82143620105594
5.6669,186,66,-0.892849513229774
5.6669,186,67,-0.892849513229774
5.6669,186,68,-0.892849513229774
5.6669,186,69,-0.892849513229774
5.6669,186,70,-0.82143620105594
5.6669,186,71,-0.964293343913083
5.6669,186,72,-0.892849513229774
5.6669,186,73,-0.964293343913083
5.6669,186,74,-0.964293343913083
5.6669,186,75,-0.964293343913083
5.6669,186,76,-0.964293343913083
5.6669,186,77,-0.964293343913083
5.6669,186,78,-0.964293343913083
5.6669,186,79,-0.964293343913083
5.6669,186,80,-0.964293343913083
5.6669,186,81,-0.964293343913083
5.6669,186,82,-0.964293343913083
5.6669,186,83,-0.964293343913083
5.6669,186,84,-0.964293343913083
5.6669,186,85,-0.964293343913083
5.6669,186,86,-0.964293343913083
5.6669,186,87,-0.928556169316691
5.6669,186,88,-0.964293343913083
5.6669,186,89,-0.964293343913083
5.6669,186,90,-0.964293343913083
5.6669,186,91,-0.964293343913083
5.6669,186,92,-0.964293343913083
5.6669,186,93,-0.964293343913083
5.6669,186,94,-0.964293343913083
5.6669,186,95,-0.964293343913083
5.6669,186,96,-0.964293343913083
5.6669,186,97,-0.964293343913083
5.6669,186,98,-0.964293343913083
5.6669,186,99,-0.964293343913083
5.6669,186,100,-0.964293343913083
5.6669,186,101,-0.928556169316691
5.6669,186,102,0.964293343913083
5.6669,186,103,1
5.6669,186,104,0.678579058198798
5.6669,186,105,0.928586687826167
5.6669,186,106,-0.964293343913083
5.6669,186,107,-0.0357066560869167
5.6952,187,1,0.500015259254738
5.6952,187,2,-0.964293343913083
5.6952,187,3,-0.964293343913083
5.6952,187,4,-0.964293343913083
5.6952,187,5,-0.964293343913083
5.6952,187,6,-0.964293343913083
5.6952,187,7,0.964293343913083
5.6952,187,8,-0.964293343913083
5.6952,187,9,-0.964293343913083
5.6952,187,10,-0.964293343913083
5.6952,187,11,-0.964293343913083
5.6952,187,12,-0.857142857142857
5.6952,187,13,-0.214270455030976
5.6952,187,14,-0.749992370372631
5.6952,187,15,-0.785699026459548
5.6952,187,16,-0.82143620105594
5.6952,187,17,-0.464278084658345
5.6952,187,18,-0.464278084658345
5.6952,187,19,-0.17856379894406
5.6952,187,20,-0.500015259254738
5.6952,187,21,-0.82143620105594
5.6952,187,22,-0.642841883602405
5.6952,187,23,-0.357158116397595
5.6952,187,24,-0.428571428571429
5.6952,187,25,-0.749992370372631
5.6952,187,26,-0.892849513229774
5.6952,187,27,-0.892849513229774
5.6952,187,28,-0.785699026459548
5.6952,187,29,-0.857142857142857
5.6952,187,30,-0.785699026459548
5.6952,187,31,-0.82143620105594
5.6952,187,32,-0.82143620105594
5.6952,187,33,-0.642841883602405
5.6952,187,34,-0.749992370372631
5.6952,187,35,-0.749992370372631
5.6952,187,36,-0.785699026459548
5.6952,187,37,-0.82143620105594
5.6952,187,38,-0.892849513229774
5.6952,187,39,-0.892849513229774
5.6952,187,40,-0.892849513229774
5.6952,187,41,-0.892849513229774
5.6952,187,42,-0.892849513229774
5.6952,187,43,-0.964293343913083
5.6952,187,44,-0.964293343913083
5.6952,187,45,-0.964293343913083
5.6952,187,46,-0.714285714285714
5.6952,187,47,0.964293343913083
5.6952,187,48,0.964293343913083
5.6952,187,49,0.642841883602405
5.6952,187,50,0.964293343913083
5.6952,187,51,-0.964293343913083
5.6952,187,52,-0.964293343913083
5.6952,187,53,-0.785699026459548
5.6952,187,54,-0.892849513229774
5.6952,187,55,-0.607135227515488
5.6952,187,56,-0.892849513229774
5.6952,187,57,-0.892849513229774
5.6952,187,58,-0.892849513229774
5.6952,187,59,-0.892849513229774
5.6952,187,60,-0.964293343913083
5.6952,187,61,-0.964293343913083
5.6952,187,62,-0.964293343913083
5.6952,187,63,-0.857142857142857
5.6952,187,64,-0.892849513229774
5.6952,187,65,-0.82143620105594
5.6952,187,66,0.964293343913083
5.6952,187,67,1
5.6952,187,68,0.642841883602405
5.6952,187,69,1
5.6952,187,70,-0.0714133121738334
5.6952,187,71,-0.964293343913083
5.6952,187,72,-0.964293343913083
5.6952,187,73,-0.964293343913083
5.6952,187,74,-0.964293343913083
5.6952,187,75,0.964293343913083
5.6952,187,76,-0.964293343913083
5.6952,187,77,-0.857142857142857
5.6952,187,78,-0.857142857142857
5.6952,187,79,-0.357158116397595
5.6952,187,80,-0.428571428571429
5.6952,187,81,-0.250007629627369
5.6952,187,82,-0.857142857142857
5.6952,187,83,-0.82143620105594
5.6952,187,84,-0.892849513229774
5.6952,187,85,-0.857142857142857
5.6952,187,86,-0.964293343913083
5.6952,187,87,-0.964293343913083
5.6952,187,88,-0.892849513229774
5.6952,187,89,-0.964293343913083
5.6952,187,90,-0.964293343913083
5.6952,187,91,0.964293343913083
5.6952,187,92,0.964293343913083
5.6952,187,93,0.642841883602405
5.6952,187,94,0.964293343913083
5.6952,187,95,-0.964293343913083
5.6952,187,96,-0.964293343913083
5.6952,187,97,-0.964293343913083
5.6952,187,98,0.964293343913083
5.6952,187,99,-0.892849513229774
5.6952,187,100,-0.928556169316691
5.6952,187,101,-0.928556169316691
5.6952,187,102,0.964293343913083
5.6952,187,103,-0.964293343913083
5.6952,187,104,-0.892849513229774
5.6952,187,105,-0.964293343913083
5.6952,187,106,-0.964293343913083
5.6952,187,107,-0.964293343913083
5.7236,188,1,-0.964293343913083
5.7236,188,2,-0.964293343913083
5.7236,188,3,-0.964293343913083
5.7236,188,4,-0.964293343913083
5.7236,188,5,-0.964293343913083
5.7236,188,6,-0.964293343913083
5.7236,188,7,-0.928556169316691
5.7236,188,8,-0.964293343913083
5.7236,188,9,-0.964293343913083
5.7236,188,10,0.892849513229774
5.7236,188,11,-0.964293343913083
5.7236,188,12,-0.964293343913083
5.7236,188,13,-0.749992370372631
5.7236,188,14,0.964293343913083
5.7236,188,15,0.964293343913083
5.7236,188,16,0.678579058198798
5.7236,188,17,0.964293343913083
5.7236,188,18,-0.964293343913083
5.7236,188,19,-0.82143620105594
5.7236,188,20,-0.857142857142857
5.7236,188,21,-0.892849513229774
5.7236,188,22,-0.892849513229774
5.7236,188,23,-0.892849513229774
5.7236,188,24,-0.892849513229774
5.7236,188,25,-0.892849513229774
5.7236,188,26,-0.892849513229774
5.7236,188,27,-0.892849513229774
5.7236,188,28,-0.892849513229774
5.7236,188,29,-0.857142857142857
5.7236,188,30,-0.82143620105594
5.7236,188,31,-0.892849513229774
5.7236,188,32,-0.857142857142857
5.7236,188,33,-0.892849513229774
5.7236,188,34,-0.857142857142857
5.7236,188,35,-0.892849513229774
5.7236,188,36,-0.892849513229774
5.7236,188,37,-0.892849513229774
5.7236,188,38,-0.892849513229774
5.7236,188,39,-0.892849513229774
5.7236,188,40,-0.892849513229774
5.7236,188,41,-0.892849513229774
5.7236,188,42,-0.892849513229774
5.7236,188,43,-0.892849513229774
5.7236,188,44,-0.892849513229774
5.7236,188,45,-0.892849513229774
5.7236,188,46,-0.892849513229774
5.7236,188,47,-0.892849513229774
5.7236,188,48,-0.892849513229774
5.7236,188,49,-0.892849513229774
5.7236,188,50,-0.892849513229774
5.7236,188,51,-0.892849513229774
5.7236,188,52,-0.892849513229774
5.7236,188,53,-0.892849513229774
5.7236,188,54,-0.892849513229774
5.7236,188,55,-0.892849513229774
5.7236,188,56,-0.892849513229774
5.7236,188,57,-0.892849513229774
5.7236,188,58,-0.892849513229774
5.7236,188,59,-0.892849513229774
5.7236,188,60,-0.892849513229774
5.7236,188,61,-0.964293343913083
5.7236,188,62,-1
5.7236,188,63,-1
5.7236,188,64,-1
5.7236,188,65,-1
5.7236,188,66,-1
5.7236,188,67,-1
5.7236,188,68,-1
5.7236,188,69,-1
5.7236,188,70,-1
5.7236,188,71,-1
5.7236,188,72,-0.964293343913083
5.7236,188,73,-0.857142857142857
5.7236,188,74,0.392864772484512
5.7236,188,75,0.500015259254738
5.7236,188,76,0.0357066560869167
5.7236,188,77,0.714285714285714
5.7236,188,78,0.142857142857143
5.7236,188,79,-0.964293343913083
5.7236,188,80,-0.785699026459548
5.7236,188,81,1
5.7236,188,82,-0.500015259254738
5.7236,188,83,-0.500015259254738
5.7236,188,84,-0.642841883602405
5.7236,188,85,-0.892849513229774
5.7236,188,86,-0.892849513229774
5.7236,188,87,-0.892849513229774
5.7236,188,88,-0.892849513229774
5.7236,188,89,-0.964293343913083
5.7236,188,90,-0.964293343913083
5.7236,188,91,-0.964293343913083
5.7236,188,92,-0.714285714285714
5.7236,188,93,-0.892849513229774
5.7236,188,94,-0.892849513229774
5.7236,188,95,-0.892849513229774
5.7236,188,96,-0.892849513229774
5.7236,188,97,-0.428571428571429
5.7236,188,98,-0.500015259254738
5.7236,188,99,-0.535721915341655
5.7236,188,100,-0.892849513229774
5.7236,188,101,-0.892849513229774
5.7236,188,102,-0.892849513229774
5.7236,188,103,0.0357066560869167
5.7236,188,104,-0.892849513229774
5.7236,188,105,-0.892849513229774
5.7236,188,106,-0.964293343913083
5.7236,188,107,-0.964293343913083
5.752,189,1,-0.892849513229774
5.752,189,2,-0.892849513229774
5.752,189,3,-0.464278084658345
5.752,189,4,-0.392864772484512
5.752,189,5,-0.749992370372631
5.752,189,6,-0.357158116397595
5.752,189,7,-0.749992370372631
5.752,189,8,-0.392864772484512
5.752,189,9,-0.678579058198798
5.752,189,10,-0.392864772484512
5.752,189,11,-0.392864772484512
5.752,189,12,-0.678579058198798
5.752,189,13,-0.857142857142857
5.752,189,14,-0.357158116397595
5.752,189,15,-0.82143620105594
5.752,189,16,-0.857142857142857
5.752,189,17,-0.785699026459548
5.752,189,18,-0.892849513229774
5.752,189,19,-0.892849513229774
5.752,189,20,-0.892849513229774
5.752,189,21,-0.892849513229774
5.752,189,22,-0.892849513229774
5.752,189,23,-0.964293343913083
5.752,189,24,-0.964293343913083
5.752,189,25,-0.964293343913083
5.752,189,26,-0.964293343913083
5.752,189,27,-0.964293343913083
5.752,189,28,-0.964293343913083
5.752,189,29,-0.964293343913083
5.752,189,30,-0.964293343913083
5.752,189,31,-0.964293343913083
5.752,189,32,-0.964293343913083
5.752,189,33,-0.928556169316691
5.752,189,34,-0.714285714285714
5.752,189,35,-0.785699026459548
5.752,189,36,-0.857142857142857
5.752,189,37,-0.678579058198798
5.752,189,38,0.928586687826167
5.752,189,39,-0.535721915341655
5.752,189,40,1
5.752,189,41,-0.535721915341655
5.752,189,42,-0.535721915341655
5.752,189,43,0.928586687826167
5.752,189,44,-0.500015259254738
5.752,189,45,1
5.752,189,46,-0.535721915341655
5.752,189,47,0.714285714285714
5.752,189,48,1
5.752,189,49,1
5.752,189,50,1
5.752,189,51,-0.535721915341655
5.752,189,52,-0.571428571428571
5.752,189,53,-0.571428571428571
5.752,189,54,1
5.752,189,55,1
5.752,189,56,1
5.752,189,57,1
5.752,189,58,0.964293343913083
5.752,189,59,1
5.752,189,60,1
5.752,189,61,-0.321420941801202
5.752,189,62,-0.535721915341655
5.752,189,63,0.714285714285714
5.752,189,64,1
5.752,189,65,1
5.752,189,66,0.17856379894406
5.752,189,67,-0.535721915341655
5.752,189,68,0.0714438306833094
5.752,189,69,1
5.752,189,70,1
5.752,189,71,0.928586687826167
5.752,189,72,0.285714285714286
5.752,189,73,1
5.752,189,74,1
5.752,189,75,-0.214270455030976
5.752,189,76,-0.535721915341655
5.752,189,77,-0.357158116397595
5.752,189,78,1
5.752,189,79,1
5.752,189,80,1
5.752,189,81,-0.535721915341655
5.752,189,82,-0.535721915341655
5.752,189,83,0.571428571428571
5.752,189,84,1
5.752,189,85,1
5.752,189,86,0
5.752,189,87,-0.535721915341655
5.752,189,88,0.321420941801202
5.752,189,89,1
5.752,189,90,1
5.752,189,91,0.500015259254738
5.752,189,92,-0.535721915341655
5.752,189,93,0.17856379894406
5.752,189,94,1
5.752,189,95,1
5.752,189,96,0.571428571428571
5.752,189,97,-0.535721915341655
5.752,189,98,-0.285714285714286
5.752,189,99,1
5.752,189,100,1
5.752,189,101,1
5.752,189,102,-0.571428571428571
5.752,189,103,-0.535721915341655
5.752,189,104,0.285714285714286
5.752,189,105,1
5.752,189,106,1
5.752,189,107,0.964293343913083
5.7804,190,1,-0.535721915341655
5.7804,190,2,-0.535721915341655
5.7804,190,3,1
5.7804,190,4,1
5.7804,190,5,1
5.7804,190,6,0.250007629627369
5.7804,190,7,-0.535721915341655
5.7804,190,8,0.357158116397595
5.7804,190,9,1
5.7804,190,10,1
5.7804,190,11,-0.0357066560869167
5.7804,190,12,-0.535721915341655
5.7804,190,13,1
5.7804,190,14,1
5.7804,190,15,1
5.7804,190,16,1
5.7804,190,17,0.535721915341655
5.7804,190,18,-0.535721915341655
5.7804,190,19,-0.17856379894406
5.7804,190,20,1
5.7804,190,21,1
5.7804,190,22,1
5.7804,190,23,-0.928556169316691
5.7804,190,24,-0.964293343913083
5.7804,190,25,-0.964293343913083
5.7804,190,26,-0.964293343913083
5.7804,190,27,-0.964293343913083
5.7804,190,28,-0.964293343913083
5.7804,190,29,-0.964293343913083
5.7804,190,30,-0.964293343913083
5.7804,190,31,-0.964293343913083
5.7804,190,32,-0.82143620105594
5.7804,190,33,-0.892849513229774
5.7804,190,34,-0.892849513229774
5.7804,190,35,1
5.7804,190,36,-0.928556169316691
5.7804,190,37,-0.0714133121738334
5.7804,190,38,-0.928556169316691
5.7804,190,39,-0.928556169316691
5.7804,190,40,-0.964293343913083
5.7804,190,41,0.964293343913083
5.7804,190,42,-0.964293343913083
5.7804,190,43,-0.964293343913083
5.7804,190,44,-0.964293343913083
5.7804,190,45,-0.964293343913083
5.7804,190,46,-0.964293343913083
5.7804,190,47,-0.964293343913083
5.7804,190,48,-0.964293343913083
5.7804,190,49,-0.964293343913083
5.7804,190,50,-0.964293343913083
5.7804,190,51,-0.964293343913083
5.7804,190,52,-0.964293343913083
5.7804,190,53,-0.857142857142857
5.7804,190,54,-0.964293343913083
5.7804,190,55,-0.964293343913083
5.7804,190,56,-0.964293343913083
5.7804,190,57,-0.964293343913083
5.7804,190,58,-0.964293343913083
5.7804,190,59,-0.964293343913083
5.7804,190,60,-0.964293343913083
5.7804,190,61,-0.785699026459548
5.7804,190,62,-0.0714133121738334
5.7804,190,63,0.714285714285714
5.7804,190,64,1
5.7804,190,65,1
5.7804,190,66,-0.500015259254738
5.7804,190,67,-0.857142857142857
5.7804,190,68,-0.892849513229774
5.7804,190,69,1
5.7804,190,70,-0.678579058198798
5.7804,190,71,1
5.7804,190,72,-0.892849513229774
5.7804,190,73,-0.892849513229774
5.7804,190,74,-0.892849513229774
5.7804,190,75,-0.892849513229774
5.7804,190,76,-0.964293343913083
5.7804,190,77,-0.964293343913083
5.7804,190,78,-0.964293343913083
5.7804,190,79,-0.964293343913083
5.7804,190,80,-0.964293343913083
5.7804,190,81,-0.964293343913083
5.7804,190,82,-0.964293343913083
5.7804,190,83,-0.964293343913083
5.7804,190,84,0.642841883602405
5.7804,190,85,1
5.7804,190,86,0.964293343913083
5.7804,190,87,0.964293343913083
5.7804,190,88,0.607135227515488
5.7804,190,89,0.964293343913083
5.7804,190,90,-0.964293343913083
5.7804,190,91,0.642841883602405
5.7804,190,92,0.535721915341655
5.7804,190,93,-0.928556169316691
5.7804,190,94,-0.928556169316691
5.7804,190,95,-0.928556169316691
5.7804,190,96,-0.928556169316691
5.7804,190,97,-0.928556169316691
5.7804,190,98,0.964293343913083
5.7804,190,99,-0.964293343913083
5.7804,190,100,-0.964293343913083
5.7804,190,101,-0.964293343913083
5.7804,190,102,0.964293343913083
5.7804,190,103,-0.964293343913083
5.7804,190,104,0.82143620105594
5.7804,190,105,0.0357066560869167
5.7804,190,106,-0.107150486770226
5.7804,190,107,-0.500015259254738
5.8087,191,1,-0.428571428571429
5.8087,191,2,-0.392864772484512
5.8087,191,3,-0.964293343913083
5.8087,191,4,-0.964293343913083
5.8087,191,5,-0.892849513229774
5.8087,191,6,-0.964293343913083
5.8087,191,7,-0.964293343913083
5.8087,191,8,-0.964293343913083
5.8087,191,9,-0.964293343913083
5.8087,191,10,-0.892849513229774
5.8087,191,11,-0.964293343913083
5.8087,191,12,-0.964293343913083
5.8087,191,13,-0.964293343913083
5.8087,191,14,-0.964293343913083
5.8087,191,15,-0.964293343913083
5.8087,191,16,-0.82143620105594
5.8087,191,17,0.964293343913083
5.8087,191,18,1
5.8087,191,19,0.607135227515488
5.8087,191,20,0.964293343913083
5.8087,191,21,-0.964293343913083
5.8087,191,22,1
5.8087,191,23,-0.928556169316691
5.8087,191,24,-0.928556169316691
5.8087,191,25,-0.928556169316691
5.8087,191,26,-0.928556169316691
5.8087,191,27,-0.928556169316691
5.8087,191,28,0.964293343913083
5.8087,191,29,-0.964293343913083
5.8087,191,30,-0.928556169316691
5.8087,191,31,-0.892849513229774
5.8087,191,32,-0.964293343913083
5.8087,191,33,-0.928556169316691
5.8087,191,34,-0.928556169316691
5.8087,191,35,-0.928556169316691
5.8087,191,36,-0.928556169316691
5.8087,191,37,-0.928556169316691
5.8087,191,38,-0.928556169316691
5.8087,191,39,-0.964293343913083
5.8087,191,40,-0.928556169316691
5.8087,191,41,-0.964293343913083
5.8087,191,42,-0.928556169316691
5.8087,191,43,-0.928556169316691
5.8087,191,44,-0.964293343913083
5.8087,191,45,-0.964293343913083
5.8087,191,46,-0.964293343913083
5.8087,191,47,-0.964293343913083
5.8087,191,48,-0.964293343913083
5.8087,191,49,-0.964293343913083
5.8087,191,50,-0.857142857142857
5.8087,191,51,0.964293343913083
5.8087,191,52,1
5.8087,191,53,0.607135227515488
5.8087,191,54,1
5.8087,191,55,-0.964293343913083
5.8087,191,56,-0.964293343913083
5.8087,191,57,-0.964293343913083
5.8087,191,58,-0.964293343913083
5.8087,191,59,-0.964293343913083
5.8087,191,60,0.964293343913083
5.8087,191,61,-0.607135227515488
5.8087,191,62,-0.964293343913083
5.8087,191,63,-0.964293343913083
5.8087,191,64,-0.428571428571429
5.8087,191,65,-0.82143620105594
5.8087,191,66,-0.82143620105594
5.8087,191,67,-0.17856379894406
5.8087,191,68,-0.749992370372631
5.8087,191,69,-0.749992370372631
5.8087,191,70,-0.964293343913083
5.8087,191,71,-0.749992370372631
5.8087,191,72,-0.857142857142857
5.8087,191,73,-0.964293343913083
5.8087,191,74,-0.964293343913083
5.8087,191,75,0.964293343913083
5.8087,191,76,1
5.8087,191,77,0.571428571428571
5.8087,191,78,0.964293343913083
5.8087,191,79,-0.964293343913083
5.8087,191,80,-0.892849513229774
5.8087,191,81,-0.892849513229774
5.8087,191,82,-0.892849513229774
5.8087,191,83,-0.892849513229774
5.8087,191,84,-0.892849513229774
5.8087,191,85,-0.892849513229774
5.8087,191,86,-0.892849513229774
5.8087,191,87,-0.892849513229774
5.8087,191,88,-0.892849513229774
5.8087,191,89,-0.892849513229774
5.8087,191,90,-0.892849513229774
5.8087,191,91,-0.892849513229774
5.8087,191,92,-0.892849513229774
5.8087,191,93,-0.892849513229774
5.8087,191,94,-0.892849513229774
5.8087,191,95,-0.892849513229774
5.8087,191,96,-0.892849513229774
5.8087,191,97,-0.892849513229774
5.8087,191,98,-0.892849513229774
5.8087,191,99,-0.892849513229774
5.8087,191,100,-0.892849513229774
5.8087,191,101,-0.892849513229774
5.8087,191,102,-0.892849513229774
5.8087,191,103,-0.892849513229774
5.8087,191,104,-0.892849513229774
5.8087,191,105,-0.892849513229774
5.8087,191,106,-0.892849513229774
5.8087,191,107,-0.892849513229774
5.8371,192,1,-0.892849513229774
5.8371,192,2,-0.892849513229774
5.8371,192,3,-0.892849513229774
5.8371,192,4,-0.892849513229774
5.8371,192,5,-0.892849513229774
5.8371,192,6,-0.892849513229774
5.8371,192,7,-0.892849513229774
5.8371,192,8,-1
5.8371,192,9,-1
5.8371,192,10,-1
5.8371,192,11,-1
5.8371,192,12,-1
5.8371,192,13,-1
5.8371,192,14,-1
5.8371,192,15,-1
5.8371,192,16,-1
5.8371,192,17,-1
5.8371,192,18,-0.964293343913083
5.8371,192,19,-0.964293343913083
5.8371,192,20,-0.464278084658345
5.8371,192,21,-0.964293343913083
5.8371,192,22,-0.964293343913083
5.8371,192,23,-0.678579058198798
5.8371,192,24,-0.964293343913083
5.8371,192,25,-0.964293343913083
5.8371,192,26,-0.964293343913083
5.8371,192,27,-0.857142857142857
5.8371,192,28,-0.678579058198798
5.8371,192,29,-0.892849513229774
5.8371,192,30,-0.892849513229774
5.8371,192,31,-0.857142857142857
5.8371,192,32,-0.785699026459548
5.8371,192,33,-0.678579058198798
5.8371,192,34,-0.892849513229774
5.8371,192,35,-0.892849513229774
5.8371,192,36,-0.82143620105594
5.8371,192,37,-0.714285714285714
5.8371,192,38,-0.678579058198798
5.8371,192,39,-0.892849513229774
5.8371,192,40,-0.892849513229774
5.8371,192,41,-0.749992370372631
5.8371,192,42,-0.892849513229774
5.8371,192,43,-0.749992370372631
5.8371,192,44,-0.892849513229774
5.8371,192,45,-0.892849513229774
5.8371,192,46,-0.785699026459548
5.8371,192,47,-0.892849513229774
5.8371,192,48,-0.749992370372631
5.8371,192,49,-0.892849513229774
5.8371,192,50,-0.892849513229774
5.8371,192,51,-0.82143620105594
5.8371,192,52,-0.857142857142857
5.8371,192,53,-0.857142857142857
5.8371,192,54,-0.857142857142857
5.8371,192,55,-0.857142857142857
5.8371,192,56,-0.857142857142857
5.8371,192,57,-0.857142857142857
5.8371,192,58,-0.82143620105594
5.8371,192,59,-0.892849513229774
5.8371,192,60,-0.892849513229774
5.8371,192,61,-0.857142857142857
5.8371,192,62,-0.857142857142857
5.8371,192,63,-0.857142857142857
5.8371,192,64,-0.892849513229774
5.8371,192,65,-0.892849513229774
5.8371,192,66,-0.892849513229774
5.8371,192,67,-0.892849513229774
5.8371,192,68,-0.892849513229774
5.8371,192,69,-0.892849513229774
5.8371,192,70,-0.857142857142857
5.8371,192,71,-0.892849513229774
5.8371,192,72,-0.892849513229774
5.8371,192,73,-0.892849513229774
5.8371,192,74,-0.892849513229774
5.8371,192,75,-0.892849513229774
5.8371,192,76,-0.892849513229774
5.8371,192,77,-0.892849513229774
5.8371,192,78,-0.857142857142857
5.8371,192,79,-0.892849513229774
5.8371,192,80,-0.892849513229774
5.8371,192,81,-0.892849513229774
5.8371,192,82,-0.892849513229774
5.8371,192,83,-0.892849513229774
5.8371,192,84,-0.892849513229774
5.8371,192,85,-0.892849513229774
5.8371,192,86,-0.857142857142857
5.8371,192,87,-0.892849513229774
5.8371,192,88,-0.82143620105594
5.8371,192,89,-0.82143620105594
5.8371,192,90,-0.428571428571429
5.8371,192,91,-0.892849513229774
5.8371,192,92,-0.892849513229774
5.8371,192,93,-0.892849513229774
5.8371,192,94,-0.892849513229774
5.8371,192,95,-0.964293343913083
5.8371,192,96,-0.892849513229774
5.8371,192,97,-0.714285714285714
5.8371,192,98,-0.785699026459548
5.8371,192,99,-0.785699026459548
5.8371,192,100,-0.857142857142857
5.8371,192,101,1
5.8371,192,102,-0.892849513229774
5.8371,192,103,-0.892849513229774
5.8371,192,104,-0.857142857142857
5.8371,192,105,-0.82143620105594
5.8371,192,106,-0.892849513229774
5.8371,192,107,-0.964293343913083
5.8655,193,1,-0.964293343913083
5.8655,193,2,-0.964293343913083
5.8655,193,3,-0.964293343913083
5.8655,193,4,-0.964293343913083
5.8655,193,5,-0.964293343913083
5.8655,193,6,-0.964293343913083
5.8655,193,7,-0.964293343913083
5.8655,193,8,-0.785699026459548
5.8655,193,9,0.964293343913083
5.8655,193,10,1
5.8655,193,11,0.607135227515488
5.8655,193,12,0.642841883602405
5.8655,193,13,-0.928556169316691
5.8655,193,14,-0.928556169316691
5.8655,193,15,-0.928556169316691
5.8655,193,16,-0.928556169316691
5.8655,193,17,-0.964293343913083
5.8655,193,18,0.964293343913083
5.8655,193,19,-0.464278084658345
5.8655,193,20,-0.464278084658345
5.8655,193,21,-0.749992370372631
5.8655,193,22,-0.642841883602405
5.8655,193,23,-0.321420941801202
5.8655,193,24,-0.428571428571429
5.8655,193,25,0.142857142857143
5.8655,193,26,0.0357066560869167
5.8655,193,27,-0.964293343913083
5.8655,193,28,-0.964293343913083
5.8655,193,29,0.964293343913083
5.8655,193,30,1
5.8655,193,31,0.607135227515488
5.8655,193,32,0.964293343913083
5.8655,193,33,-0.964293343913083
5.8655,193,34,-0.892849513229774
5.8655,193,35,-0.928556169316691
5.8655,193,36,-0.928556169316691
5.8655,193,37,-0.928556169316691
5.8655,193,38,-0.928556169316691
5.8655,193,39,-0.928556169316691
5.8655,193,40,-0.928556169316691
5.8655,193,41,0.964293343913083
5.8655,193,42,-0.964293343913083
5.8655,193,43,-0.857142857142857
5.8655,193,44,-0.857142857142857
5.8655,193,45,-0.857142857142857
5.8655,193,46,-0.857142857142857
5.8655,193,47,-0.857142857142857
5.8655,193,48,-0.857142857142857
5.8655,193,49,-0.857142857142857
5.8655,193,50,-0.785699026459548
5.8655,193,51,-0.857142857142857
5.8655,193,52,-0.892849513229774
5.8655,193,53,-0.82143620105594
5.8655,193,54,-0.928556169316691
5.8655,193,55,-0.928556169316691
5.8655,193,56,-0.928556169316691
5.8655,193,57,-0.928556169316691
5.8655,193,58,-0.928556169316691
5.8655,193,59,-0.928556169316691
5.8655,193,60,-0.964293343913083
5.8655,193,61,-0.964293343913083
5.8655,193,62,-0.964293343913083
5.8655,193,63,-0.857142857142857
5.8655,193,64,0.964293343913083
5.8655,193,65,1
5.8655,193,66,0.642841883602405
5.8655,193,67,0.964293343913083
5.8655,193,68,-0.964293343913083
5.8655,193,69,-0.964293343913083
5.8655,193,70,-0.964293343913083
5.8655,193,71,-0.964293343913083
5.8655,193,72,-0.857142857142857
5.8655,193,73,0.964293343913083
5.8655,193,74,1
5.8655,193,75,0.607135227515488
5.8655,193,76,0.964293343913083
5.8655,193,77,-0.964293343913083
5.8655,193,78,-0.964293343913083
5.8655,193,79,-0.964293343913083
5.8655,193,80,-0.285714285714286
5.8655,193,81,-0.678579058198798
5.8655,193,82,-0.964293343913083
5.8655,193,83,-0.964293343913083
5.8655,193,84,-0.964293343913083
5.8655,193,85,-0.964293343913083
5.8655,193,86,-0.749992370372631
5.8655,193,87,0.964293343913083
5.8655,193,88,1
5.8655,193,89,0.607135227515488
5.8655,193,90,1
5.8655,193,91,-0.928556169316691
5.8655,193,92,-0.964293343913083
5.8655,193,93,0.964293343913083
5.8655,193,94,-0.785699026459548
5.8655,193,95,-0.82143620105594
5.8655,193,96,-0.964293343913083
5.8655,193,97,-0.964293343913083
5.8655,193,98,-0.500015259254738
5.8655,193,99,-0.857142857142857
5.8655,193,100,-0.785699026459548
5.8655,193,101,-0.964293343913083
5.8655,193,102,-0.964293343913083
5.8655,193,103,-0.964293343913083
5.8655,193,104,0.964293343913083
5.8655,193,105,1
5.8655,193,106,0.642841883602405
5.8655,193,107,1
5.8939,194,1,-0.964293343913083
5.8939,194,2,-0.964293343913083
5.8939,194,3,-0.964293343913083
5.8939,194,4,-0.964293343913083
5.8939,194,5,-0.964293343913083
5.8939,194,6,0.964293343913083
5.8939,194,7,-0.964293343913083
5.8939,194,8,-0.857142857142857
5.8939,194,9,-0.82143620105594
5.8939,194,10,-0.964293343913083
5.8939,194,11,-0.964293343913083
5.8939,194,12,-0.964293343913083
5.8939,194,13,-0.964293343913083
5.8939,194,14,-0.82143620105594
5.8939,194,15,-0.82143620105594
5.8939,194,16,-0.964293343913083
5.8939,194,17,-0.964293343913083
5.8939,194,18,-0.857142857142857
5.8939,194,19,-0.857142857142857
5.8939,194,20,-0.964293343913083
5.8939,194,21,-0.964293343913083
5.8939,194,22,-0.964293343913083
5.8939,194,23,0.964293343913083
5.8939,194,24,1
5.8939,194,25,0.642841883602405
5.8939,194,26,0.964293343913083
5.8939,194,27,-0.964293343913083
5.8939,194,28,-0.857142857142857
5.8939,194,29,-0.82143620105594
5.8939,194,30,-0.892849513229774
5.8939,194,31,-0.892849513229774
5.8939,194,32,-0.857142857142857
5.8939,194,33,-0.892849513229774
5.8939,194,34,-0.857142857142857
5.8939,194,35,-0.892849513229774
5.8939,194,36,-0.892849513229774
5.8939,194,37,-0.857142857142857
5.8939,194,38,-0.857142857142857
5.8939,194,39,-0.785699026459548
5.8939,194,40,-0.892849513229774
5.8939,194,41,-0.892849513229774
5.8939,194,42,-0.892849513229774
5.8939,194,43,-0.857142857142857
5.8939,194,44,-0.857142857142857
5.8939,194,45,-0.892849513229774
5.8939,194,46,-0.892849513229774
5.8939,194,47,-0.857142857142857
5.8939,194,48,-0.892849513229774
5.8939,194,49,-0.857142857142857
5.8939,194,50,-0.857142857142857
5.8939,194,51,-0.892849513229774
5.8939,194,52,-0.892849513229774
5.8939,194,53,-0.857142857142857
5.8939,194,54,-0.892849513229774
5.8939,194,55,-0.857142857142857
5.8939,194,56,-0.892849513229774
5.8939,194,57,-0.892849513229774
5.8939,194,58,-0.892849513229774
5.8939,194,59,-0.892849513229774
5.8939,194,60,-0.892849513229774
5.8939,194,61,-0.892849513229774
5.8939,194,62,-0.892849513229774
5.8939,194,63,-0.892849513229774
5.8939,194,64,-0.892849513229774
5.8939,194,65,-0.892849513229774
5.8939,194,66,-0.892849513229774
5.8939,194,67,-1
5.8939,194,68,-1
5.8939,194,69,-1
5.8939,194,70,-1
5.8939,194,71,-1
5.8939,194,72,-1
5.8939,194,73,-1
5.8939,194,74,-1
5.8939,194,75,-0.964293343913083
5.8939,194,76,-1
5.8939,194,77,-1
5.8939,194,78,-0.964293343913083
5.8939,194,79,-0.749992370372631
5.8939,194,80,0.428571428571429
5.8939,194,81,0.678579058198798
5.8939,194,82,-0.0714133121738334
5.8939,194,83,0.214300973540452
5.8939,194,84,0.678579058198798
5.8939,194,85,0.571428571428571
5.8939,194,86,-0.214270455030976
5.8939,194,87,-0.964293343913083
5.8939,194,88,-0.607135227515488
5.8939,194,89,-0.964293343913083
5.8939,194,90,-0.785699026459548
5.8939,194,91,-0.892849513229774
5.8939,194,92,-0.749992370372631
5.8939,194,93,-0.892849513229774
5.8939,194,94,-0.892849513229774
5.8939,194,95,-0.749992370372631
5.8939,194,96,-0.857142857142857
5.8939,194,97,-0.607135227515488
5.8939,194,98,-0.892849513229774
5.8939,194,99,-0.892849513229774
5.8939,194,100,-0.749992370372631
5.8939,194,101,-0.857142857142857
5.8939,194,102,-0.749992370372631
5.8939,194,103,-0.892849513229774
5.8939,194,104,-0.892849513229774
5.8939,194,105,-0.749992370372631
5.8939,194,106,-0.857142857142857
5.8939,194,107,-0.678579058198798
5.9222,195,1,-0.892849513229774
5.9222,195,2,-0.892849513229774
5.9222,195,3,-0.678579058198798
5.9222,195,4,-0.892849513229774
5.9222,195,5,-0.857142857142857
5.9222,195,6,-0.749992370372631
5.9222,195,7,-0.285714285714286
5.9222,195,8,-0.571428571428571
5.9222,195,9,-0.82143620105594
5.9222,195,10,-0.785699026459548
5.9222,195,11,-0.857142857142857
5.9222,195,12,-0.285714285714286
5.9222,195,13,-0.82143620105594
5.9222,195,14,-0.892849513229774
5.9222,195,15,-0.714285714285714
5.9222,195,16,-0.285714285714286
5.9222,195,17,-0.321420941801202
5.9222,195,18,-0.571428571428571
5.9222,195,19,-0.714285714285714
5.9222,195,20,-0.857142857142857
5.9222,195,21,-0.678579058198798
5.9222,195,22,-0.357158116397595
5.9222,195,23,-0.392864772484512
5.9222,195,24,-0.500015259254738
5.9222,195,25,-0.714285714285714
5.9222,195,26,-0.857142857142857
5.9222,195,27,-0.82143620105594
5.9222,195,28,-0.785699026459548
5.9222,195,29,1
5.9222,195,30,-0.892849513229774
5.9222,195,31,-0.82143620105594
5.9222,195,32,-0.892849513229774
5.9222,195,33,-0.892849513229774
5.9222,195,34,-0.964293343913083
5.9222,195,35,-0.964293343913083
5.9222,195,36,-0.964293343913083
5.9222,195,37,-0.964293343913083
5.9222,195,38,-0.964293343913083
5.9222,195,39,-0.964293343913083
5.9222,195,40,-0.964293343913083
5.9222,195,41,-0.964293343913083
5.9222,195,42,-0.892849513229774
5.9222,195,43,-0.857142857142857
5.9222,195,44,-0.857142857142857
5.9222,195,45,-0.785699026459548
5.9222,195,46,-0.714285714285714
5.9222,195,47,-0.535721915341655
5.9222,195,48,0
5.9222,195,49,1
5.9222,195,50,-0.535721915341655
5.9222,195,51,-0.749992370372631
5.9222,195,52,0.214300973540452
5.9222,195,53,1
5.9222,195,54,1
5.9222,195,55,-0.0357066560869167
5.9222,195,56,-0.535721915341655
5.9222,195,57,0.678579058198798
5.9222,195,58,1
5.9222,195,59,1
5.9222,195,60,1
5.9222,195,61,1
5.9222,195,62,0.964293343913083
5.9222,195,63,0.0357066560869167
5.9222,195,64,-0.535721915341655
5.9222,195,65,-0.500015259254738
5.9222,195,66,1
5.9222,195,67,1
5.9222,195,68,1
5.9222,195,69,-0.535721915341655
5.9222,195,70,-0.535721915341655
5.9222,195,71,0.857142857142857
5.9222,195,72,1
5.9222,195,73,1
5.9222,195,74,1
5.9222,195,75,1
5.9222,195,76,1
5.9222,195,77,0.964293343913083
5.9222,195,78,0.714285714285714
5.9222,195,79,-0.107150486770226
5.9222,195,80,-0.535721915341655
5.9222,195,81,0.678579058198798
5.9222,195,82,1
5.9222,195,83,1
5.9222,195,84,0.535721915341655
5.9222,195,85,-0.535721915341655
5.9222,195,86,0.142857142857143
5.9222,195,87,0.964293343913083
5.9222,195,88,1
5.9222,195,89,0.892849513229774
5.9222,195,90,-0.214270455030976
5.9222,195,91,-0.464278084658345
5.9222,195,92,1
5.9222,195,93,1
5.9222,195,94,1
5.9222,195,95,-0.17856379894406
5.9222,195,96,-0.535721915341655
5.9222,195,97,0.250007629627369
5.9222,195,98,1
5.9222,195,99,1
5.9222,195,100,0.357158116397595
5.9222,195,101,-0.535721915341655
5.9222,195,102,0.250007629627369
5.9222,195,103,1
5.9222,195,104,1
5.9222,195,105,1
5.9222,195,106,1
5.9222,195,107,1
5.9506,196,1,1
5.9506,196,2,1
5.9506,196,3,0.964293343913083
5.9506,196,4,-0.392864772484512
5.9506,196,5,-0.749992370372631
5.9506,196,6,1
5.9506,196,7,1
5.9506,196,8,-0.82143620105594
5.9506,196,9,-0.785699026459548
5.9506,196,10,-0.428571428571429
5.9506,196,11,-0.749992370372631
5.9506,196,12,-0.82143620105594
5.9506,196,13,-0.535721915341655
5.9506,196,14,-0.678579058198798
5.9506,196,15,-0.500015259254738
5.9506,196,16,-0.714285714285714
5.9506,196,17,-0.82143620105594
5.9506,196,18,-0.285714285714286
5.9506,196,19,1
5.9506,196,20,-0.500015259254738
5.9506,196,21,1
5.9506,196,22,-0.892849513229774
5.9506,196,23,-0.892849513229774
5.9506,196,24,-0.82143620105594
5.9506,196,25,-0.892849513229774
5.9506,196,26,-0.892849513229774
5.9506,196,27,-0.964293343913083
5.9506,196,28,-0.964293343913083
5.9506,196,29,-0.892849513229774
5.9506,196,30,-0.964293343913083
5.9506,196,31,-0.964293343913083
5.9506,196,32,-0.964293343913083
5.9506,196,33,-0.964293343913083
5.9506,196,34,-0.964293343913083
5.9506,196,35,-0.964293343913083
5.9506,196,36,-0.714285714285714
5.9506,196,37,0.964293343913083
5.9506,196,38,1
5.9506,196,39,0.714285714285714
5.9506,196,40,0.964293343913083
5.9506,196,41,-0.964293343913083
5.9506,196,42,0.964293343913083
5.9506,196,43,-0.749992370372631
5.9506,196,44,-0.0714133121738334
5.9506,196,45,-0.928556169316691
5.9506,196,46,-0.964293343913083
5.9506,196,47,-0.928556169316691
5.9506,196,48,-0.928556169316691
5.9506,196,49,0.964293343913083
5.9506,196,50,-0.964293343913083
5.9506,196,51,-0.785699026459548
5.9506,196,52,0.964293343913083
5.9506,196,53,-0.749992370372631
5.9506,196,54,-0.749992370372631
5.9506,196,55,-0.678579058198798
5.9506,196,56,-0.0357066560869167
5.9506,196,57,-0.250007629627369
5.9506,196,58,-0.964293343913083
5.9506,196,59,-0.357158116397595
5.9506,196,60,-0.964293343913083
5.9506,196,61,-0.928556169316691
5.9506,196,62,-0.892849513229774
5.9506,196,63,-0.928556169316691
5.9506,196,64,-0.928556169316691
5.9506,196,65,-0.928556169316691
5.9506,196,66,-0.928556169316691
5.9506,196,67,-0.964293343913083
5.9506,196,68,-0.964293343913083
5.9506,196,69,-0.964293343913083
5.9506,196,70,-0.964293343913083
5.9506,196,71,-0.964293343913083
5.9506,196,72,-0.928556169316691
5.9506,196,73,0.964293343913083
5.9506,196,74,1
5.9506,196,75,0.714285714285714
5.9506,196,76,0.964293343913083
5.9506,196,77,-0.964293343913083
5.9506,196,78,-0.964293343913083
5.9506,196,79,-0.678579058198798
5.9506,196,80,-0.964293343913083
5.9506,196,81,-0.785699026459548
5.9506,196,82,0.964293343913083
5.9506,196,83,1
5.9506,196,84,0.714285714285714
5.9506,196,85,0.928586687826167
5.9506,196,86,-0.464278084658345
5.9506,196,87,-0.928556169316691
5.9506,196,88,-0.928556169316691
5.9506,196,89,-0.928556169316691
5.9506,196,90,0.964293343913083
5.9506,196,91,0.964293343913083
5.9506,196,92,-0.392864772484512
5.9506,196,93,-0.642841883602405
5.9506,196,94,0.321420941801202
5.9506,196,95,0.250007629627369
5.9506,196,96,0.464278084658345
5.9506,196,97,0.0714438306833094
5.9506,196,98,0.0714438306833094
5.9506,196,99,-0.964293343913083
5.9506,196,100,-0.250007629627369
5.9506,196,101,-0.964293343913083
5.9506,196,102,-0.964293343913083
5.9506,196,103,0.964293343913083
5.9506,196,104,1
5.9506,196,105,0.714285714285714
5.9506,196,106,1
5.9506,196,107,-0.964293343913083
5.979,197,1,-0.964293343913083
5.979,197,2,-0.964293343913083
5.979,197,3,-0.964293343913083
5.979,197,4,-0.964293343913083
5.979,197,5,0.964293343913083
5.979,197,6,-0.964293343913083
5.979,197,7,-0.964293343913083
5.979,197,8,-0.678579058198798
5.979,197,9,-0.678579058198798
5.979,197,10,-0.749992370372631
5.979,197,11,-0.714285714285714
5.979,197,12,-0.0357066560869167
5.979,197,13,-0.17856379894406
5.979,197,14,0
5.979,197,15,-0.964293343913083
5.979,197,16,0.107150486770226
5.979,197,17,-0.964293343913083
5.979,197,18,-0.964293343913083
5.979,197,19,-0.964293343913083
5.979,197,20,0.964293343913083
5.979,197,21,1
5.979,197,22,0.714285714285714
5.979,197,23,0.964293343913083
5.979,197,24,-0.964293343913083
5.979,197,25,-0.964293343913083
5.979,197,26,-0.678579058198798
5.979,197,27,-0.857142857142857
5.979,197,28,-0.964293343913083
5.979,197,29,-0.892849513229774
5.979,197,30,-0.892849513229774
5.979,197,31,-0.892849513229774
5.979,197,32,-0.857142857142857
5.979,197,33,-0.857142857142857
5.979,197,34,-0.892849513229774
5.979,197,35,-0.892849513229774
5.979,197,36,-0.857142857142857
5.979,197,37,-0.892849513229774
5.979,197,38,-0.892849513229774
5.979,197,39,-0.857142857142857
5.979,197,40,-0.892849513229774
5.979,197,41,-0.892849513229774
5.979,197,42,-0.857142857142857
5.979,197,43,-0.892849513229774
5.979,197,44,-0.785699026459548
5.979,197,45,-0.857142857142857
5.979,197,46,-0.892849513229774
5.979,197,47,-0.857142857142857
5.979,197,48,-0.857142857142857
5.979,197,49,-0.892849513229774
5.979,197,50,-0.857142857142857
5.979,197,51,-0.892849513229774
5.979,197,52,-0.892849513229774
5.979,197,53,-0.857142857142857
5.979,197,54,-0.857142857142857
5.979,197,55,-0.892849513229774
5.979,197,56,-0.857142857142857
5.979,197,57,-0.857142857142857
5.979,197,58,-0.892849513229774
5.979,197,59,-0.857142857142857
5.979,197,60,-0.892849513229774
5.979,197,61,-0.892849513229774
5.979,197,62,-0.857142857142857
5.979,197,63,-0.857142857142857
5.979,197,64,-0.892849513229774
5.979,197,65,-0.857142857142857
5.979,197,66,-0.892849513229774
5.979,197,67,-0.892849513229774
5.979,197,68,-0.892849513229774
5.979,197,69,-0.892849513229774
5.979,197,70,-0.892849513229774
5.979,197,71,-0.964293343913083
5.979,197,72,-0.964293343913083
5.979,197,73,-0.964293343913083
5.979,197,74,-0.964293343913083
5.979,197,75,-0.964293343913083
5.979,197,76,-0.928556169316691
5.979,197,77,-0.964293343913083
5.979,197,78,-0.678579058198798
5.979,197,79,-0.964293343913083
5.979,197,80,-0.964293343913083
5.979,197,81,-0.964293343913083
5.979,197,82,-0.964293343913083
5.979,197,83,-0.964293343913083
5.979,197,84,-1
5.979,197,85,-0.964293343913083
5.979,197,86,-0.964293343913083
5.979,197,87,-0.964293343913083
5.979,197,88,-0.964293343913083
5.979,197,89,-0.964293343913083
5.979,197,90,-1
5.979,197,91,-0.964293343913083
5.979,197,92,-0.964293343913083
5.979,197,93,-0.964293343913083
5.979,197,94,-0.928556169316691
5.979,197,95,0.964293343913083
5.979,197,96,1
5.979,197,97,0.714285714285714
5.979,197,98,0.892849513229774
5.979,197,99,-0.928556169316691
5.979,197,100,-0.928556169316691
5.979,197,101,-0.928556169316691
5.979,197,102,-0.928556169316691
5.979,197,103,-0.964293343913083
5.979,197,104,0.964293343913083
5.979,197,105,0.571428571428571
5.979,197,106,0.964293343913083
5.979,197,107,0.964293343913083
6.0074,198,1,0.964293343913083
6.0074,198,2,1
6.0074,198,3,-0.571428571428571
6.0074,198,4,-0.214270455030976
6.0074,198,5,-0.964293343913083
6.0074,198,6,-0.964293343913083
6.0074,198,7,-0.964293343913083
6.0074,198,8,0.714285714285714
6.0074,198,9,-0.964293343913083
6.0074,198,10,0.964293343913083
6.0074,198,11,1
6.0074,198,12,0.714285714285714
6.0074,198,13,0.892849513229774
6.0074,198,14,-0.928556169316691
6.0074,198,15,-0.642841883602405
6.0074,198,16,0.964293343913083
6.0074,198,17,-0.82143620105594
6.0074,198,18,-0.964293343913083
6.0074,198,19,-0.82143620105594
6.0074,198,20,-0.857142857142857
6.0074,198,21,-0.82143620105594
6.0074,198,22,-0.857142857142857
6.0074,198,23,-0.82143620105594
6.0074,198,24,-0.785699026459548
6.0074,198,25,-0.82143620105594
6.0074,198,26,-0.964293343913083
6.0074,198,27,-0.785699026459548
6.0074,198,28,-0.892849513229774
6.0074,198,29,-0.964293343913083
6.0074,198,30,-0.964293343913083
6.0074,198,31,0.964293343913083
6.0074,198,32,0.714285714285714
6.0074,198,33,0.964293343913083
6.0074,198,34,-0.964293343913083
6.0074,198,35,-0.964293343913083
6.0074,198,36,-0.964293343913083
6.0074,198,37,-0.82143620105594
6.0074,198,38,-0.964293343913083
6.0074,198,39,-0.964293343913083
6.0074,198,40,-0.964293343913083
6.0074,198,41,-0.964293343913083
6.0074,198,42,-0.892849513229774
6.0074,198,43,-0.964293343913083
6.0074,198,44,-0.964293343913083
6.0074,198,45,-0.964293343913083
6.0074,198,46,-0.964293343913083
6.0074,198,47,-0.964293343913083
6.0074,198,48,-0.964293343913083
6.0074,198,49,-0.964293343913083
6.0074,198,50,-0.964293343913083
6.0074,198,51,-0.964293343913083
6.0074,198,52,-0.964293343913083
6.0074,198,53,-0.964293343913083
6.0074,198,54,-0.964293343913083
6.0074,198,55,-0.964293343913083
6.0074,198,56,-0.964293343913083
6.0074,198,57,-0.964293343913083
6.0074,198,58,-0.964293343913083
6.0074,198,59,-0.964293343913083
6.0074,198,60,-0.964293343913083
6.0074,198,61,-0.321420941801202
6.0074,198,62,-0.964293343913083
6.0074,198,63,-0.964293343913083
6.0074,198,64,-0.82143620105594
6.0074,198,65,0.964293343913083
6.0074,198,66,1
6.0074,198,67,0.714285714285714
6.0074,198,68,1
6.0074,198,69,-0.964293343913083
6.0074,198,70,-0.964293343913083
6.0074,198,71,-0.964293343913083
6.0074,198,72,-0.964293343913083
6.0074,198,73,-0.964293343913083
6.0074,198,74,0.964293343913083
6.0074,198,75,-0.82143620105594
6.0074,198,76,-0.214270455030976
6.0074,198,77,0.214300973540452
6.0074,198,78,0.964293343913083
6.0074,198,79,0.964293343913083
6.0074,198,80,0.785699026459548
6.0074,198,81,0.0357066560869167
6.0074,198,82,-0.964293343913083
6.0074,198,83,-0.964293343913083
6.0074,198,84,-0.857142857142857
6.0074,198,85,-0.964293343913083
6.0074,198,86,-0.964293343913083
6.0074,198,87,-0.964293343913083
6.0074,198,88,0.964293343913083
6.0074,198,89,1
6.0074,198,90,0.714285714285714
6.0074,198,91,1
6.0074,198,92,-0.964293343913083
6.0074,198,93,-0.964293343913083
6.0074,198,94,-0.964293343913083
6.0074,198,95,-0.964293343913083
6.0074,198,96,-0.964293343913083
6.0074,198,97,0.964293343913083
6.0074,198,98,-0.964293343913083
6.0074,198,99,-0.857142857142857
6.0074,198,100,-0.857142857142857
6.0074,198,101,-0.857142857142857
6.0074,198,102,-0.82143620105594
6.0074,198,103,-0.857142857142857
6.0074,198,104,-0.857142857142857
6.0074,198,105,-0.892849513229774
6.0074,198,106,-0.964293343913083
6.0074,198,107,-0.964293343913083
6.0357,199,1,-0.964293343913083
6.0357,199,2,-0.964293343913083
6.0357,199,3,0.964293343913083
6.0357,199,4,1
6.0357,199,5,0.714285714285714
6.0357,199,6,0.964293343913083
6.0357,199,7,-0.964293343913083
6.0357,199,8,-0.964293343913083
6.0357,199,9,-0.964293343913083
6.0357,199,10,-0.82143620105594
6.0357,199,11,-0.964293343913083
6.0357,199,12,-0.964293343913083
6.0357,199,13,-0.964293343913083
6.0357,199,14,-0.964293343913083
6.0357,199,15,-0.892849513229774
6.0357,199,16,-0.964293343913083
6.0357,199,17,-0.964293343913083
6.0357,199,18,-0.964293343913083
6.0357,199,19,-0.964293343913083
6.0357,199,20,-0.964293343913083
6.0357,199,21,-0.892849513229774
6.0357,199,22,-0.892849513229774
6.0357,199,23,-0.892849513229774
6.0357,199,24,-0.892849513229774
6.0357,199,25,-0.892849513229774
6.0357,199,26,-0.892849513229774
6.0357,199,27,-0.892849513229774
6.0357,199,28,-0.892849513229774
6.0357,199,29,-0.892849513229774
6.0357,199,30,-0.892849513229774
6.0357,199,31,-0.892849513229774
6.0357,199,32,-0.892849513229774
6.0357,199,33,-0.892849513229774
6.0357,199,34,-0.892849513229774
6.0357,199,35,-0.892849513229774
6.0357,199,36,-0.892849513229774
6.0357,199,37,-0.892849513229774
6.0357,199,38,-0.892849513229774
6.0357,199,39,-0.82143620105594
6.0357,199,40,-0.892849513229774
6.0357,199,41,-0.892849513229774
6.0357,199,42,-0.892849513229774
6.0357,199,43,-0.892849513229774
6.0357,199,44,-0.892849513229774
6.0357,199,45,-0.892849513229774
6.0357,199,46,-0.892849513229774
6.0357,199,47,-0.892849513229774
6.0357,199,48,-0.892849513229774
6.0357,199,49,-0.892849513229774
6.0357,199,50,-0.892849513229774
6.0357,199,51,-0.964293343913083
6.0357,199,52,-0.964293343913083
6.0357,199,53,-0.964293343913083
6.0357,199,54,-0.964293343913083
6.0357,199,55,-0.928556169316691
6.0357,199,56,-0.928556169316691
6.0357,199,57,-0.964293343913083
6.0357,199,58,-0.857142857142857
6.0357,199,59,-0.964293343913083
6.0357,199,60,-0.964293343913083
6.0357,199,61,-0.964293343913083
6.0357,199,62,-0.964293343913083
6.0357,199,63,-0.964293343913083
6.0357,199,64,-0.964293343913083
6.0357,199,65,-0.964293343913083
6.0357,199,66,-0.964293343913083
6.0357,199,67,-0.964293343913083
6.0357,199,68,-0.964293343913083
6.0357,199,69,-0.964293343913083
6.0357,199,70,-0.964293343913083
6.0357,199,71,-0.964293343913083
6.0357,199,72,-0.964293343913083
6.0357,199,73,-0.892849513229774
6.0357,199,74,-0.964293343913083
6.0357,199,75,-0.857142857142857
6.0357,199,76,0.964293343913083
6.0357,199,77,1
6.0357,199,78,0.714285714285714
6.0357,199,79,1
6.0357,199,80,-0.928556169316691
6.0357,199,81,0.17856379894406
6.0357,199,82,-0.964293343913083
6.0357,199,83,-0.964293343913083
6.0357,199,84,-0.964293343913083
6.0357,199,85,0.964293343913083
6.0357,199,86,-0.857142857142857
6.0357,199,87,-0.107150486770226
6.0357,199,88,-0.749992370372631
6.0357,199,89,0.107150486770226
6.0357,199,90,0.142857142857143
6.0357,199,91,0.0714438306833094
6.0357,199,92,-0.214270455030976
6.0357,199,93,-0.857142857142857
6.0357,199,94,-0.82143620105594
6.0357,199,95,-0.892849513229774
6.0357,199,96,-0.964293343913083
6.0357,199,97,-0.964293343913083
6.0357,199,98,0.964293343913083
6.0357,199,99,1
6.0357,199,100,0.714285714285714
6.0357,199,101,1
6.0357,199,102,-0.928556169316691
6.0357,199,103,-0.928556169316691
6.0357,199,104,-0.928556169316691
6.0357,199,105,-0.928556169316691
6.0357,199,106,0.964293343913083
6.0357,199,107,0.964293343913083
6.0641,200,1,-0.964293343913083
6.0641,200,2,-0.964293343913083
6.0641,200,3,-0.857142857142857
6.0641,200,4,-0.678579058198798
6.0641,200,5,-0.964293343913083
6.0641,200,6,-0.964293343913083
6.0641,200,7,-0.714285714285714
6.0641,200,8,-0.964293343913083
6.0641,200,9,-0.964293343913083
6.0641,200,10,-0.964293343913083
6.0641,200,11,-0.964293343913083
6.0641,200,12,-0.892849513229774
6.0641,200,13,-0.964293343913083
6.0641,200,14,-0.964293343913083
6.0641,200,15,-0.964293343913083
6.0641,200,16,0.964293343913083
6.0641,200,17,1
6.0641,200,18,0.714285714285714
6.0641,200,19,0.964293343913083
6.0641,200,20,-0.964293343913083
6.0641,200,21,-0.964293343913083
6.0641,200,22,-0.964293343913083
6.0641,200,23,-0.82143620105594
6.0641,200,24,-0.964293343913083
6.0641,200,25,-0.964293343913083
6.0641,200,26,-0.964293343913083
6.0641,200,27,-0.964293343913083
6.0641,200,28,-0.892849513229774
6.0641,200,29,-0.964293343913083
6.0641,200,30,-0.964293343913083
6.0641,200,31,-0.964293343913083
6.0641,200,32,-0.964293343913083
6.0641,200,33,-0.964293343913083
6.0641,200,34,-0.964293343913083
6.0641,200,35,-0.964293343913083
6.0641,200,36,-0.964293343913083
6.0641,200,37,-0.964293343913083
6.0641,200,38,-0.964293343913083
6.0641,200,39,-0.964293343913083
6.0641,200,40,-0.964293343913083
6.0641,200,41,-0.964293343913083
6.0641,200,42,-0.964293343913083
6.0641,200,43,-0.964293343913083
6.0641,200,44,-0.964293343913083
6.0641,200,45,-0.964293343913083
6.0641,200,46,-0.964293343913083
6.0641,200,47,-0.428571428571429
6.0641,200,48,-0.964293343913083
6.0641,200,49,-0.892849513229774
6.0641,200,50,-0.749992370372631
6.0641,200,51,0.964293343913083
6.0641,200,52,1
6.0641,200,53,0.714285714285714
6.0641,200,54,1
6.0641,200,55,-0.964293343913083
6.0641,200,56,-0.964293343913083
6.0641,200,57,-0.964293343913083
6.0641,200,58,-0.964293343913083
6.0641,200,59,-0.964293343913083
6.0641,200,60,0.964293343913083
6.0641,200,61,-0.964293343913083
6.0641,200,62,-0.464278084658345
6.0641,200,63,-0.357158116397595
6.0641,200,64,0.0357066560869167
6.0641,200,65,-0.0714133121738334
6.0641,200,66,0.0357066560869167
6.0641,200,67,-0.357158116397595
6.0641,200,68,-0.964293343913083
6.0641,200,69,-0.964293343913083
6.0641,200,70,-0.964293343913083
6.0641,200,71,-0.964293343913083
6.0641,200,72,0.964293343913083
6.0641,200,73,1
6.0641,200,74,0.714285714285714
6.0641,200,75,1
6.0641,200,76,-0.964293343913083
6.0641,200,77,-0.964293343913083
6.0641,200,78,-0.964293343913083
6.0641,200,79,-0.964293343913083
6.0641,200,80,-0.964293343913083
6.0641,200,81,0.964293343913083
6.0641,200,82,-0.964293343913083
6.0641,200,83,-0.785699026459548
6.0641,200,84,-0.749992370372631
6.0641,200,85,-0.749992370372631
6.0641,200,86,-0.785699026459548
6.0641,200,87,-0.785699026459548
6.0641,200,88,-0.714285714285714
6.0641,200,89,-0.785699026459548
6.0641,200,90,-0.964293343913083
6.0641,200,91,-0.785699026459548
6.0641,200,92,-0.964293343913083
6.0641,200,93,-0.964293343913083
6.0641,200,94,0.964293343913083
6.0641,200,95,1
6.0641,200,96,0.714285714285714
6.0641,200,97,0.964293343913083
6.0641,200,98,-0.964293343913083
6.0641,200,99,-0.964293343913083
6.0641,200,100,-0.964293343913083
6.0641,200,101,-0.82143620105594
6.0641,200,102,-0.964293343913083
6.0641,200,103,-0.964293343913083
6.0641,200,104,-0.964293343913083
6.0641,200,105,-0.964293343913083
6.0641,200,106,-0.714285714285714
6.0641,200,107,-0.892849513229774
6.0925,201,1,-0.857142857142857
6.0925,201,2,-0.857142857142857
6.0925,201,3,-0.892849513229774
6.0925,201,4,-0.857142857142857
6.0925,201,5,-0.892849513229774
6.0925,201,6,-0.892849513229774
6.0925,201,7,-0.857142857142857
6.0925,201,8,-0.857142857142857
6.0925,201,9,-0.892849513229774
6.0925,201,10,-0.785699026459548
6.0925,201,11,-0.857142857142857
6.0925,201,12,-0.892849513229774
6.0925,201,13,-0.857142857142857
6.0925,201,14,-0.857142857142857
6.0925,201,15,-0.892849513229774
6.0925,201,16,-0.857142857142857
6.0925,201,17,-0.857142857142857
6.0925,201,18,-0.892849513229774
6.0925,201,19,-0.857142857142857
6.0925,201,20,-0.857142857142857
6.0925,201,21,-0.892849513229774
6.0925,201,22,-0.892849513229774
6.0925,201,23,-0.857142857142857
6.0925,201,24,-0.892849513229774
6.0925,201,25,-0.857142857142857
6.0925,201,26,-0.857142857142857
6.0925,201,27,-0.892849513229774
6.0925,201,28,-0.857142857142857
6.0925,201,29,-0.857142857142857
6.0925,201,30,-0.892849513229774
6.0925,201,31,-0.857142857142857
6.0925,201,32,-0.857142857142857
6.0925,201,33,-0.892849513229774
6.0925,201,34,-0.857142857142857
6.0925,201,35,-0.857142857142857
6.0925,201,36,-0.892849513229774
6.0925,201,37,-0.892849513229774
6.0925,201,38,-0.892849513229774
6.0925,201,39,-0.892849513229774
6.0925,201,40,-0.892849513229774
6.0925,201,41,-0.964293343913083
6.0925,201,42,-1
6.0925,201,43,-0.964293343913083
6.0925,201,44,-1
6.0925,201,45,-1
6.0925,201,46,-1
6.0925,201,47,-1
6.0925,201,48,-1
6.0925,201,49,-1
6.0925,201,50,-0.964293343913083
6.0925,201,51,-1
6.0925,201,52,-0.964293343913083
6.0925,201,53,-0.678579058198798
6.0925,201,54,0.214300973540452
6.0925,201,55,0.250007629627369
6.0925,201,56,0.607135227515488
6.0925,201,57,0.571428571428571
6.0925,201,58,0.607135227515488
6.0925,201,59,0.428571428571429
6.0925,201,60,0.571428571428571
6.0925,201,61,0.357158116397595
6.0925,201,62,0.535721915341655
6.0925,201,63,0.642841883602405
6.0925,201,64,0.642841883602405
6.0925,201,65,0.607135227515488
6.0925,201,66,0.392864772484512
6.0925,201,67,-0.964293343913083
6.0925,201,68,-0.928556169316691
6.0925,201,69,1
6.0925,201,70,-0.607135227515488
6.0925,201,71,-0.500015259254738
6.0925,201,72,-0.678579058198798
6.0925,201,73,-0.892849513229774
6.0925,201,74,-0.892849513229774
6.0925,201,75,-0.892849513229774
6.0925,201,76,-0.964293343913083
6.0925,201,77,-0.892849513229774
6.0925,201,78,-0.964293343913083
6.0925,201,79,-0.714285714285714
6.0925,201,80,-0.892849513229774
6.0925,201,81,-0.892849513229774
6.0925,201,82,-0.892849513229774
6.0925,201,83,-0.678579058198798
6.0925,201,84,-0.571428571428571
6.0925,201,85,-0.892849513229774
6.0925,201,86,-0.892849513229774
6.0925,201,87,-0.892849513229774
6.0925,201,88,-0.892849513229774
6.0925,201,89,-0.82143620105594
6.0925,201,90,-0.892849513229774
6.0925,201,91,-0.892849513229774
6.0925,201,92,-0.892849513229774
6.0925,201,93,-0.892849513229774
6.0925,201,94,-0.892849513229774
6.0925,201,95,-0.964293343913083
6.0925,201,96,-0.892849513229774
6.0925,201,97,-0.714285714285714
6.0925,201,98,-0.892849513229774
6.0925,201,99,-0.892849513229774
6.0925,201,100,-0.892849513229774
6.0925,201,101,-0.892849513229774
6.0925,201,102,-0.892849513229774
6.0925,201,103,-0.82143620105594
6.0925,201,104,-0.964293343913083
6.0925,201,105,-0.964293343913083
6.0925,201,106,-0.964293343913083
6.0925,201,107,-0.964293343913083
6.1209,202,1,-0.892849513229774
6.1209,202,2,-0.964293343913083
6.1209,202,3,-0.964293343913083
6.1209,202,4,-0.642841883602405
6.1209,202,5,-0.785699026459548
6.1209,202,6,-0.785699026459548
6.1209,202,7,-0.857142857142857
6.1209,202,8,-0.642841883602405
6.1209,202,9,-0.857142857142857
6.1209,202,10,1
6.1209,202,11,1
6.1209,202,12,1
6.1209,202,13,1
6.1209,202,14,1
6.1209,202,15,-0.142857142857143
6.1209,202,16,-0.535721915341655
6.1209,202,17,0.0357066560869167
6.1209,202,18,1
6.1209,202,19,1
6.1209,202,20,0.642841883602405
6.1209,202,21,-0.535721915341655
6.1209,202,22,0.464278084658345
6.1209,202,23,1
6.1209,202,24,0.964293343913083
6.1209,202,25,1
6.1209,202,26,-0.142857142857143
6.1209,202,27,-0.464278084658345
6.1209,202,28,-0.535721915341655
6.1209,202,29,-0.357158116397595
6.1209,202,30,0
6.1209,202,31,0.964293343913083
6.1209,202,32,1
6.1209,202,33,1
6.1209,202,34,1
6.1209,202,35,1
6.1209,202,36,0.357158116397595
6.1209,202,37,-0.535721915341655
6.1209,202,38,-0.535721915341655
6.1209,202,39,-0.321420941801202
6.1209,202,40,-0.500015259254738
6.1209,202,41,-0.535721915341655
6.1209,202,42,-0.535721915341655
6.1209,202,43,-0.357158116397595
6.1209,202,44,0.285714285714286
6.1209,202,45,1
6.1209,202,46,1
6.1209,202,47,1
6.1209,202,48,1
6.1209,202,49,1
6.1209,202,50,0.357158116397595
6.1209,202,51,-0.535721915341655
6.1209,202,52,-0.749992370372631
6.1209,202,53,1
6.1209,202,54,1
6.1209,202,55,0.678579058198798
6.1209,202,56,-0.392864772484512
6.1209,202,57,-0.535721915341655
6.1209,202,58,-0.392864772484512
6.1209,202,59,0.464278084658345
6.1209,202,60,-0.785699026459548
6.1209,202,61,-0.928556169316691
6.1209,202,62,1
6.1209,202,63,-0.500015259254738
6.1209,202,64,1
6.1209,202,65,-0.82143620105594
6.1209,202,66,-0.785699026459548
6.1209,202,67,-0.535721915341655
6.1209,202,68,-0.142857142857143
6.1209,202,69,1
6.1209,202,70,-0.749992370372631
6.1209,202,71,1
6.1209,202,72,-0.892849513229774
6.1209,202,73,-0.714285714285714
6.1209,202,74,-0.892849513229774
6.1209,202,75,-0.964293343913083
6.1209,202,76,-0.964293343913083
6.1209,202,77,-0.964293343913083
6.1209,202,78,-0.964293343913083
6.1209,202,79,-0.964293343913083
6.1209,202,80,-0.964293343913083
6.1209,202,81,-0.964293343913083
6.1209,202,82,-0.964293343913083
6.1209,202,83,-0.964293343913083
6.1209,202,84,-0.964293343913083
6.1209,202,85,-0.857142857142857
6.1209,202,86,-0.964293343913083
6.1209,202,87,-0.892849513229774
6.1209,202,88,-0.892849513229774
6.1209,202,89,-0.928556169316691
6.1209,202,90,-0.928556169316691
6.1209,202,91,-0.928556169316691
6.1209,202,92,-0.928556169316691
6.1209,202,93,0.964293343913083
6.1209,202,94,-0.964293343913083
6.1209,202,95,0.678579058198798
6.1209,202,96,-0.357158116397595
6.1209,202,97,-0.964293343913083
6.1209,202,98,-0.214270455030976
6.1209,202,99,0.214300973540452
6.1209,202,100,-0.964293343913083
6.1209,202,101,-0.928556169316691
6.1209,202,102,-0.964293343913083
6.1209,202,103,-0.964293343913083
6.1209,202,104,-0.964293343913083
6.1209,202,105,-0.785699026459548
6.1209,202,106,-0.964293343913083
6.1209,202,107,-0.964293343913083
6.1492,203,1,-0.964293343913083
6.1492,203,2,-0.785699026459548
6.1492,203,3,-0.892849513229774
6.1492,203,4,-0.892849513229774
6.1492,203,5,-0.857142857142857
6.1492,203,6,-0.892849513229774
6.1492,203,7,-0.892849513229774
6.1492,203,8,-0.892849513229774
6.1492,203,9,-0.607135227515488
6.1492,203,10,-0.678579058198798
6.1492,203,11,-0.892849513229774
6.1492,203,12,-0.857142857142857
6.1492,203,13,-0.857142857142857
6.1492,203,14,-0.892849513229774
6.1492,203,15,-0.892849513229774
6.1492,203,16,-0.535721915341655
6.1492,203,17,-0.642841883602405
6.1492,203,18,-0.571428571428571
6.1492,203,19,-0.500015259254738
6.1492,203,20,-0.500015259254738
6.1492,203,21,-0.428571428571429
6.1492,203,22,-0.892849513229774
6.1492,203,23,-0.857142857142857
6.1492,203,24,-0.892849513229774
6.1492,203,25,-0.964293343913083
6.1492,203,26,-0.964293343913083
6.1492,203,27,-0.964293343913083
6.1492,203,28,-0.964293343913083
6.1492,203,29,-0.82143620105594
6.1492,203,30,-0.892849513229774
6.1492,203,31,-0.892849513229774
6.1492,203,32,-0.892849513229774
6.1492,203,33,-0.785699026459548
6.1492,203,34,-0.749992370372631
6.1492,203,35,1
6.1492,203,36,-0.785699026459548
6.1492,203,37,0.142857142857143
6.1492,203,38,-0.749992370372631
6.1492,203,39,-0.82143620105594
6.1492,203,40,-0.892849513229774
6.1492,203,41,-0.964293343913083
6.1492,203,42,-0.964293343913083
6.1492,203,43,-0.964293343913083
6.1492,203,44,-0.892849513229774
6.1492,203,45,-0.964293343913083
6.1492,203,46,-0.964293343913083
6.1492,203,47,-0.964293343913083
6.1492,203,48,-0.964293343913083
6.1492,203,49,-0.964293343913083
6.1492,203,50,-0.785699026459548
6.1492,203,51,0.964293343913083
6.1492,203,52,1
6.1492,203,53,0.571428571428571
6.1492,203,54,0.964293343913083
6.1492,203,55,-0.964293343913083
6.1492,203,56,-0.82143620105594
6.1492,203,57,-0.964293343913083
6.1492,203,58,-0.964293343913083
6.1492,203,59,-0.964293343913083
6.1492,203,60,-0.0714133121738334
6.1492,203,61,0.214300973540452
6.1492,203,62,-0.964293343913083
6.1492,203,63,-0.964293343913083
6.1492,203,64,-0.964293343913083
6.1492,203,65,-0.964293343913083
6.1492,203,66,-0.964293343913083
6.1492,203,67,0.964293343913083
6.1492,203,68,-0.892849513229774
6.1492,203,69,-0.857142857142857
6.1492,203,70,-0.964293343913083
6.1492,203,71,-0.82143620105594
6.1492,203,72,-0.892849513229774
6.1492,203,73,-0.857142857142857
6.1492,203,74,-0.82143620105594
6.1492,203,75,-0.857142857142857
6.1492,203,76,-0.857142857142857
6.1492,203,77,-0.857142857142857
6.1492,203,78,-0.964293343913083
6.1492,203,79,-0.964293343913083
6.1492,203,80,-0.964293343913083
6.1492,203,81,-0.964293343913083
6.1492,203,82,0.964293343913083
6.1492,203,83,0.964293343913083
6.1492,203,84,0.535721915341655
6.1492,203,85,0.964293343913083
6.1492,203,86,-0.964293343913083
6.1492,203,87,-0.964293343913083
6.1492,203,88,-0.0714133121738334
6.1492,203,89,-0.892849513229774
6.1492,203,90,-0.928556169316691
6.1492,203,91,-0.928556169316691
6.1492,203,92,-0.928556169316691
6.1492,203,93,0.964293343913083
6.1492,203,94,-0.892849513229774
6.1492,203,95,-0.964293343913083
6.1492,203,96,-0.392864772484512
6.1492,203,97,-0.0714133121738334
6.1492,203,98,-0.714285714285714
6.1492,203,99,-0.964293343913083
6.1492,203,100,-0.928556169316691
6.1492,203,101,-0.928556169316691
6.1492,203,102,-0.928556169316691
6.1492,203,103,-0.928556169316691
6.1492,203,104,-0.928556169316691
6.1492,203,105,-0.928556169316691
6.1492,203,106,-0.928556169316691
6.1492,203,107,-0.928556169316691
6.1776,204,1,-0.107150486770226
6.1776,204,2,-0.964293343913083
6.1776,204,3,-0.964293343913083
6.1776,204,4,-0.857142857142857
6.1776,204,5,0.964293343913083
6.1776,204,6,1
6.1776,204,7,0.500015259254738
6.1776,204,8,1
6.1776,204,9,-0.964293343913083
6.1776,204,10,-0.964293343913083
6.1776,204,11,-0.964293343913083
6.1776,204,12,-0.964293343913083
6.1776,204,13,-0.964293343913083
6.1776,204,14,0.892849513229774
6.1776,204,15,-0.964293343913083
6.1776,204,16,-0.964293343913083
6.1776,204,17,-0.857142857142857
6.1776,204,18,-0.82143620105594
6.1776,204,19,-0.857142857142857
6.1776,204,20,-0.82143620105594
6.1776,204,21,-0.785699026459548
6.1776,204,22,-0.82143620105594
6.1776,204,23,-0.964293343913083
6.1776,204,24,0
6.1776,204,25,-0.964293343913083
6.1776,204,26,-0.785699026459548
6.1776,204,27,-0.892849513229774
6.1776,204,28,-0.964293343913083
6.1776,204,29,-0.964293343913083
6.1776,204,30,-0.964293343913083
6.1776,204,31,-0.964293343913083
6.1776,204,32,-0.964293343913083
6.1776,204,33,0.964293343913083
6.1776,204,34,1
6.1776,204,35,0.464278084658345
6.1776,204,36,0.964293343913083
6.1776,204,37,-0.964293343913083
6.1776,204,38,-0.892849513229774
6.1776,204,39,-0.857142857142857
6.1776,204,40,-0.892849513229774
6.1776,204,41,-0.857142857142857
6.1776,204,42,-0.857142857142857
6.1776,204,43,-0.892849513229774
6.1776,204,44,-0.857142857142857
6.1776,204,45,-0.857142857142857
6.1776,204,46,-0.892849513229774
6.1776,204,47,-0.857142857142857
6.1776,204,48,-0.892849513229774
6.1776,204,49,-0.892849513229774
6.1776,204,50,-0.892849513229774
6.1776,204,51,-0.857142857142857
6.1776,204,52,-0.892849513229774
6.1776,204,53,-0.857142857142857
6.1776,204,54,-0.857142857142857
6.1776,204,55,-0.892849513229774
6.1776,204,56,-0.857142857142857
6.1776,204,57,-0.857142857142857
6.1776,204,58,-0.892849513229774
6.1776,204,59,-0.857142857142857
6.1776,204,60,-0.857142857142857
6.1776,204,61,-0.892849513229774
6.1776,204,62,-0.857142857142857
6.1776,204,63,-0.857142857142857
6.1776,204,64,-0.892849513229774
6.1776,204,65,-0.857142857142857
6.1776,204,66,-0.857142857142857
6.1776,204,67,-0.892849513229774
6.1776,204,68,-0.857142857142857
6.1776,204,69,-0.857142857142857
6.1776,204,70,-0.892849513229774
6.1776,204,71,-0.857142857142857
6.1776,204,72,-0.857142857142857
6.1776,204,73,-0.892849513229774
6.1776,204,74,-0.857142857142857
6.1776,204,75,-0.892849513229774
6.1776,204,76,-0.892849513229774
6.1776,204,77,-0.892849513229774
6.1776,204,78,-0.892849513229774
6.1776,204,79,-1
6.1776,204,80,-1
6.1776,204,81,-1
6.1776,204,82,-1
6.1776,204,83,-1
6.1776,204,84,-1
6.1776,204,85,-1
6.1776,204,86,-1
6.1776,204,87,-1
6.1776,204,88,-1
6.1776,204,89,-0.964293343913083
6.1776,204,90,-0.964293343913083
6.1776,204,91,-0.857142857142857
6.1776,204,92,-0.785699026459548
6.1776,204,93,0.321420941801202
6.1776,204,94,-0.392864772484512
6.1776,204,95,-0.285714285714286
6.1776,204,96,0.285714285714286
6.1776,204,97,0.285714285714286
6.1776,204,98,0.500015259254738
6.1776,204,99,0.142857142857143
6.1776,204,100,0.535721915341655
6.1776,204,101,0.392864772484512
6.1776,204,102,0.321420941801202
6.1776,204,103,0.714285714285714
6.1776,204,104,0.642841883602405
6.1776,204,105,0.250007629627369
6.1776,204,106,-0.464278084658345
6.1776,204,107,-0.964293343913083
6.206,205,1,-0.785699026459548
6.206,205,2,1
6.206,205,3,-0.535721915341655
6.206,205,4,-0.535721915341655
6.206,205,5,-0.892849513229774
6.206,205,6,-0.642841883602405
6.206,205,7,-0.892849513229774
6.206,205,8,-0.892849513229774
6.206,205,9,-0.892849513229774
6.206,205,10,-0.892849513229774
6.206,205,11,-0.892849513229774
6.206,205,12,-0.964293343913083
6.206,205,13,-0.892849513229774
6.206,205,14,-0.964293343913083
6.206,205,15,-0.785699026459548
6.206,205,16,-0.892849513229774
6.206,205,17,-0.892849513229774
6.206,205,18,-0.892849513229774
6.206,205,19,-0.892849513229774
6.206,205,20,-0.892849513229774
6.206,205,21,-0.892849513229774
6.206,205,22,-0.892849513229774
6.206,205,23,-0.892849513229774
6.206,205,24,-0.892849513229774
6.206,205,25,-0.892849513229774
6.206,205,26,-0.749992370372631
6.206,205,27,-0.892849513229774
6.206,205,28,-0.892849513229774
6.206,205,29,-0.892849513229774
6.206,205,30,-0.892849513229774
6.206,205,31,-0.392864772484512
6.206,205,32,-0.285714285714286
6.206,205,33,-0.785699026459548
6.206,205,34,-0.892849513229774
6.206,205,35,-0.892849513229774
6.206,205,36,-0.857142857142857
6.206,205,37,-0.82143620105594
6.206,205,38,-0.571428571428571
6.206,205,39,-0.892849513229774
6.206,205,40,-0.892849513229774
6.206,205,41,-0.357158116397595
6.206,205,42,-0.428571428571429
6.206,205,43,-0.785699026459548
6.206,205,44,-0.892849513229774
6.206,205,45,-0.892849513229774
6.206,205,46,0.571428571428571
6.206,205,47,-0.892849513229774
6.206,205,48,-0.928556169316691
6.206,205,49,-0.964293343913083
6.206,205,50,-0.964293343913083
6.206,205,51,-0.857142857142857
6.206,205,52,-0.642841883602405
6.206,205,53,-0.892849513229774
6.206,205,54,-0.892849513229774
6.206,205,55,-0.892849513229774
6.206,205,56,-0.892849513229774
6.206,205,57,-0.749992370372631
6.206,205,58,-0.964293343913083
6.206,205,59,-0.964293343913083
6.206,205,60,-0.964293343913083
6.206,205,61,-0.964293343913083
6.206,205,62,-0.964293343913083
6.206,205,63,-0.964293343913083
6.206,205,64,-0.964293343913083
6.206,205,65,-0.964293343913083
6.206,205,66,-0.964293343913083
6.206,205,67,-0.964293343913083
6.206,205,68,-0.964293343913083
6.206,205,69,-0.82143620105594
6.206,205,70,-0.964293343913083
6.206,205,71,-0.964293343913083
6.206,205,72,-0.964293343913083
6.206,205,73,-0.964293343913083
6.206,205,74,-0.964293343913083
6.206,205,75,-0.964293343913083
6.206,205,76,-0.964293343913083
6.206,205,77,-0.964293343913083
6.206,205,78,-0.964293343913083
6.206,205,79,-0.964293343913083
6.206,205,80,-0.964293343913083
6.206,205,81,-0.964293343913083
6.206,205,82,-0.964293343913083
6.206,205,83,-0.928556169316691
6.206,205,84,-0.964293343913083
6.206,205,85,-0.678579058198798
6.206,205,86,-0.857142857142857
6.206,205,87,-0.607135227515488
6.206,205,88,-0.857142857142857
6.206,205,89,0.250007629627369
6.206,205,90,-0.857142857142857
6.206,205,91,0.928586687826167
6.206,205,92,-0.17856379894406
6.206,205,93,1
6.206,205,94,-0.107150486770226
6.206,205,95,-0.535721915341655
6.206,205,96,-0.500015259254738
6.206,205,97,1
6.206,205,98,0.500015259254738
6.206,205,99,-0.535721915341655
6.206,205,100,0.464278084658345
6.206,205,101,1
6.206,205,102,-0.500015259254738
6.206,205,103,0.964293343913083
6.206,205,104,1
6.206,205,105,1
6.206,205,106,-0.392864772484512
6.206,205,107,-0.535721915341655
6.2344,206,1,1
6.2344,206,2,1
6.2344,206,3,1
6.2344,206,4,-0.535721915341655
6.2344,206,5,-0.285714285714286
6.2344,206,6,1
6.2344,206,7,1
6.2344,206,8,-0.571428571428571
6.2344,206,9,-0.500015259254738
6.2344,206,10,1
6.2344,206,11,1
6.2344,206,12,0.107150486770226
6.2344,206,13,-0.535721915341655
6.2344,206,14,1
6.2344,206,15,1
6.2344,206,16,1
6.2344,206,17,-0.535721915341655
6.2344,206,18,-0.0357066560869167
6.2344,206,19,-0.428571428571429
6.2344,206,20,-0.928556169316691
6.2344,206,21,-0.964293343913083
6.2344,206,22,-0.928556169316691
6.2344,206,23,-0.964293343913083
6.2344,206,24,0.928586687826167
6.2344,206,25,-0.964293343913083
6.2344,206,26,-0.964293343913083
6.2344,206,27,-0.964293343913083
6.2344,206,28,-0.964293343913083
6.2344,206,29,-0.964293343913083
6.2344,206,30,-0.964293343913083
6.2344,206,31,-0.964293343913083
6.2344,206,32,-0.785699026459548
6.2344,206,33,-0.892849513229774
6.2344,206,34,1
6.2344,206,35,-0.107150486770226
6.2344,206,36,-0.535721915341655
6.2344,206,37,-0.500015259254738
6.2344,206,38,-0.428571428571429
6.2344,206,39,-0.535721915341655
6.2344,206,40,0.964293343913083
6.2344,206,41,-0.964293343913083
6.2344,206,42,-0.892849513229774
6.2344,206,43,-0.82143620105594
6.2344,206,44,-0.892849513229774
6.2344,206,45,-0.785699026459548
6.2344,206,46,-0.964293343913083
6.2344,206,47,-0.964293343913083
6.2344,206,48,-0.964293343913083
6.2344,206,49,-0.964293343913083
6.2344,206,50,-0.964293343913083
6.2344,206,51,-0.964293343913083
6.2344,206,52,-0.964293343913083
6.2344,206,53,-0.857142857142857
6.2344,206,54,-0.785699026459548
6.2344,206,55,-0.464278084658345
6.2344,206,56,-0.321420941801202
6.2344,206,57,-0.392864772484512
6.2344,206,58,-0.535721915341655
6.2344,206,59,-0.785699026459548
6.2344,206,60,-0.535721915341655
6.2344,206,61,-0.535721915341655
6.2344,206,62,-0.82143620105594
6.2344,206,63,-0.571428571428571
6.2344,206,64,-0.785699026459548
6.2344,206,65,-0.749992370372631
6.2344,206,66,-0.357158116397595
6.2344,206,67,-0.321420941801202
6.2344,206,68,-0.321420941801202
6.2344,206,69,-0.357158116397595
6.2344,206,70,-0.785699026459548
6.2344,206,71,-0.607135227515488
6.2344,206,72,-0.749992370372631
6.2344,206,73,-0.857142857142857
6.2344,206,74,-0.464278084658345
6.2344,206,75,-0.82143620105594
6.2344,206,76,-0.642841883602405
6.2344,206,77,-0.321420941801202
6.2344,206,78,-0.500015259254738
6.2344,206,79,-0.428571428571429
6.2344,206,80,-0.500015259254738
6.2344,206,81,-0.571428571428571
6.2344,206,82,-0.285714285714286
6.2344,206,83,-0.678579058198798
6.2344,206,84,-0.785699026459548
6.2344,206,85,-0.428571428571429
6.2344,206,86,-0.607135227515488
6.2344,206,87,-0.82143620105594
6.2344,206,88,-0.785699026459548
6.2344,206,89,-0.857142857142857
6.2344,206,90,-0.428571428571429
6.2344,206,91,-0.250007629627369
6.2344,206,92,-0.392864772484512
6.2344,206,93,-0.892849513229774
6.2344,206,94,-0.892849513229774
6.2344,206,95,-0.892849513229774
6.2344,206,96,-0.964293343913083
6.2344,206,97,-0.142857142857143
6.2344,206,98,-0.82143620105594
6.2344,206,99,0.857142857142857
6.2344,206,100,1
6.2344,206,101,-0.571428571428571
6.2344,206,102,-0.749992370372631
6.2344,206,103,-0.892849513229774
6.2344,206,104,-0.500015259254738
6.2344,206,105,1
6.2344,206,106,1
6.2344,206,107,-0.0357066560869167
6.2627,207,1,1
6.2627,207,2,-0.678579058198798
6.2627,207,3,1
6.2627,207,4,-0.892849513229774
6.2627,207,5,-0.892849513229774
6.2627,207,6,-0.892849513229774
6.2627,207,7,-0.892849513229774
6.2627,207,8,-0.964293343913083
6.2627,207,9,-0.964293343913083
6.2627,207,10,-0.964293343913083
6.2627,207,11,-0.964293343913083
6.2627,207,12,-0.964293343913083
6.2627,207,13,-0.964293343913083
6.2627,207,14,1
6.2627,207,15,-0.964293343913083
6.2627,207,16,-0.500015259254738
6.2627,207,17,-0.464278084658345
6.2627,207,18,-0.464278084658345
6.2627,207,19,-0.464278084658345
6.2627,207,20,-0.535721915341655
6.2627,207,21,0.964293343913083
6.2627,207,22,-0.964293343913083
6.2627,207,23,-0.964293343913083
6.2627,207,24,-0.82143620105594
6.2627,207,25,-0.749992370372631
6.2627,207,26,-0.250007629627369
6.2627,207,27,-0.82143620105594
6.2627,207,28,-0.857142857142857
6.2627,207,29,-0.964293343913083
6.2627,207,30,-0.964293343913083
6.2627,207,31,-0.964293343913083
6.2627,207,32,-0.964293343913083
6.2627,207,33,-0.964293343913083
6.2627,207,34,-0.857142857142857
6.2627,207,35,1
6.2627,207,36,1
6.2627,207,37,0.642841883602405
6.2627,207,38,0.964293343913083
6.2627,207,39,-0.964293343913083
6.2627,207,40,1
6.2627,207,41,-0.964293343913083
6.2627,207,42,-0.928556169316691
6.2627,207,43,-0.928556169316691
6.2627,207,44,-0.928556169316691
6.2627,207,45,-0.928556169316691
6.2627,207,46,-0.928556169316691
6.2627,207,47,1
6.2627,207,48,-0.964293343913083
6.2627,207,49,-0.964293343913083
6.2627,207,50,-0.964293343913083
6.2627,207,51,-0.964293343913083
6.2627,207,52,-0.785699026459548
6.2627,207,53,-0.749992370372631
6.2627,207,54,-0.714285714285714
6.2627,207,55,-0.678579058198798
6.2627,207,56,-0.714285714285714
6.2627,207,57,-0.749992370372631
6.2627,207,58,-0.785699026459548
6.2627,207,59,-0.964293343913083
6.2627,207,60,-0.892849513229774
6.2627,207,61,-0.964293343913083
6.2627,207,62,-0.964293343913083
6.2627,207,63,-0.964293343913083
6.2627,207,64,-0.964293343913083
6.2627,207,65,-0.892849513229774
6.2627,207,66,1
6.2627,207,67,1
6.2627,207,68,0.678579058198798
6.2627,207,69,1
6.2627,207,70,-0.892849513229774
6.2627,207,71,0.285714285714286
6.2627,207,72,-0.964293343913083
6.2627,207,73,-0.964293343913083
6.2627,207,74,-0.964293343913083
6.2627,207,75,0.964293343913083
6.2627,207,76,-0.678579058198798
6.2627,207,77,-0.964293343913083
6.2627,207,78,-0.928556169316691
6.2627,207,79,-0.964293343913083
6.2627,207,80,-0.964293343913083
6.2627,207,81,-0.678579058198798
6.2627,207,82,-0.964293343913083
6.2627,207,83,-0.928556169316691
6.2627,207,84,-0.964293343913083
6.2627,207,85,-0.964293343913083
6.2627,207,86,-0.964293343913083
6.2627,207,87,-0.964293343913083
6.2627,207,88,1
6.2627,207,89,1
6.2627,207,90,0.714285714285714
6.2627,207,91,0.964293343913083
6.2627,207,92,-0.964293343913083
6.2627,207,93,-0.964293343913083
6.2627,207,94,-0.964293343913083
6.2627,207,95,-0.857142857142857
6.2627,207,96,-0.964293343913083
6.2627,207,97,-0.964293343913083
6.2627,207,98,-0.964293343913083
6.2627,207,99,-0.964293343913083
6.2627,207,100,-0.892849513229774
6.2627,207,101,-0.964293343913083
6.2627,207,102,-0.964293343913083
6.2627,207,103,-0.964293343913083
6.2627,207,104,-0.964293343913083
6.2627,207,105,-0.964293343913083
6.2627,207,106,-0.964293343913083
6.2627,207,107,-0.964293343913083
6.2911,208,1,-0.964293343913083
6.2911,208,2,-0.964293343913083
6.2911,208,3,-0.107150486770226
6.2911,208,4,-0.928556169316691
6.2911,208,5,-0.928556169316691
6.2911,208,6,-0.928556169316691
6.2911,208,7,-0.928556169316691
6.2911,208,8,0.928586687826167
6.2911,208,9,-0.964293343913083
6.2911,208,10,0.214300973540452
6.2911,208,11,-0.964293343913083
6.2911,208,12,-0.964293343913083
6.2911,208,13,-0.964293343913083
6.2911,208,14,-0.464278084658345
6.2911,208,15,-0.285714285714286
6.2911,208,16,-0.321420941801202
6.2911,208,17,-0.357158116397595
6.2911,208,18,0.82143620105594
6.2911,208,19,0.82143620105594
6.2911,208,20,-0.964293343913083
6.2911,208,21,-0.964293343913083
6.2911,208,22,1
6.2911,208,23,-0.964293343913083
6.2911,208,24,-0.964293343913083
6.2911,208,25,-0.964293343913083
6.2911,208,26,-0.964293343913083
6.2911,208,27,-0.892849513229774
6.2911,208,28,-0.964293343913083
6.2911,208,29,-0.964293343913083
6.2911,208,30,-0.964293343913083
6.2911,208,31,-0.964293343913083
6.2911,208,32,-0.82143620105594
6.2911,208,33,-0.678579058198798
6.2911,208,34,-0.500015259254738
6.2911,208,35,-0.82143620105594
6.2911,208,36,-0.892849513229774
6.2911,208,37,-0.892849513229774
6.2911,208,38,-0.785699026459548
6.2911,208,39,-0.82143620105594
6.2911,208,40,-0.892849513229774
6.2911,208,41,-0.964293343913083
6.2911,208,42,-0.857142857142857
6.2911,208,43,1
6.2911,208,44,1
6.2911,208,45,0.749992370372631
6.2911,208,46,0.964293343913083
6.2911,208,47,-0.964293343913083
6.2911,208,48,-0.857142857142857
6.2911,208,49,-0.892849513229774
6.2911,208,50,-0.892849513229774
6.2911,208,51,-0.892849513229774
6.2911,208,52,-0.892849513229774
6.2911,208,53,-0.892849513229774
6.2911,208,54,-0.857142857142857
6.2911,208,55,-0.892849513229774
6.2911,208,56,-0.892849513229774
6.2911,208,57,-0.892849513229774
6.2911,208,58,-0.892849513229774
6.2911,208,59,-0.892849513229774
6.2911,208,60,-0.892849513229774
6.2911,208,61,-0.857142857142857
6.2911,208,62,-0.749992370372631
6.2911,208,63,-0.892849513229774
6.2911,208,64,-0.892849513229774
6.2911,208,65,-0.892849513229774
6.2911,208,66,-0.892849513229774
6.2911,208,67,-0.892849513229774
6.2911,208,68,-0.892849513229774
6.2911,208,69,-0.892849513229774
6.2911,208,70,-0.892849513229774
6.2911,208,71,-0.892849513229774
6.2911,208,72,-0.892849513229774
6.2911,208,73,-0.892849513229774
6.2911,208,74,-0.892849513229774
6.2911,208,75,-0.892849513229774
6.2911,208,76,-0.892849513229774
6.2911,208,77,-0.892849513229774
6.2911,208,78,-0.892849513229774
6.2911,208,79,-0.892849513229774
6.2911,208,80,-0.892849513229774
6.2911,208,81,-0.892849513229774
6.2911,208,82,-0.892849513229774
6.2911,208,83,-0.892849513229774
6.2911,208,84,-0.892849513229774
6.2911,208,85,-0.892849513229774
6.2911,208,86,-0.892849513229774
6.2911,208,87,-0.892849513229774
6.2911,208,88,-0.892849513229774
6.2911,208,89,-0.892849513229774
6.2911,208,90,-1
6.2911,208,91,-1
6.2911,208,92,-1
6.2911,208,93,-1
6.2911,208,94,-1
6.2911,208,95,-1
6.2911,208,96,-1
6.2911,208,97,-1
6.2911,208,98,-0.964293343913083
6.2911,208,99,-1
6.2911,208,100,-1
6.2911,208,101,-0.964293343913083
6.2911,208,102,-0.857142857142857
6.2911,208,103,-0.500015259254738
6.2911,208,104,-0.214270455030976
6.2911,208,105,-0.571428571428571
6.2911,208,106,-0.357158116397595
6.2911,208,107,-0.17856379894406
6.3195,209,1,0.357158116397595
6.3195,209,2,0.500015259254738
6.3195,209,3,0.250007629627369
6.3195,209,4,0.607135227515488
6.3195,209,5,-0.964293343913083
6.3195,209,6,-0.785699026459548
6.3195,209,7,1
6.3195,209,8,-0.500015259254738
6.3195,209,9,-0.535721915341655
6.3195,209,10,-0.678579058198798
6.3195,209,11,-0.892849513229774
6.3195,209,12,-0.892849513229774
6.3195,209,13,-0.892849513229774
6.3195,209,14,-0.964293343913083
6.3195,209,15,-0.964293343913083
6.3195,209,16,-0.892849513229774
6.3195,209,17,-0.714285714285714
6.3195,209,18,-0.892849513229774
6.3195,209,19,-0.892849513229774
6.3195,209,20,-0.857142857142857
6.3195,209,21,-0.749992370372631
6.3195,209,22,-0.892849513229774
6.3195,209,23,-0.892849513229774
6.3195,209,24,-0.464278084658345
6.3195,209,25,-0.857142857142857
6.3195,209,26,-0.892849513229774
6.3195,209,27,0.250007629627369
6.3195,209,28,-0.749992370372631
6.3195,209,29,-0.892849513229774
6.3195,209,30,-0.892849513229774
6.3195,209,31,-0.607135227515488
6.3195,209,32,-0.785699026459548
6.3195,209,33,-0.892849513229774
6.3195,209,34,-0.892849513229774
6.3195,209,35,-0.892849513229774
6.3195,209,36,-0.892849513229774
6.3195,209,37,-0.82143620105594
6.3195,209,38,-0.785699026459548
6.3195,209,39,-0.500015259254738
6.3195,209,40,-0.892849513229774
6.3195,209,41,-0.892849513229774
6.3195,209,42,-0.892849513229774
6.3195,209,43,-0.785699026459548
6.3195,209,44,-0.464278084658345
6.3195,209,45,-0.535721915341655
6.3195,209,46,-0.892849513229774
6.3195,209,47,-0.892849513229774
6.3195,209,48,-0.892849513229774
6.3195,209,49,-0.785699026459548
6.3195,209,50,-0.571428571428571
6.3195,209,51,-0.892849513229774
6.3195,209,52,-0.892849513229774
6.3195,209,53,-0.892849513229774
6.3195,209,54,-0.892849513229774
6.3195,209,55,-0.82143620105594
6.3195,209,56,-0.892849513229774
6.3195,209,57,-0.892849513229774
6.3195,209,58,0.464278084658345
6.3195,209,59,-0.607135227515488
6.3195,209,60,-0.892849513229774
6.3195,209,61,-0.892849513229774
6.3195,209,62,-0.464278084658345
6.3195,209,63,-0.892849513229774
6.3195,209,64,-0.892849513229774
6.3195,209,65,-0.892849513229774
6.3195,209,66,-0.82143620105594
6.3195,209,67,-0.785699026459548
6.3195,209,68,-0.464278084658345
6.3195,209,69,-0.428571428571429
6.3195,209,70,-0.82143620105594
6.3195,209,71,-0.892849513229774
6.3195,209,72,-0.892849513229774
6.3195,209,73,-0.82143620105594
6.3195,209,74,-0.892849513229774
6.3195,209,75,-0.642841883602405
6.3195,209,76,-0.892849513229774
6.3195,209,77,-0.357158116397595
6.3195,209,78,-0.535721915341655
6.3195,209,79,-0.892849513229774
6.3195,209,80,-0.892849513229774
6.3195,209,81,-0.82143620105594
6.3195,209,82,-0.892849513229774
6.3195,209,83,-0.857142857142857
6.3195,209,84,-0.82143620105594
6.3195,209,85,-0.892849513229774
6.3195,209,86,0.500015259254738
6.3195,209,87,-0.571428571428571
6.3195,209,88,-0.892849513229774
6.3195,209,89,-0.892849513229774
6.3195,209,90,-0.428571428571429
6.3195,209,91,-0.892849513229774
6.3195,209,92,-0.892849513229774
6.3195,209,93,-0.892849513229774
6.3195,209,94,-0.892849513229774
6.3195,209,95,-0.964293343913083
6.3195,209,96,-0.964293343913083
6.3195,209,97,-0.749992370372631
6.3195,209,98,-0.678579058198798
6.3195,209,99,-0.892849513229774
6.3195,209,100,-0.392864772484512
6.3195,209,101,-0.82143620105594
6.3195,209,102,-0.678579058198798
6.3195,209,103,-0.642841883602405
6.3195,209,104,-0.535721915341655
6.3195,209,105,-0.82143620105594
6.3195,209,106,-0.428571428571429
6.3195,209,107,-0.642841883602405
6.3479,210,1,-0.464278084658345
6.3479,210,2,-0.82143620105594
6.3479,210,3,-0.892849513229774
6.3479,210,4,-0.892849513229774
6.3479,210,5,-0.892849513229774
6.3479,210,6,-0.892849513229774
6.3479,210,7,-0.964293343913083
6.3479,210,8,-0.964293343913083
6.3479,210,9,-0.964293343913083
6.3479,210,10,-0.964293343913083
6.3479,210,11,-0.964293343913083
6.3479,210,12,-0.964293343913083
6.3479,210,13,-0.964293343913083
6.3479,210,14,-0.892849513229774
6.3479,210,15,-0.749992370372631
6.3479,210,16,-0.857142857142857
6.3479,210,17,-0.857142857142857
6.3479,210,18,-0.500015259254738
6.3479,210,19,-0.857142857142857
6.3479,210,20,1
6.3479,210,21,-0.500015259254738
6.3479,210,22,1
6.3479,210,23,1
6.3479,210,24,-0.321420941801202
6.3479,210,25,-0.464278084658345
6.3479,210,26,1
6.3479,210,27,1
6.3479,210,28,-0.535721915341655
6.3479,210,29,-0.17856379894406
6.3479,210,30,-0.214270455030976
6.3479,210,31,0.0357066560869167
6.3479,210,32,1
6.3479,210,33,0.142857142857143
6.3479,210,34,1
6.3479,210,35,1
6.3479,210,36,0.17856379894406
6.3479,210,37,-0.535721915341655
6.3479,210,38,1
6.3479,210,39,1
6.3479,210,40,0.0357066560869167
6.3479,210,41,-0.928556169316691
6.3479,210,42,1
6.3479,210,43,1
6.3479,210,44,-0.571428571428571
6.3479,210,45,-0.892849513229774
6.3479,210,46,-0.82143620105594
6.3479,210,47,-0.500015259254738
6.3479,210,48,1
6.3479,210,49,1
6.3479,210,50,-0.892849513229774
6.3479,210,51,-0.892849513229774
6.3479,210,52,-0.892849513229774
6.3479,210,53,-0.892849513229774
6.3479,210,54,-0.964293343913083
6.3479,210,55,-0.964293343913083
6.3479,210,56,-0.749992370372631
6.3479,210,57,-0.964293343913083
6.3479,210,58,-0.964293343913083
6.3479,210,59,-0.964293343913083
6.3479,210,60,-0.964293343913083
6.3479,210,61,-0.964293343913083
6.3479,210,62,1
6.3479,210,63,0.964293343913083
6.3479,210,64,0.857142857142857
6.3479,210,65,0.964293343913083
6.3479,210,66,-0.964293343913083
6.3479,210,67,-0.964293343913083
6.3479,210,68,-0.964293343913083
6.3479,210,69,-0.857142857142857
6.3479,210,70,0.964293343913083
6.3479,210,71,-0.928556169316691
6.3479,210,72,-0.964293343913083
6.3479,210,73,-0.928556169316691
6.3479,210,74,-0.892849513229774
6.3479,210,75,0.964293343913083
6.3479,210,76,-0.857142857142857
6.3479,210,77,0.107150486770226
6.3479,210,78,-0.214270455030976
6.3479,210,79,0.0714438306833094
6.3479,210,80,0.964293343913083
6.3479,210,81,-0.857142857142857
6.3479,210,82,-0.82143620105594
6.3479,210,83,-0.857142857142857
6.3479,210,84,-0.892849513229774
6.3479,210,85,-0.928556169316691
6.3479,210,86,-0.964293343913083
6.3479,210,87,-0.964293343913083
6.3479,210,88,-0.82143620105594
6.3479,210,89,-0.857142857142857
6.3479,210,90,-0.571428571428571
6.3479,210,91,-0.892849513229774
6.3479,210,92,-0.892849513229774
6.3479,210,93,-0.892849513229774
6.3479,210,94,-0.892849513229774
6.3479,210,95,-0.678579058198798
6.3479,210,96,-0.892849513229774
6.3479,210,97,-0.892849513229774
6.3479,210,98,-0.535721915341655
6.3479,210,99,-0.857142857142857
6.3479,210,100,-0.892849513229774
6.3479,210,101,-0.571428571428571
6.3479,210,102,-0.892849513229774
6.3479,210,103,-0.392864772484512
6.3479,210,104,-0.892849513229774
6.3479,210,105,-0.785699026459548
6.3479,210,106,-0.892849513229774
6.3479,210,107,-0.857142857142857
6.3762,211,1,-0.892849513229774
6.3762,211,2,-0.785699026459548
6.3762,211,3,-0.857142857142857
6.3762,211,4,-0.464278084658345
6.3762,211,5,-0.642841883602405
6.3762,211,6,-0.892849513229774
6.3762,211,7,-0.749992370372631
6.3762,211,8,-0.892849513229774
6.3762,211,9,-0.892849513229774
6.3762,211,10,-0.785699026459548
6.3762,211,11,-0.892849513229774
6.3762,211,12,-0.892849513229774
6.3762,211,13,-0.928556169316691
6.3762,211,14,-0.964293343913083
6.3762,211,15,-0.857142857142857
6.3762,211,16,-0.857142857142857
6.3762,211,17,-0.892849513229774
6.3762,211,18,-0.964293343913083
6.3762,211,19,-0.964293343913083
6.3762,211,20,-0.964293343913083
6.3762,211,21,-0.964293343913083
6.3762,211,22,-0.964293343913083
6.3762,211,23,-0.964293343913083
6.3762,211,24,-0.857142857142857
6.3762,211,25,1
6.3762,211,26,0.964293343913083
6.3762,211,27,0.892849513229774
6.3762,211,28,0.964293343913083
6.3762,211,29,-0.964293343913083
6.3762,211,30,-0.82143620105594
6.3762,211,31,-0.964293343913083
6.3762,211,32,-0.642841883602405
6.3762,211,33,0.964293343913083
6.3762,211,34,0.964293343913083
6.3762,211,35,0.892849513229774
6.3762,211,36,0.964293343913083
6.3762,211,37,-0.964293343913083
6.3762,211,38,-0.964293343913083
6.3762,211,39,-0.964293343913083
6.3762,211,40,-0.964293343913083
6.3762,211,41,-0.964293343913083
6.3762,211,42,-0.964293343913083
6.3762,211,43,-0.535721915341655
6.3762,211,44,1
6.3762,211,45,0.964293343913083
6.3762,211,46,0.892849513229774
6.3762,211,47,0.964293343913083
6.3762,211,48,-0.964293343913083
6.3762,211,49,-0.964293343913083
6.3762,211,50,-0.964293343913083
6.3762,211,51,-0.892849513229774
6.3762,211,52,1
6.3762,211,53,1
6.3762,211,54,1
6.3762,211,55,1
6.3762,211,56,1
6.3762,211,57,1
6.3762,211,58,1
6.3762,211,59,1
6.3762,211,60,1
6.3762,211,61,1
6.3762,211,62,0.838618121890927
6.3762,211,63,0.602862636188848
6.3762,211,64,0.397106845301675
6.3762,211,65,0.191259498886074
6.3762,211,66,0.187688833277383
6.3762,211,67,0.188543351542711
6.3762,211,68,0.309030426953948
6.3762,211,69,0.445722830896939
6.3762,211,70,0.195013275551622
6.3762,211,71,0.403149510177923
6.3762,211,72,0.61146885586108
6.3762,211,73,0.853236487929929
6.3762,211,74,1
6.3762,211,75,0.862269966734825
6.3762,211,76,0.622882778405103
6.3762,211,77,0.417096469008454
6.3762,211,78,0.211249122592853
6.3762,211,79,0.187688833277383
6.3762,211,80,0.188482314523759
6.3762,211,81,0.201300088503677
6.3762,211,82,0.443891720328379
6.3762,211,83,0.166478469191565
6.3762,211,84,0.36832789086581
6.3762,211,85,0.576616718039491
6.3762,211,86,0.802819910275582
6.3762,211,87,1
6.3762,211,88,0.897457808160649
6.3762,211,89,0.646778771324809
6.3762,211,90,0.440900906399731
6.3762,211,91,0.235114597003082
6.3762,211,92,0.186651203955199
6.3762,211,93,0.187688833277383
6.3762,211,94,0.188421277504807
6.3762,211,95,0.443922238837855
6.3762,211,96,0.189336832789087
6.3762,211,97,0.34781945249794
6.3762,211,98,0.556108279671621
6.3762,211,99,0.773125400555437
6.3762,211,100,1
6.3762,211,101,0.968352305673391
6.3762,211,102,0.695730460524308
6.3762,211,103,0.490066225165563
6.3762,211,104,0.284127323221534
6.3762,211,105,0.178838465529344
6.3762,211,106,0.187688833277383
6.3762,211,107,0.188390758995331
6.4046,212,1,0.443922238837855
6.4046,212,2,0.316080202642903
6.4046,212,3,0.292275765251625
6.4046,212,4,0.500656147953734
6.4046,212,5,0.708944975127415
6.4046,212,6,0.994750816370129
6.4046,212,7,1
6.4046,212,8,0.726523636585589
6.4046,212,9,0.530991546372875
6.4046,212,10,0.32502212591937
6.4046,212,11,0.172063356425672
6.4046,212,12,0.187688833277383
6.4046,212,13,0.188360240485855
6.4046,212,14,0.443861201818903
6.4046,212,15,0.379711294900357
6.4046,212,16,0.260811181981872
6.4046,212,17,0.469161046174505
6.4046,212,18,0.677480391857662
6.4046,212,19,0.949400311288797
6.4046,212,20,1
6.4046,212,21,1
6.4046,212,22,1
6.4046,212,23,1
6.4046,212,24,1
6.4046,212,25,1
6.4046,212,26,1
6.4046,212,27,1
6.4046,212,28,1
6.4046,212,29,1
6.4046,212,30,1
6.4046,212,31,1
6.4046,212,32,1
6.4046,212,33,1
6.4046,212,34,1
6.4046,212,35,1
6.4046,212,36,1
6.4046,212,37,1
6.4046,212,38,1
6.4046,212,39,1
6.4046,212,40,1
6.4046,212,41,1
6.4046,212,42,1
6.4046,212,43,1
6.4046,212,44,0.745841853083895
6.4046,212,45,0.539994506668294
6.4046,212,46,0.334055604724265
6.4046,212,47,0.171758171330912
6.4046,212,48,0.23429059724723
6.4046,212,49,0.238074892422254
6.4046,212,50,0.23780022583697
6.4046,212,51,0.235999633777886
6.4046,212,52,0.237983336893826
6.4046,212,53,0.239356669820246
6.4046,212,54,0.238013855403302
6.4046,212,55,0.23596911526841
6.4046,212,56,0.439436017944884
6.4046,212,57,0.433942686239204
6.4046,212,58,0.396893215735343
6.4046,212,59,0.459913937803278
6.4046,212,60,0.442152165288247
6.4046,212,61,0.422772911770989
6.4046,212,62,0.401623584704123
6.4046,212,63,0.378551591540269
6.4046,212,64,0.353373821222571
6.4046,212,65,0.353190710165716
6.4046,212,66,0.251319925534837
6.4046,212,67,0.274178289132359
6.4046,212,68,0.482375560777612
6.4046,212,69,0.690725424970244
6.4046,212,70,0.968626972258675
6.4046,212,71,1
6.4046,212,72,1
6.4046,212,73,1
6.4046,212,74,1
6.4046,212,75,1
6.4046,212,76,1
6.4046,212,77,1
6.4046,212,78,1
6.4046,212,79,1
6.4046,212,80,1
6.4046,212,81,1
6.4046,212,82,1
6.4046,212,83,1
6.4046,212,84,1
6.4046,212,85,1
6.4046,212,86,1
6.4046,212,87,1
6.4046,212,88,1
6.4046,212,89,1
6.4046,212,90,1
6.4046,212,91,1
6.4046,212,92,1
6.4046,212,93,1
6.4046,212,94,1
6.4046,212,95,1
6.4046,212,96,1
6.4046,212,97,1
6.4046,212,98,1
6.4046,212,99,1
6.4046,212,100,1
6.4046,212,101,1
6.4046,212,102,1
6.4046,212,103,1
6.4046,212,104,1
6.4046,212,105,1
6.4046,212,106,1
6.4046,212,107,1
6.433,213,1,1
6.433,213,2,1
6.433,213,3,1
6.433,213,4,1
6.433,213,5,0.893887142551958
6.433,213,6,0.640064699240089
6.433,213,7,0.434217352824488
6.433,213,8,0.228247932370983
6.433,213,9,0.187536240730003
6.433,213,10,0.187688833277383
6.433,213,11,0.188512833033235
6.433,213,12,0.443617053743095
6.433,213,13,0.166478469191565
6.433,213,14,0.363536484878079
6.433,213,15,0.571947386089663
6.433,213,16,0.795648060548723
6.433,213,17,1
6.433,213,18,1
6.433,213,19,1
6.433,213,20,1
6.433,213,21,1
6.433,213,22,1
6.433,213,23,1
6.433,213,24,1
6.433,213,25,1
6.433,213,26,1
6.433,213,27,1
6.433,213,28,1
6.433,213,29,1
6.433,213,30,1
6.433,213,31,1
6.433,213,32,1
6.433,213,33,1
6.433,213,34,1
6.433,213,35,1
6.433,213,36,1
6.433,213,37,1
6.433,213,38,1
6.433,213,39,0.775719473860897
6.433,213,40,0.560258796960356
6.433,213,41,0.354350413525803
6.433,213,42,0.167394024475845
6.433,213,43,0.187658314767907
6.433,213,44,0.190893276772362
6.433,213,45,0.359843745231483
6.433,213,46,0.445966978972747
6.433,213,47,0.207403790398877
6.433,213,48,0.415631580553606
6.433,213,49,0.623981444746239
6.433,213,50,0.871242408520768
6.433,213,51,1
6.433,213,52,1
6.433,213,53,1
6.433,213,54,1
6.433,213,55,1
6.433,213,56,1
6.433,213,57,1
6.433,213,58,1
6.433,213,59,1
6.433,213,60,1
6.433,213,61,1
6.433,213,62,1
6.433,213,63,1
6.433,213,64,1
6.433,213,65,1
6.433,213,66,1
6.433,213,67,1
6.433,213,68,1
6.433,213,69,1
6.433,213,70,0.717398602252266
6.433,213,71,0.520767845698416
6.433,213,72,0.314920499282815
6.433,213,73,0.173772392956328
6.433,213,74,0.187658314767907
6.433,213,75,0.190618610187078
6.433,213,76,0.443983275856807
6.433,213,77,0.407666249580371
6.433,213,78,0.250709555345317
6.433,213,79,0.459028901028474
6.433,213,80,0.667287209692679
6.433,213,81,0.934141056550798
6.433,213,82,1
6.433,213,83,0.878017517624439
6.433,213,84,0.633869441816462
6.433,213,85,0.428022095400861
6.433,213,86,0.222144230475784
6.433,213,87,0.187108981597339
6.433,213,88,0.187658314767907
6.433,213,89,0.190618610187078
6.433,213,90,0.443922238837855
6.433,213,91,0.17108676412244
6.433,213,92,0.354441969054231
6.433,213,93,0.562791833246864
6.433,213,94,0.782586138492996
6.433,213,95,1
6.433,213,96,0.78179265724662
6.433,213,97,0.568437757499924
6.433,213,98,0.362559892574847
6.433,213,99,0.166478469191565
6.433,213,100,0.187658314767907
6.433,213,101,0.190557573168126
6.433,213,102,0.190557573168126
6.433,213,103,0.393047883541368
6.433,213,104,0.443922238837855
6.433,213,105,0.222571489608448
6.433,213,106,0.430799279763176
6.433,213,107,0.639118625446333
6.4614,214,1,0.893551438947722
6.4614,214,2,1
6.4614,214,3,0.937376018555254
6.4614,214,4,0.674001281777398
6.4614,214,5,0.468153935361797
6.4614,214,6,0.262306588946196
6.4614,214,7,0.181463057344279
6.4614,214,8,0.187597277748955
6.4614,214,9,0.190588091677602
6.4614,214,10,0.443952757347331
6.4614,214,11,0.255134739219337
6.4614,214,12,0.316995757927183
6.4614,214,13,0.525193029572436
6.4614,214,14,0.730307931760613
6.4614,214,15,1
6.4614,214,16,1
6.4614,214,17,1
6.4614,214,18,1
6.4614,214,19,1
6.4614,214,20,1
6.4614,214,21,1
6.4614,214,22,1
6.4614,214,23,1
6.4614,214,24,1
6.4614,214,25,1
6.4614,214,26,1
6.4614,214,27,1
6.4614,214,28,1
6.4614,214,29,1
6.4614,214,30,1
6.4614,214,31,1
6.4614,214,32,1
6.4614,214,33,1
6.4614,214,34,1
6.4614,214,35,1
6.4614,214,36,1
6.4614,214,37,1
6.4614,214,38,1
6.4614,214,39,1
6.4614,214,40,0.84957426679281
6.4614,214,41,0.610278633991516
6.4614,214,42,0.404461806085391
6.4614,214,43,0.19861445966979
6.4614,214,44,0.187658314767907
6.4614,214,45,0.190618610187078
6.4614,214,46,0.443922238837855
6.4614,214,47,0.166478469191565
6.4614,214,48,0.364787743766594
6.4614,214,49,0.573137607959227
6.4614,214,50,0.797509689626759
6.4614,214,51,1
6.4614,214,52,1
6.4614,214,53,1
6.4614,214,54,1
6.4614,214,55,1
6.4614,214,56,1
6.4614,214,57,1
6.4614,214,58,1
6.4614,214,59,1
6.4614,214,60,1
6.4614,214,61,1
6.4614,214,62,1
6.4614,214,63,1
6.4614,214,64,1
6.4614,214,65,1
6.4614,214,66,1
6.4614,214,67,1
6.4614,214,68,1
6.4614,214,69,1
6.4614,214,70,1
6.4614,214,71,1
6.4614,214,72,1
6.4614,214,73,1
6.4614,214,74,1
6.4614,214,75,1
6.4614,214,76,1
6.4614,214,77,1
6.4614,214,78,1
6.4614,214,79,1
6.4614,214,80,1
6.4614,214,81,1
6.4614,214,82,1
6.4614,214,83,1
6.4614,214,84,1
6.4614,214,85,1
6.4614,214,86,1
6.4614,214,87,1
6.4614,214,88,1
6.4614,214,89,1
6.4614,214,90,1
6.4614,214,91,1
6.4614,214,92,1
6.4614,214,93,1
6.4614,214,94,1
6.4614,214,95,1
6.4614,214,96,1
6.4614,214,97,1
6.4614,214,98,1
6.4614,214,99,1
6.4614,214,100,1
6.4614,214,101,1
6.4614,214,102,1
6.4614,214,103,1
6.4614,214,104,1
6.4614,214,105,1
6.4614,214,106,1
6.4614,214,107,1
6.4897,215,1,1
6.4897,215,2,1
6.4897,215,3,1
6.4897,215,4,1
6.4897,215,5,1
6.4897,215,6,1
6.4897,215,7,1
6.4897,215,8,1
6.4897,215,9,1
6.4897,215,10,1
6.4897,215,11,1
6.4897,215,12,0.786706137272256
6.4897,215,13,0.567613757744072
6.4897,215,14,0.361705374309519
6.4897,215,15,0.166478469191565
6.4897,215,16,-0.550767540513321
6.4897,215,17,-1
6.4897,215,18,-1
6.4897,215,19,-1
6.4897,215,20,-1
6.4897,215,21,-1
6.4897,215,22,-1
6.4897,215,23,-1
6.4897,215,24,-1
6.4897,215,25,-1
6.4897,215,26,-1
6.4897,215,27,-1
6.4897,215,28,-1
6.4897,215,29,-1
6.4897,215,30,-1
6.4897,215,31,-1
6.4897,215,32,-1
6.4897,215,33,-1
6.4897,215,34,-0.76067384868923
6.4897,215,35,-0.0829798272652364
6.4897,215,36,-0.0103152562028871
6.4897,215,37,-0.010773033845027
6.4897,215,38,-0.010834070863979
6.4897,215,39,-0.010376293221839
6.4897,215,40,-0.403546250801111
6.4897,215,41,-0.628864406262398
6.4897,215,42,-0.860713522751549
6.4897,215,43,-1
6.4897,215,44,-1
6.4897,215,45,-1
6.4897,215,46,-1
6.4897,215,47,-1
6.4897,215,48,-1
6.4897,215,49,-1
6.4897,215,50,-1
6.4897,215,51,-1
6.4897,215,52,-1
6.4897,215,53,-1
6.4897,215,54,-1
6.4897,215,55,-1
6.4897,215,56,-1
6.4897,215,57,-1
6.4897,215,58,-1
6.4897,215,59,-1
6.4897,215,60,-1
6.4897,215,61,-1
6.4897,215,62,-1
6.4897,215,63,-1
6.4897,215,64,-1
6.4897,215,65,-1
6.4897,215,66,-1
6.4897,215,67,-1
6.4897,215,68,-1
6.4897,215,69,-1
6.4897,215,70,-1
6.4897,215,71,-1
6.4897,215,72,-1
6.4897,215,73,-1
6.4897,215,74,-1
6.4897,215,75,-1
6.4897,215,76,-1
6.4897,215,77,-1
6.4897,215,78,-1
6.4897,215,79,-0.82647175511948
6.4897,215,80,-0.0895107882930998
6.4897,215,81,0.281044953764458
6.4897,215,82,0.489455854976043
6.4897,215,83,0.6977752006592
6.4897,215,84,0.97888119144261
6.4897,215,85,1
6.4897,215,86,1
6.4897,215,87,1
6.4897,215,88,1
6.4897,215,89,1
6.4897,215,90,1
6.4897,215,91,1
6.4897,215,92,1
6.4897,215,93,1
6.4897,215,94,1
6.4897,215,95,1
6.4897,215,96,1
6.4897,215,97,1
6.4897,215,98,1
6.4897,215,99,1
6.4897,215,100,1
6.4897,215,101,1
6.4897,215,102,1
6.4897,215,103,1
6.4897,215,104,1
6.4897,215,105,1
6.4897,215,106,1
6.4897,215,107,1
6.5181,216,1,0.880611590929899
6.5181,216,2,0.631244850001526
6.5181,216,3,0.425336466566973
6.5181,216,4,0.219458601641896
6.5181,216,5,0.300637836848048
6.5181,216,6,0.379284035767693
6.5181,216,7,0.373485518967254
6.5181,216,8,0.378460036011841
6.5181,216,9,0.400830103457747
6.5181,216,10,0.400799584948271
6.5181,216,11,0.378398998992889
6.5181,216,12,0.379772331919309
6.5181,216,13,0.375377666554765
6.5181,216,14,0.400830103457747
6.5181,216,15,0.400555436872463
6.5181,216,16,0.400311288796655
6.5181,216,17,0.188299203466903
6.5181,216,18,0.443250831629383
6.5181,216,19,0.372661519211402
6.5181,216,20,0.265511032441176
6.5181,216,21,0.473799859614856
6.5181,216,22,0.682149723807489
6.5181,216,23,0.955717642750328
6.5181,216,24,1
6.5181,216,25,1
6.5181,216,26,1
6.5181,216,27,1
6.5181,216,28,1
6.5181,216,29,1
6.5181,216,30,1
6.5181,216,31,1
6.5181,216,32,1
6.5181,216,33,1
6.5181,216,34,1
6.5181,216,35,1
6.5181,216,36,1
6.5181,216,37,1
6.5181,216,38,1
6.5181,216,39,1
6.5181,216,40,1
6.5181,216,41,1
6.5181,216,42,1
6.5181,216,43,1
6.5181,216,44,1
6.5181,216,45,1
6.5181,216,46,1
6.5181,216,47,1
6.5181,216,48,0.924405652027955
6.5181,216,49,0.660939359721671
6.5181,216,50,0.455153050325022
6.5181,216,51,0.249305703909421
6.5181,216,52,0.183935056611835
6.5181,216,53,0.187688833277383
6.5181,216,54,0.188146610919523
6.5181,216,55,0.443006683553575
6.5181,216,56,0.204412976470229
6.5181,216,57,0.341135898922697
6.5181,216,58,0.549455244605853
6.5181,216,59,0.76387829218421
6.5181,216,60,1
6.5181,216,61,1
6.5181,216,62,1
6.5181,216,63,1
6.5181,216,64,1
6.5181,216,65,1
6.5181,216,66,1
6.5181,216,67,1
6.5181,216,68,1
6.5181,216,69,1
6.5181,216,70,1
6.5181,216,71,1
6.5181,216,72,1
6.5181,216,73,1
6.5181,216,74,1
6.5181,216,75,1
6.5181,216,76,1
6.5181,216,77,1
6.5181,216,78,1
6.5181,216,79,1
6.5181,216,80,1
6.5181,216,81,1
6.5181,216,82,1
6.5181,216,83,1
6.5181,216,84,1
6.5181,216,85,1
6.5181,216,86,1
6.5181,216,87,1
6.5181,216,88,1
6.5181,216,89,0.750511185033723
6.5181,216,90,0.543107394634846
6.5181,216,91,0.337168492690817
6.5181,216,92,0.170049134800256
6.5181,216,93,0.187658314767907
6.5181,216,94,0.188634907071139
6.5181,216,95,0.443647572252571
6.5181,216,96,0.404034546952727
6.5181,216,97,0.252082888271737
6.5181,216,98,0.46058534501175
6.5181,216,99,0.668843653675954
6.5181,216,100,0.93664357432783
6.5181,216,101,1
6.5181,216,102,0.758476516006958
6.5181,216,103,0.552507095553453
6.5181,216,104,0.346690267647328
6.5181,216,105,0.166905728324229
6.5181,216,106,0.187658314767907
6.5181,216,107,0.190466017639698
6.5465,217,1,0.190466017639698
6.5465,217,2,0.436109500412
6.5465,217,3,0.443739127780999
6.5465,217,4,0.228186895352031
6.5465,217,5,0.436536759544664
6.5465,217,6,0.644886623737297
6.5465,217,7,0.901516769920957
6.5465,217,8,1
6.5465,217,9,0.879726554155095
6.5465,217,10,0.634815515610218
6.5465,217,11,0.428907132175665
6.5465,217,12,0.223090304269539
6.5465,217,13,0.187658314767907
6.5465,217,14,0.190588091677602
6.5465,217,15,0.443800164799951
6.5465,217,16,0.1698660237434
6.5465,217,17,0.356639301736503
6.5465,217,18,0.565019684438612
6.5465,217,19,0.785699026459548
6.5465,217,20,0.999969481490524
6.5465,217,21,0.721671193578906
6.5465,217,22,0.527665028839991
6.5465,217,23,0.321848200933866
6.5465,217,24,0.172429578539384
6.5465,217,25,0.187658314767907
6.5465,217,26,0.190588091677602
6.5465,217,27,0.43259987182226
6.5465,217,28,0.443861201818903
6.5465,217,29,0.221594897305216
6.5465,217,30,0.429944761497848
6.5465,217,31,0.638264107181005
6.5465,217,32,0.89226966154973
6.5465,217,33,1
6.5465,217,34,1
6.5465,217,35,1
6.5465,217,36,1
6.5465,217,37,1
6.5465,217,38,1
6.5465,217,39,1
6.5465,217,40,1
6.5465,217,41,1
6.5465,217,42,1
6.5465,217,43,1
6.5465,217,44,1
6.5465,217,45,1
6.5465,217,46,1
6.5465,217,47,1
6.5465,217,48,1
6.5465,217,49,1
6.5465,217,50,1
6.5465,217,51,1
6.5465,217,52,1
6.5465,217,53,1
6.5465,217,54,1
6.5465,217,55,1
6.5465,217,56,1
6.5465,217,57,0.733298745689261
6.5465,217,58,0.531449324015015
6.5465,217,59,0.325571459089938
6.5465,217,60,0.171636097293008
6.5465,217,61,0.187658314767907
6.5465,217,62,0.190740684224982
6.5465,217,63,0.443983275856807
6.5465,217,64,0.429425946836757
6.5465,217,65,0.237769707327494
6.5465,217,66,0.446058534501175
6.5465,217,67,0.65431684316538
6.5465,217,68,0.915463728751488
6.5465,217,69,1
6.5465,217,70,1
6.5465,217,71,1
6.5465,217,72,1
6.5465,217,73,1
6.5465,217,74,1
6.5465,217,75,1
6.5465,217,76,1
6.5465,217,77,1
6.5465,217,78,1
6.5465,217,79,1
6.5465,217,80,1
6.5465,217,81,1
6.5465,217,82,1
6.5465,217,83,1
6.5465,217,84,1
6.5465,217,85,1
6.5465,217,86,1
6.5465,217,87,1
6.5465,217,88,1
6.5465,217,89,1
6.5465,217,90,1
6.5465,217,91,1
6.5465,217,92,1
6.5465,217,93,1
6.5465,217,94,0.975493636890774
6.5465,217,95,0.696493423261208
6.5465,217,96,0.490859706411939
6.5465,217,97,0.285012359996338
6.5465,217,98,0.300912503433332
6.5465,217,99,0.464705343791009
6.5465,217,100,0.464522232734153
6.5465,217,101,0.466780602435377
6.5465,217,102,0.467055269020661
6.5465,217,103,0.465529343546861
6.5465,217,104,0.465071565904721
6.5465,217,105,0.463667714468825
6.5465,217,106,0.464674825281533
6.5465,217,107,0.499099703970458
6.5749,218,1,0.525498214667196
6.5749,218,2,0.464552751243629
6.5749,218,3,0.188055055391095
6.5749,218,4,0.443861201818903
6.5749,218,5,0.207007049775689
6.5749,218,6,0.166447950682089
6.5749,218,7,0.166478469191565
6.5749,218,8,-0.011230811487167
6.5749,218,9,-0.0115970336008789
6.5749,218,10,-0.0115359965819269
6.5749,218,11,-0.011230811487167
6.5749,218,12,0.126316110721152
6.5749,218,13,0.322763756218146
6.5749,218,14,0.563493758964812
6.5749,218,15,0.61375774407178
6.5749,218,16,0.166478469191565
6.5749,218,17,0.361522263252663
6.5749,218,18,0.569872127445296
6.5749,218,19,0.792718283639027
6.5749,218,20,1
6.5749,218,21,1
6.5749,218,22,1
6.5749,218,23,1
6.5749,218,24,1
6.5749,218,25,1
6.5749,218,26,1
6.5749,218,27,1
6.5749,218,28,1
6.5749,218,29,1
6.5749,218,30,1
6.5749,218,31,1
6.5749,218,32,1
6.5749,218,33,1
6.5749,218,34,1
6.5749,218,35,1
6.5749,218,36,1
6.5749,218,37,1
6.5749,218,38,1
6.5749,218,39,1
6.5749,218,40,1
6.5749,218,41,1
6.5749,218,42,1
6.5749,218,43,1
6.5749,218,44,1
6.5749,218,45,1
6.5749,218,46,1
6.5749,218,47,1
6.5749,218,48,1
6.5749,218,49,1
6.5749,218,50,1
6.5749,218,51,1
6.5749,218,52,1
6.5749,218,53,1
6.5749,218,54,1
6.5749,218,55,1
6.5749,218,56,1
6.5749,218,57,1
6.5749,218,58,1
6.5749,218,59,1
6.5749,218,60,1
6.5749,218,61,0.783867915890988
6.5749,218,62,0.565843684194464
6.5749,218,63,0.359996337778863
6.5749,218,64,0.166661580248421
6.5749,218,65,0.187688833277383
6.5749,218,66,0.188482314523759
6.5749,218,67,0.437604907376324
6.5749,218,68,0.443586535233619
6.5749,218,69,0.229529709768975
6.5749,218,70,0.437879573961608
6.5749,218,71,0.646137882625813
6.5749,218,72,0.903378398998993
6.5749,218,73,1
6.5749,218,74,0.805444502090518
6.5749,218,75,0.584368419446394
6.5749,218,76,0.378521073030793
6.5749,218,77,0.172673726615192
6.5749,218,78,0.187688833277383
6.5749,218,79,0.190343943601794
6.5749,218,80,0.311838129825739
6.5749,218,81,0.443769646290475
6.5749,218,82,0.192327646717734
6.5749,218,83,0.400341807306131
6.5749,218,84,0.60872219000824
6.5749,218,85,0.849299600207526
6.5749,218,86,1
6.5749,218,87,0.880916776024659
6.5749,218,88,0.635547959837642
6.5749,218,89,0.429639576403088
6.5749,218,90,0.223792229987487
6.5749,218,91,0.187658314767907
6.5749,218,92,0.187688833277383
6.5749,218,93,0.19037446211127
6.5749,218,94,0.443800164799951
6.5749,218,95,0.173436689352092
6.5749,218,96,0.355784783471175
6.5749,218,97,0.563982055116428
6.5749,218,98,0.784325693533128
6.5749,218,99,0.999969481490524
6.5749,218,100,0.969756157109287
6.5749,218,101,0.696615497299112
6.5749,218,102,0.491256447035127
6.5749,218,103,0.285409100619526
6.5749,218,104,0.178472243415632
6.5749,218,105,0.187658314767907
6.5749,218,106,0.190466017639698
6.5749,218,107,0.443922238837855
6.6032,219,1,0.337504196295053
6.6032,219,2,0.279915768913846
6.6032,219,3,0.488204596087527
6.6032,219,4,0.696523941770684
6.6032,219,5,0.976805932798242
6.6032,219,6,1
6.6032,219,7,1
6.6032,219,8,1
6.6032,219,9,1
6.6032,219,10,1
6.6032,219,11,1
6.6032,219,12,1
6.6032,219,13,1
6.6032,219,14,1
6.6032,219,15,1
6.6032,219,16,1
6.6032,219,17,1
6.6032,219,18,1
6.6032,219,19,1
6.6032,219,20,1
6.6032,219,21,1
6.6032,219,22,1
6.6032,219,23,1
6.6032,219,24,1
6.6032,219,25,1
6.6032,219,26,1
6.6032,219,27,1
6.6032,219,28,1
6.6032,219,29,1
6.6032,219,30,1
6.6032,219,31,1
6.6032,219,32,1
6.6032,219,33,1
6.6032,219,34,1
6.6032,219,35,1
6.6032,219,36,1
6.6032,219,37,1
6.6032,219,38,1
6.6032,219,39,1
6.6032,219,40,0.922360911893063
6.6032,219,41,0.659413434247871
6.6032,219,42,0.453535569322794
6.6032,219,43,0.247718741416669
6.6032,219,44,0.184667500839259
6.6032,219,45,0.187658314767907
6.6032,219,46,0.190466017639698
6.6032,219,47,0.443891720328379
6.6032,219,48,0.188207647938475
6.6032,219,49,0.349467452009644
6.6032,219,50,0.557664723654897
6.6032,219,51,0.775383770256661
6.6032,219,52,1
6.6032,219,53,1
6.6032,219,54,1
6.6032,219,55,1
6.6032,219,56,1
6.6032,219,57,1
6.6032,219,58,1
6.6032,219,59,1
6.6032,219,60,1
6.6032,219,61,1
6.6032,219,62,1
6.6032,219,63,1
6.6032,219,64,1
6.6032,219,65,1
6.6032,219,66,1
6.6032,219,67,1
6.6032,219,68,1
6.6032,219,69,1
6.6032,219,70,1
6.6032,219,71,1
6.6032,219,72,1
6.6032,219,73,1
6.6032,219,74,1
6.6032,219,75,1
6.6032,219,76,0.823450422681356
6.6032,219,77,0.59248634296701
6.6032,219,78,0.38654744102298
6.6032,219,79,0.180608539078951
6.6032,219,80,0.187658314767907
6.6032,219,81,0.186925870540483
6.6032,219,82,0.327524643696402
6.6032,219,83,0.442396313364055
6.6032,219,84,0.198736533707694
6.6032,219,85,0.407025360881375
6.6032,219,86,0.615436262092959
6.6032,219,87,0.858821375164037
6.6032,219,88,1
6.6032,219,89,1
6.6032,219,90,1
6.6032,219,91,1
6.6032,219,92,1
6.6032,219,93,1
6.6032,219,94,1
6.6032,219,95,1
6.6032,219,96,1
6.6032,219,97,1
6.6032,219,98,1
6.6032,219,99,1
6.6032,219,100,1
6.6032,219,101,1
6.6032,219,102,1
6.6032,219,103,1
6.6032,219,104,1
6.6032,219,105,1
6.6032,219,106,1
6.6032,219,107,1
6.6316,220,1,1
6.6316,220,2,1
6.6316,220,3,1
6.6316,220,4,1
6.6316,220,5,1
6.6316,220,6,1
6.6316,220,7,1
6.6316,220,8,1
6.6316,220,9,1
6.6316,220,10,1
6.6316,220,11,1
6.6316,220,12,1
6.6316,220,13,1
6.6316,220,14,1
6.6316,220,15,1
6.6316,220,16,1
6.6316,220,17,1
6.6316,220,18,1
6.6316,220,19,1
6.6316,220,20,1
6.6316,220,21,1
6.6316,220,22,1
6.6316,220,23,1
6.6316,220,24,1
6.6316,220,25,1
6.6316,220,26,1
6.6316,220,27,0.897579882198553
6.6316,220,28,0.642689291055025
6.6316,220,29,0.436933500167852
6.6316,220,30,0.231086153752251
6.6316,220,31,-0.287575914792322
6.6316,220,32,-1
6.6316,220,33,-1
6.6316,220,34,-1
6.6316,220,35,-1
6.6316,220,36,-1
6.6316,220,37,-1
6.6316,220,38,-1
6.6316,220,39,-0.631885738700522
6.6316,220,40,-0.624042481765191
6.6316,220,41,-0.750999481185339
6.6316,220,42,-0.686666463209937
6.6316,220,43,-0.624988555558947
6.6316,220,44,-0.624988555558947
6.6316,220,45,-0.624988555558947
6.6316,220,46,-0.624988555558947
6.6316,220,47,-0.624988555558947
6.6316,220,48,-0.624988555558947
6.6316,220,49,-0.624988555558947
6.6316,220,50,-0.624988555558947
6.6316,220,51,-0.624988555558947
6.6316,220,52,-0.624988555558947
6.6316,220,53,-0.624988555558947
6.6316,220,54,-0.624988555558947
6.6316,220,55,-0.624988555558947
6.6316,220,56,-0.624988555558947
6.6316,220,57,-0.624988555558947
6.6316,220,58,-0.624988555558947
6.6316,220,59,-0.624988555558947
6.6316,220,60,-0.624988555558947
6.6316,220,61,-0.624988555558947
6.6316,220,62,-0.624988555558947
6.6316,220,63,-0.624988555558947
6.6316,220,64,-0.624988555558947
6.6316,220,65,-0.624988555558947
6.6316,220,66,-0.749015778069399
6.6316,220,67,-0.624042481765191
6.6316,220,68,-0.751060518204291
6.6316,220,69,-0.924863429670095
6.6316,220,70,-1
6.6316,220,71,-1
6.6316,220,72,-0.464156010620441
6.6316,220,73,0.178228095339824
6.6316,220,74,0.385906552323985
6.6316,220,75,0.594103823969237
6.6316,220,76,0.828028199102756
6.6316,220,77,1
6.6316,220,78,1
6.6316,220,79,1
6.6316,220,80,1
6.6316,220,81,1
6.6316,220,82,1
6.6316,220,83,1
6.6316,220,84,1
6.6316,220,85,1
6.6316,220,86,1
6.6316,220,87,1
6.6316,220,88,1
6.6316,220,89,1
6.6316,220,90,1
6.6316,220,91,1
6.6316,220,92,1
6.6316,220,93,1
6.6316,220,94,1
6.6316,220,95,1
6.6316,220,96,1
6.6316,220,97,1
6.6316,220,98,1
6.6316,220,99,1
6.6316,220,100,1
6.6316,220,101,1
6.6316,220,102,1
6.6316,220,103,1
6.6316,220,104,1
6.6316,220,105,1
6.6316,220,106,1
6.6316,220,107,1
6.66,221,1,1
6.66,221,2,1
6.66,221,3,1
6.66,221,4,1
6.66,221,5,1
6.66,221,6,1
6.66,221,7,1
6.66,221,8,1
6.66,221,9,1
6.66,221,10,1
6.66,221,11,1
6.66,221,12,1
6.66,221,13,1
6.66,221,14,1
6.66,221,15,0.913785210730308
6.66,221,16,0.653767509994812
6.66,221,17,0.447920163579211
6.66,221,18,0.242011780144658
6.66,221,19,0.185644093142491
6.66,221,20,0.187658314767907
6.66,221,21,0.187170018616291
6.66,221,22,0.442793053987243
6.66,221,23,0.236030152287362
6.66,221,24,0.327402569658498
6.66,221,25,0.535813470870083
6.66,221,26,0.745109408856471
6.66,221,27,0.999969481490524
6.66,221,28,0.999969481490524
6.66,221,29,0.999969481490524
6.66,221,30,0.999969481490524
6.66,221,31,0.999969481490524
6.66,221,32,0.999969481490524
6.66,221,33,0.999969481490524
6.66,221,34,0.999969481490524
6.66,221,35,0.999969481490524
6.66,221,36,0.999969481490524
6.66,221,37,0.999969481490524
6.66,221,38,0.999969481490524
6.66,221,39,0.999969481490524
6.66,221,40,0.999969481490524
6.66,221,41,0.999969481490524
6.66,221,42,0.999969481490524
6.66,221,43,0.999969481490524
6.66,221,44,0.999969481490524
6.66,221,45,0.999969481490524
6.66,221,46,0.999969481490524
6.66,221,47,0.999969481490524
6.66,221,48,0.999969481490524
6.66,221,49,0.999969481490524
6.66,221,50,0.999969481490524
6.66,221,51,0.999969481490524
6.66,221,52,0.999969481490524
6.66,221,53,0.999969481490524
6.66,221,54,0.999969481490524
6.66,221,55,0.999969481490524
6.66,221,56,0.999969481490524
6.66,221,57,0.999969481490524
6.66,221,58,0.999969481490524
6.66,221,59,0.999969481490524
6.66,221,60,0.999969481490524
6.66,221,61,0.999969481490524
6.66,221,62,0.999969481490524
6.66,221,63,0.999969481490524
6.66,221,64,0.999969481490524
6.66,221,65,0.999969481490524
6.66,221,66,0.999969481490524
6.66,221,67,0.999969481490524
6.66,221,68,0.999969481490524
6.66,221,69,0.999969481490524
6.66,221,70,0.999969481490524
6.66,221,71,0.999969481490524
6.66,221,72,0.999969481490524
6.66,221,73,0.999969481490524
6.66,221,74,0.999969481490524
6.66,221,75,0.999969481490524
6.66,221,76,0.999969481490524
6.66,221,77,0.999969481490524
6.66,221,78,0.999969481490524
6.66,221,79,0.811517685476241
6.66,221,80,0.58439893795587
6.66,221,81,0.378490554521317
6.66,221,82,0.172734763634144
6.66,221,83,0.166478469191565
6.66,221,84,-0.549974059266945
6.66,221,85,-1
6.66,221,86,-0.610919522690512
6.66,221,87,-0.117282631916257
6.66,221,88,0.166447950682089
6.66,221,89,0.00335703604235969
6.66,221,90,0.00558488723410749
6.66,221,91,-0.0792260505996887
6.66,221,92,0.272499771111179
6.66,221,93,0.0134891811883908
6.66,221,94,0.156010620441298
6.66,221,95,0.0344553971984008
6.66,221,96,0.0344553971984008
6.66,221,97,0.0344553971984008
6.66,221,98,0.0344553971984008
6.66,221,99,0.0344553971984008
6.66,221,100,0.0344553971984008
6.66,221,101,0.0344553971984008
6.66,221,102,0.0344553971984008
6.66,221,103,0.0344553971984008
6.66,221,104,0.0344553971984008
6.66,221,105,0.0344553971984008
6.66,221,106,0.0344553971984008
6.66,221,107,0.0344553971984008
6.6884,222,1,0.0344553971984008
6.6884,222,2,0.0344553971984008
6.6884,222,3,0.0344553971984008
6.6884,222,4,0.0344553971984008
6.6884,222,5,0.0344553971984008
6.6884,222,6,0.0344553971984008
6.6884,222,7,0.0344553971984008
6.6884,222,8,0.0344553971984008
6.6884,222,9,0.0344553971984008
6.6884,222,10,0.0344553971984008
6.6884,222,11,0.0344553971984008
6.6884,222,12,0.0344553971984008
6.6884,222,13,0.0344553971984008
6.6884,222,14,0.0344553971984008
6.6884,222,15,0.0344553971984008
6.6884,222,16,0.0344553971984008
6.6884,222,17,0.0344553971984008
6.6884,222,18,0.0344553971984008
6.6884,222,19,0.0344553971984008
6.6884,222,20,0.0344553971984008
6.6884,222,21,0.0344553971984008
6.6884,222,22,0.0344553971984008
6.6884,222,23,0.0344553971984008
6.6884,222,24,0.0344553971984008
6.6884,222,25,0.0344553971984008
6.6884,222,26,0.0344553971984008
6.6884,222,27,0.0344553971984008
6.6884,222,28,0.0344553971984008
6.6884,222,29,0.0344553971984008
6.6884,222,30,0.166478469191565
6.6884,222,31,-0.291848506118961
6.6884,222,32,-0.893978698080386
6.6884,222,33,-0.984374523148289
6.6884,222,34,-0.942045350505081
6.6884,222,35,-0.881923886837367
6.6884,222,36,-0.676870021668142
6.6884,222,37,-0.471266823328349
6.6884,222,38,-0.337717825861385
6.6884,222,39,-0.354075746940519
6.6884,222,40,-0.370372631000702
6.6884,222,41,-0.321268349253822
6.6884,222,42,-0.304910428174688
6.6884,222,43,-0.291390728476821
6.6884,222,44,-0.116641743217261
6.6884,222,45,0.478621784112064
6.6884,222,46,0.610644856105228
6.6884,222,47,0.166478469191565
6.6884,222,48,-0.0986358226264229
6.6884,222,49,0.166447950682089
6.6884,222,50,0.0293588061159093
6.6884,222,51,-0.0456251716666158
6.6884,222,52,-0.0589312417981506
6.6884,222,53,-0.841822565385907
6.6884,222,54,-0.999969481490524
6.6884,222,55,-0.329660939359722
6.6884,222,56,-0.0456251716666158
6.6884,222,57,0.0368358409375286
6.6884,222,58,0.245796075319681
6.6884,222,59,0.245826593829157
6.6884,222,60,0.245826593829157
6.6884,222,61,0.245826593829157
6.6884,222,62,0.245826593829157
6.6884,222,63,0.245826593829157
6.6884,222,64,0.245826593829157
6.6884,222,65,0.245826593829157
6.6884,222,66,0.245826593829157
6.6884,222,67,0.245826593829157
6.6884,222,68,0.245826593829157
6.6884,222,69,0.245826593829157
6.6884,222,70,0.245826593829157
6.6884,222,71,0.245826593829157
6.6884,222,72,0.245826593829157
6.6884,222,73,0.245826593829157
6.6884,222,74,0.245826593829157
6.6884,222,75,0.245826593829157
6.6884,222,76,0.245826593829157
6.6884,222,77,0.245826593829157
6.6884,222,78,0.245826593829157
6.6884,222,79,0.245826593829157
6.6884,222,80,0.245826593829157
6.6884,222,81,0.245826593829157
6.6884,222,82,0.245826593829157
6.6884,222,83,0.245826593829157
6.6884,222,84,0.245826593829157
6.6884,222,85,0.245826593829157
6.6884,222,86,0.245826593829157
6.6884,222,87,0.245826593829157
6.6884,222,88,0.245826593829157
6.6884,222,89,0.245826593829157
6.6884,222,90,0.245826593829157
6.6884,222,91,0.245826593829157
6.6884,222,92,0.245826593829157
6.6884,222,93,0.245826593829157
6.6884,222,94,0.245826593829157
6.6884,222,95,0.245826593829157
6.6884,222,96,0.245826593829157
6.6884,222,97,0.245826593829157
6.6884,222,98,0.245826593829157
6.6884,222,99,0.245826593829157
6.6884,222,100,0.245826593829157
6.6884,222,101,0.245826593829157
6.6884,222,102,0.245826593829157
6.6884,222,103,0.245826593829157
6.6884,222,104,0.245826593829157
6.6884,222,105,0.245826593829157
6.6884,222,106,0.245826593829157
6.6884,222,107,0.245826593829157
6.7167,223,1,0.245826593829157
6.7167,223,2,0.245826593829157
6.7167,223,3,0.245826593829157
6.7167,223,4,0.245826593829157
6.7167,223,5,0.245826593829157
6.7167,223,6,0.245826593829157
6.7167,223,7,0.245826593829157
6.7167,223,8,0.245826593829157
6.7167,223,9,0.245826593829157
6.7167,223,10,0.245826593829157
6.7167,223,11,0.245826593829157
6.7167,223,12,0.245826593829157
6.7167,223,13,0.245826593829157
6.7167,223,14,0.189214758751183
6.7167,223,15,-0.0456251716666158
6.7167,223,16,0.166447950682089
6.7167,223,17,0.166447950682089
6.7167,223,18,0.166447950682089
6.7167,223,19,0.166447950682089
6.7167,223,20,-0.0986358226264229
6.7167,223,21,0.0138248847926267
6.7167,223,22,0.166478469191565
6.7167,223,23,0.166447950682089
6.7167,223,24,0.245735038300729
6.7167,223,25,0.454084902493362
6.7167,223,26,0.662495803704947
6.7167,223,27,0.926908169804987
6.7167,223,28,1
6.7167,223,29,1
6.7167,223,30,1
6.7167,223,31,1
6.7167,223,32,1
6.7167,223,33,1
6.7167,223,34,1
6.7167,223,35,1
6.7167,223,36,1
6.7167,223,37,1
6.7167,223,38,1
6.7167,223,39,1
6.7167,223,40,1
6.7167,223,41,1
6.7167,223,42,1
6.7167,223,43,1
6.7167,223,44,1
6.7167,223,45,1
6.7167,223,46,1
6.7167,223,47,1
6.7167,223,48,1
6.7167,223,49,1
6.7167,223,50,1
6.7167,223,51,1
6.7167,223,52,1
6.7167,223,53,1
6.7167,223,54,1
6.7167,223,55,1
6.7167,223,56,1
6.7167,223,57,1
6.7167,223,58,1
6.7167,223,59,1
6.7167,223,60,1
6.7167,223,61,1
6.7167,223,62,1
6.7167,223,63,1
6.7167,223,64,1
6.7167,223,65,1
6.7167,223,66,1
6.7167,223,67,1
6.7167,223,68,1
6.7167,223,69,1
6.7167,223,70,1
6.7167,223,71,1
6.7167,223,72,1
6.7167,223,73,1
6.7167,223,74,1
6.7167,223,75,1
6.7167,223,76,0.965330973235267
6.7167,223,77,0.689504684591205
6.7167,223,78,0.483779412213508
6.7167,223,79,0.278023621326334
6.7167,223,80,0.166478469191565
6.7167,223,81,0.176091799676504
6.7167,223,82,0.350627155369732
6.7167,223,83,0.344737083040864
6.7167,223,84,0.332895901364177
6.7167,223,85,0.343333231604968
6.7167,223,86,0.321329386272774
6.7167,223,87,0.335123752555925
6.7167,223,88,0.317636646626179
6.7167,223,89,0.32349620044557
6.7167,223,90,0.302865688039796
6.7167,223,91,0.34629352702414
6.7167,223,92,0.381542405468917
6.7167,223,93,0.384380626850185
6.7167,223,94,0.357341227454451
6.7167,223,95,0.358989226966155
6.7167,223,96,0.358439893795587
6.7167,223,97,0.348704489272744
6.7167,223,98,0.351542710654012
6.7167,223,99,0.345652638325144
6.7167,223,100,0.347270119327372
6.7167,223,101,0.345652638325144
6.7167,223,102,0.337870418408765
6.7167,223,103,0.345713675344096
6.7167,223,104,0.332560197759941
6.7167,223,105,0.334177678762169
6.7167,223,106,0.331461531418806
6.7167,223,107,0.325693533127842
6.7451,224,1,0.332529679250465
6.7451,224,2,0.329325235755486
6.7451,224,3,0.330942716757714
6.7451,224,4,0.325601977599414
6.7451,224,5,0.322214423047578
6.7451,224,6,0.341685232093265
6.7451,224,7,0.312356944486831
6.7451,224,8,0.313974425489059
6.7451,224,9,0.308145390179144
6.7451,224,10,0.306588946195868
6.7451,224,11,0.326670125431074
6.7451,224,12,0.332743308816797
6.7451,224,13,0.378826258125553
6.7451,224,14,0.349559007538072
6.7451,224,15,0.349559007538072
6.7451,224,16,0.349559007538072
6.7451,224,17,0.349559007538072
6.7451,224,18,0.349559007538072
6.7451,224,19,0.349559007538072
6.7451,224,20,0.349559007538072
6.7451,224,21,0.349559007538072
6.7451,224,22,0.349559007538072
6.7451,224,23,0.349559007538072
6.7451,224,24,0.349559007538072
6.7451,224,25,0.349559007538072
6.7451,224,26,0.349559007538072
6.7451,224,27,0.349559007538072
6.7451,224,28,0.349559007538072
6.7451,224,29,0.349559007538072
6.7451,224,30,0.349559007538072
6.7451,224,31,0.349559007538072
6.7451,224,32,0.349559007538072
6.7451,224,33,0.349559007538072
6.7451,224,34,0.349559007538072
6.7451,224,35,0.349559007538072
6.7451,224,36,0.36497085482345
6.7451,224,37,0.203619495223853
6.7451,224,38,-0.141117587817011
6.7451,224,39,-0.231513412884915
6.7451,224,40,-0.204992828150273
6.7451,224,41,-0.17764824365978
6.7451,224,42,-0.149632251960814
6.7451,224,43,-0.121036408581805
6.7451,224,44,-0.102786339915159
6.7451,224,45,-0.0920743430890835
6.7451,224,46,-0.0628986480300302
6.7451,224,47,-0.0586565752128666
6.7451,224,48,-0.0336924344615009
6.7451,224,49,0.111667226172674
6.7451,224,50,0.252540665913877
6.7451,224,51,0.277504806665242
6.7451,224,52,0.277474288155766
6.7451,224,53,0.301095614490188
6.7451,224,54,0.323313089388714
6.7451,224,55,0.344279305398724
6.7451,224,56,0.363994262520218
6.7451,224,57,0.382549516281625
6.7451,224,58,0.400006103701895
6.7451,224,59,0.413586840418714
6.7451,224,60,0.429303872798853
6.7451,224,61,0.444166386913663
6.7451,224,62,0.458113345744194
6.7451,224,63,0.471297341837825
6.7451,224,64,0.483718375194556
6.7451,224,65,0.495437482833338
6.7451,224,66,0.506607257301553
6.7451,224,67,0.540879543443098
6.7451,224,68,0.163212988677633
6.7451,224,69,0.158116397595141
6.7451,224,70,0.142399365215003
6.7451,224,71,0.145481734672079
6.7451,224,72,0.140690328684347
6.7451,224,73,0.147587511825922
6.7451,224,74,0.525681325724052
6.7451,224,75,0.492538224433119
6.7451,224,76,0.493972594378491
6.7451,224,77,0.489394817957091
6.7451,224,78,0.506820886867885
6.7451,224,79,0.525681325724052
6.7451,224,80,0.524277474288156
6.7451,224,81,0.186193426313059
6.7451,224,82,-0.501022370067446
6.7451,224,83,-1
6.7451,224,84,-1
6.7451,224,85,-1
6.7451,224,86,-1
6.7451,224,87,-1
6.7451,224,88,-1
6.7451,224,89,-1
6.7451,224,90,-1
6.7451,224,91,-1
6.7451,224,92,-1
6.7451,224,93,-1
6.7451,224,94,-1
6.7451,224,95,-1
6.7451,224,96,-1
6.7451,224,97,-1
6.7451,224,98,-1
6.7451,224,99,-1
6.7451,224,100,-1
6.7451,224,101,-1
6.7451,224,102,-1
6.7451,224,103,-1
6.7451,224,104,-1
6.7451,224,105,-1
6.7451,224,106,-1
6.7451,224,107,-1
6.7735,225,1,-1
6.7735,225,2,-1
6.7735,225,3,-1
6.7735,225,4,-1
6.7735,225,5,-1
6.7735,225,6,-1
6.7735,225,7,-1
6.7735,225,8,-1
6.7735,225,9,-1
6.7735,225,10,-1
6.7735,225,11,-1
6.7735,225,12,-1
6.7735,225,13,-1
6.7735,225,14,-1
6.7735,225,15,-0.819177831354717
6.7735,225,16,-0.123264259773553
6.7735,225,17,0.159886471144749
6.7735,225,18,-0.172429578539384
6.7735,225,19,0.0814844203009125
6.7735,225,20,-0.50328073976867
6.7735,225,21,-0.97628711813715
6.7735,225,22,-1
6.7735,225,23,-1
6.7735,225,24,-1
6.7735,225,25,-1
6.7735,225,26,-1
6.7735,225,27,-1
6.7735,225,28,-1
6.7735,225,29,-1
6.7735,225,30,-1
6.7735,225,31,-1
6.7735,225,32,-1
6.7735,225,33,-1
6.7735,225,34,-1
6.7735,225,35,-1
6.7735,225,36,-1
6.7735,225,37,-1
6.7735,225,38,-1
6.7735,225,39,-1
6.7735,225,40,-1
6.7735,225,41,-1
6.7735,225,42,-1
6.7735,225,43,-1
6.7735,225,44,-1
6.7735,225,45,-1
6.7735,225,46,-1
6.7735,225,47,-1
6.7735,225,48,-1
6.7735,225,49,-1
6.7735,225,50,-1
6.7735,225,51,-1
6.7735,225,52,-1
6.7735,225,53,-1
6.7735,225,54,-1
6.7735,225,55,-1
6.7735,225,56,-1
6.7735,225,57,-1
6.7735,225,58,-1
6.7735,225,59,-1
6.7735,225,60,-1
6.7735,225,61,-1
6.7735,225,62,-1
6.7735,225,63,-1
6.7735,225,64,-1
6.7735,225,65,-1
6.7735,225,66,-1
6.7735,225,67,-1
6.7735,225,68,-1
6.7735,225,69,-1
6.7735,225,70,-1
6.7735,225,71,-1
6.7735,225,72,-1
6.7735,225,73,-1
6.7735,225,74,-1
6.7735,225,75,-1
6.7735,225,76,-1
6.7735,225,77,-1
6.7735,225,78,-1
6.7735,225,79,-1
6.7735,225,80,-1
6.7735,225,81,-1
6.7735,225,82,-1
6.7735,225,83,-1
6.7735,225,84,-1
6.7735,225,85,-1
6.7735,225,86,-1
6.7735,225,87,-1
6.7735,225,88,-1
6.7735,225,89,-1
6.7735,225,90,-1
6.7735,225,91,-1
6.7735,225,92,-1
6.7735,225,93,-0.695059053315836
6.7735,225,94,0.0429090243232521
6.7735,225,95,0.318369090853603
6.7735,225,96,0.526749473555712
6.7735,225,97,0.732718894009217
6.7735,225,98,1
6.7735,225,99,1
6.7735,225,100,1
6.7735,225,101,1
6.7735,225,102,1
6.7735,225,103,1
6.7735,225,104,1
6.7735,225,105,1
6.7735,225,106,1
6.7735,225,107,1
6.8019,226,1,1
6.8019,226,2,1
6.8019,226,3,1
6.8019,226,4,1
6.8019,226,5,1
6.8019,226,6,1
6.8019,226,7,1
6.8019,226,8,1
6.8019,226,9,1
6.8019,226,10,1
6.8019,226,11,1
6.8019,226,12,1
6.8019,226,13,0.830347605822932
6.8019,226,14,0.597064119388409
6.8019,226,15,0.39112521744438
6.8019,226,16,0.185247352519303
6.8019,226,17,0.187688833277383
6.8019,226,18,0.186956389049959
6.8019,226,19,0.250831629383221
6.8019,226,20,0.442121646778771
6.8019,226,21,0.318247016815699
6.8019,226,22,0.287575914792322
6.8019,226,23,0.495895260475478
6.8019,226,24,0.704123050630207
6.8019,226,25,0.988280892361217
6.8019,226,26,1
6.8019,226,27,0.757408368175298
6.8019,226,28,0.551866206854457
6.8019,226,29,0.345927304910428
6.8019,226,30,0.166966765343181
6.8019,226,31,0.187658314767907
6.8019,226,32,0.186895352031007
6.8019,226,33,0.361156041138951
6.8019,226,34,0.442030091250343
6.8019,226,35,0.254829554124577
6.8019,226,36,0.318796349986267
6.8019,226,37,0.527085177159948
6.8019,226,38,0.733085116122929
6.8019,226,39,1
6.8019,226,40,0.729178746910001
6.8019,226,41,0.532700582903531
6.8019,226,42,0.326822717978454
6.8019,226,43,0.171575060274056
6.8019,226,44,0.187658314767907
6.8019,226,45,0.186925870540483
6.8019,226,46,0.442030091250343
6.8019,226,47,0.190069277016511
6.8019,226,48,0.348338267159032
6.8019,226,49,0.556596575823237
6.8019,226,50,0.773918881801813
6.8019,226,51,1
6.8019,226,52,0.982604449598682
6.8019,226,53,0.705313272499771
6.8019,226,54,0.500259407330546
6.8019,226,55,0.294351023895993
6.8019,226,56,0.177007354960784
6.8019,226,57,0.187719351786859
6.8019,226,58,0.186956389049959
6.8019,226,59,0.442030091250343
6.8019,226,60,0.170995208594012
6.8019,226,61,0.377727591784417
6.8019,226,62,0.585894344920194
6.8019,226,63,0.816034424878689
6.8019,226,64,1
6.8019,226,65,0.933378093813898
6.8019,226,66,0.67101046784875
6.8019,226,67,0.465224158452101
6.8019,226,68,0.259315775017548
6.8019,226,69,0.182683797723319
6.8019,226,70,0.187688833277383
6.8019,226,71,0.186956389049959
6.8019,226,72,0.442152165288247
6.8019,226,73,0.215643787957396
6.8019,226,74,0.423810541093173
6.8019,226,75,0.632038331247902
6.8019,226,76,0.882961516159551
6.8019,226,77,1
6.8019,226,78,1
6.8019,226,79,1
6.8019,226,80,1
6.8019,226,81,1
6.8019,226,82,1
6.8019,226,83,1
6.8019,226,84,1
6.8019,226,85,1
6.8019,226,86,1
6.8019,226,87,1
6.8019,226,88,1
6.8019,226,89,1
6.8019,226,90,1
6.8019,226,91,1
6.8019,226,92,1
6.8019,226,93,1
6.8019,226,94,1
6.8019,226,95,1
6.8019,226,96,1
6.8019,226,97,1
6.8019,226,98,1
6.8019,226,99,1
6.8019,226,100,0.938749351481674
6.8019,226,101,0.67070528275399
6.8019,226,102,0.464857936338389
6.8019,226,103,0.25891903439436
6.8019,226,104,0.182927945799127
6.8019,226,105,0.187688833277383
6.8019,226,106,0.187566759239479
6.8019,226,107,0.442884609515671
6.8302,227,1,0.213385418256172
6.8302,227,2,0.421735282448805
6.8302,227,3,0.630024109622486
6.8302,227,4,0.880062257759331
6.8302,227,5,1
6.8302,227,6,1
6.8302,227,7,1
6.8302,227,8,1
6.8302,227,9,1
6.8302,227,10,1
6.8302,227,11,1
6.8302,227,12,1
6.8302,227,13,1
6.8302,227,14,1
6.8302,227,15,1
6.8302,227,16,1
6.8302,227,17,1
6.8302,227,18,1
6.8302,227,19,1
6.8302,227,20,1
6.8302,227,21,1
6.8302,227,22,1
6.8302,227,23,1
6.8302,227,24,1
6.8302,227,25,1
6.8302,227,26,1
6.8302,227,27,1
6.8302,227,28,0.737479781487472
6.8302,227,29,0.534257026886807
6.8302,227,30,0.328440198980682
6.8302,227,31,0.171117282631916
6.8302,227,32,0.187658314767907
6.8302,227,33,0.187231055635243
6.8302,227,34,0.442915128025147
6.8302,227,35,0.442915128025147
6.8302,227,36,0.181035798211615
6.8302,227,37,0.349314859462264
6.8302,227,38,0.557695242164373
6.8302,227,39,0.775536362804041
6.8302,227,40,1
6.8302,227,41,1
6.8302,227,42,1
6.8302,227,43,1
6.8302,227,44,1
6.8302,227,45,1
6.8302,227,46,1
6.8302,227,47,1
6.8302,227,48,1
6.8302,227,49,1
6.8302,227,50,1
6.8302,227,51,1
6.8302,227,52,1
6.8302,227,53,1
6.8302,227,54,1
6.8302,227,55,1
6.8302,227,56,1
6.8302,227,57,1
6.8302,227,58,1
6.8302,227,59,1
6.8302,227,60,1
6.8302,227,61,1
6.8302,227,62,1
6.8302,227,63,1
6.8302,227,64,1
6.8302,227,65,1
6.8302,227,66,1
6.8302,227,67,1
6.8302,227,68,1
6.8302,227,69,1
6.8302,227,70,1
6.8302,227,71,1
6.8302,227,72,1
6.8302,227,73,1
6.8302,227,74,1
6.8302,227,75,1
6.8302,227,76,1
6.8302,227,77,1
6.8302,227,78,1
6.8302,227,79,1
6.8302,227,80,1
6.8302,227,81,1
6.8302,227,82,1
6.8302,227,83,1
6.8302,227,84,0.71370586260567
6.8302,227,85,0.509659108249153
6.8302,227,86,0.3037507248146
6.8302,227,87,0.166478469191565
6.8302,227,88,0.228125858333079
6.8302,227,89,0.244514297921689
6.8302,227,90,0.19403668324839
6.8302,227,91,0.0889919736320078
6.8302,227,92,0.28583635975219
6.8302,227,93,0.359843745231483
6.8302,227,94,0.327433088167974
6.8302,227,95,0.293465987121189
6.8302,227,96,0.257759331034272
6.8302,227,97,0.220557267983032
6.8302,227,98,0.182103946043275
6.8302,227,99,0.142582476271859
6.8302,227,100,0.102450636310923
6.8302,227,101,0.0943021942808313
6.8302,227,102,0.131809442426832
6.8302,227,103,0.187658314767907
6.8302,227,104,0.187810907315287
6.8302,227,105,0.389416180913724
6.8302,227,106,0.443433942686239
6.8302,227,107,0.208136234626301
6.8586,228,1,-0.475203711050752
6.8586,228,2,-1
6.8586,228,3,-1
6.8586,228,4,-1
6.8586,228,5,-1
6.8586,228,6,-1
6.8586,228,7,-1
6.8586,228,8,-1
6.8586,228,9,-1
6.8586,228,10,-1
6.8586,228,11,-1
6.8586,228,12,-1
6.8586,228,13,-1
6.8586,228,14,-1
6.8586,228,15,-1
6.8586,228,16,-1
6.8586,228,17,-1
6.8586,228,18,-1
6.8586,228,19,-1
6.8586,228,20,-1
6.8586,228,21,-1
6.8586,228,22,-1
6.8586,228,23,-1
6.8586,228,24,-1
6.8586,228,25,-1
6.8586,228,26,-1
6.8586,228,27,-1
6.8586,228,28,-1
6.8586,228,29,-1
6.8586,228,30,-1
6.8586,228,31,-1
6.8586,228,32,-1
6.8586,228,33,-1
6.8586,228,34,-1
6.8586,228,35,-1
6.8586,228,36,-1
6.8586,228,37,-1
6.8586,228,38,-1
6.8586,228,39,-1
6.8586,228,40,-1
6.8586,228,41,-1
6.8586,228,42,-1
6.8586,228,43,-1
6.8586,228,44,-1
6.8586,228,45,-1
6.8586,228,46,-1
6.8586,228,47,-1
6.8586,228,48,-1
6.8586,228,49,-1
6.8586,228,50,-1
6.8586,228,51,-1
6.8586,228,52,-1
6.8586,228,53,-1
6.8586,228,54,-1
6.8586,228,55,-0.819116794335765
6.8586,228,56,-0.0813623462630085
6.8586,228,57,0.283150730918302
6.8586,228,58,0.491470076601459
6.8586,228,59,0.699697866756188
6.8586,228,60,0.981536301767022
6.8586,228,61,1
6.8586,228,62,1
6.8586,228,63,1
6.8586,228,64,1
6.8586,228,65,1
6.8586,228,66,1
6.8586,228,67,1
6.8586,228,68,1
6.8586,228,69,1
6.8586,228,70,1
6.8586,228,71,1
6.8586,228,72,1
6.8586,228,73,1
6.8586,228,74,1
6.8586,228,75,1
6.8586,228,76,1
6.8586,228,77,1
6.8586,228,78,1
6.8586,228,79,1
6.8586,228,80,1
6.8586,228,81,1
6.8586,228,82,1
6.8586,228,83,1
6.8586,228,84,1
6.8586,228,85,1
6.8586,228,86,1
6.8586,228,87,1
6.8586,228,88,1
6.8586,228,89,1
6.8586,228,90,1
6.8586,228,91,1
6.8586,228,92,1
6.8586,228,93,1
6.8586,228,94,1
6.8586,228,95,1
6.8586,228,96,1
6.8586,228,97,1
6.8586,228,98,1
6.8586,228,99,1
6.8586,228,100,1
6.8586,228,101,1
6.8586,228,102,1
6.8586,228,103,1
6.8586,228,104,1
6.8586,228,105,1
6.8586,228,106,0.921811578722495
6.8586,228,107,0.659169286172063
6.887,229,1,0.45326090273751
6.887,229,2,0.247474593340861
6.887,229,3,0.184789574877163
6.887,229,4,0.187688833277383
6.887,229,5,0.188024536881619
6.887,229,6,0.443525498214667
6.887,229,7,0.221625415814692
6.887,229,8,0.429944761497848
6.887,229,9,0.638203070162053
6.887,229,10,0.892025513473922
6.887,229,11,1
6.887,229,12,1
6.887,229,13,1
6.887,229,14,1
6.887,229,15,1
6.887,229,16,1
6.887,229,17,1
6.887,229,18,1
6.887,229,19,1
6.887,229,20,1
6.887,229,21,1
6.887,229,22,1
6.887,229,23,1
6.887,229,24,1
6.887,229,25,1
6.887,229,26,1
6.887,229,27,1
6.887,229,28,1
6.887,229,29,1
6.887,229,30,1
6.887,229,31,1
6.887,229,32,1
6.887,229,33,1
6.887,229,34,1
6.887,229,35,1
6.887,229,36,1
6.887,229,37,1
6.887,229,38,1
6.887,229,39,1
6.887,229,40,1
6.887,229,41,1
6.887,229,42,1
6.887,229,43,1
6.887,229,44,1
6.887,229,45,1
6.887,229,46,1
6.887,229,47,1
6.887,229,48,1
6.887,229,49,1
6.887,229,50,1
6.887,229,51,1
6.887,229,52,1
6.887,229,53,1
6.887,229,54,1
6.887,229,55,0.930448316904202
6.887,229,56,0.664967802972503
6.887,229,57,0.459181493575854
6.887,229,58,0.253364665669729
6.887,229,59,0.183385723441267
6.887,229,60,0.187658314767907
6.887,229,61,0.186956389049959
6.887,229,62,0.442609942930387
6.887,229,63,0.216864528336436
6.887,229,64,0.425244911038545
6.887,229,65,0.633472701193274
6.887,229,66,0.885158848841823
6.887,229,67,1
6.887,229,68,1
6.887,229,69,1
6.887,229,70,1
6.887,229,71,1
6.887,229,72,1
6.887,229,73,1
6.887,229,74,1
6.887,229,75,1
6.887,229,76,1
6.887,229,77,1
6.887,229,78,1
6.887,229,79,1
6.887,229,80,1
6.887,229,81,1
6.887,229,82,1
6.887,229,83,1
6.887,229,84,1
6.887,229,85,1
6.887,229,86,1
6.887,229,87,1
6.887,229,88,1
6.887,229,89,1
6.887,229,90,1
6.887,229,91,1
6.887,229,92,1
6.887,229,93,1
6.887,229,94,1
6.887,229,95,1
6.887,229,96,1
6.887,229,97,1
6.887,229,98,1
6.887,229,99,1
6.887,229,100,1
6.887,229,101,1
6.887,229,102,1
6.887,229,103,1
6.887,229,104,1
6.887,229,105,1
6.887,229,106,1
6.887,229,107,1
6.9154,230,1,1
6.9154,230,2,1
6.9154,230,3,1
6.9154,230,4,1
6.9154,230,5,1
6.9154,230,6,1
6.9154,230,7,1
6.9154,230,8,1
6.9154,230,9,1
6.9154,230,10,1
6.9154,230,11,1
6.9154,230,12,1
6.9154,230,13,1
6.9154,230,14,1
6.9154,230,15,1
6.9154,230,16,1
6.9154,230,17,1
6.9154,230,18,1
6.9154,230,19,1
6.9154,230,20,1
6.9154,230,21,1
6.9154,230,22,1
6.9154,230,23,1
6.9154,230,24,1
6.9154,230,25,1
6.9154,230,26,1
6.9154,230,27,1
6.9154,230,28,1
6.9154,230,29,1
6.9154,230,30,1
6.9154,230,31,1
6.9154,230,32,1
6.9154,230,33,1
6.9154,230,34,1
6.9154,230,35,1
6.9154,230,36,1
6.9154,230,37,1
6.9154,230,38,1
6.9154,230,39,1
6.9154,230,40,1
6.9154,230,41,1
6.9154,230,42,1
6.9154,230,43,1
6.9154,230,44,1
6.9154,230,45,1
6.9154,230,46,1
6.9154,230,47,1
6.9154,230,48,1
6.9154,230,49,1
6.9154,230,50,1
6.9154,230,51,1
6.9154,230,52,0.989989928891873
6.9154,230,53,0.706106753746147
6.9154,230,54,0.501083407086398
6.9154,230,55,0.295297097689749
6.9154,230,56,-0.054567094943083
6.9154,230,57,-0.792535172582171
6.9154,230,58,-1
6.9154,230,59,-0.993469038972137
6.9154,230,60,-0.597643971068453
6.9154,230,61,-0.636494033631397
6.9154,230,62,-0.631580553605762
6.9154,230,63,-0.364360484633931
6.9154,230,64,-0.89394817957091
6.9154,230,65,-1
6.9154,230,66,-0.796075319681387
6.9154,230,67,-0.0570390942106388
6.9154,230,68,0.166692098757897
6.9154,230,69,0.187444685201575
6.9154,230,70,0.443037202063051
6.9154,230,71,0.443098239082003
6.9154,230,72,0.551438947721793
6.9154,230,73,0.610797448652608
6.9154,230,74,0.652394177068392
6.9154,230,75,0.62984099856563
6.9154,230,76,0.256538590655232
6.9154,230,77,0.230628376110111
6.9154,230,78,0.222907193212683
6.9154,230,79,0.223273415326395
6.9154,230,80,0.225226599932859
6.9154,230,81,0.230628376110111
6.9154,230,82,0.231910153508103
6.9154,230,83,0.224616229743339
6.9154,230,84,0.220557267983032
6.9154,230,85,0.220557267983032
6.9154,230,86,0.220557267983032
6.9154,230,87,0.220557267983032
6.9154,230,88,0.220557267983032
6.9154,230,89,0.220557267983032
6.9154,230,90,0.220557267983032
6.9154,230,91,0.220557267983032
6.9154,230,92,0.220557267983032
6.9154,230,93,0.220557267983032
6.9154,230,94,0.220557267983032
6.9154,230,95,0.220557267983032
6.9154,230,96,0.220557267983032
6.9154,230,97,0.220557267983032
6.9154,230,98,0.220557267983032
6.9154,230,99,0.220557267983032
6.9154,230,100,0.220557267983032
6.9154,230,101,0.220557267983032
6.9154,230,102,0.220557267983032
6.9154,230,103,0.220557267983032
6.9154,230,104,0.220557267983032
6.9154,230,105,0.220557267983032
6.9154,230,106,0.220557267983032
6.9154,230,107,0.220557267983032
6.9437,231,1,0.220557267983032
6.9437,231,2,0.220557267983032
6.9437,231,3,0.220557267983032
6.9437,231,4,0.220557267983032
6.9437,231,5,0.224433118686483
6.9437,231,6,0.198492385631886
6.9437,231,7,0.227912228766747
6.9437,231,8,0.436140018921476
6.9437,231,9,0.644520401623585
6.9437,231,10,0.901272621845149
6.9437,231,11,1
6.9437,231,12,1
6.9437,231,13,1
6.9437,231,14,1
6.9437,231,15,1
6.9437,231,16,1
6.9437,231,17,1
6.9437,231,18,1
6.9437,231,19,1
6.9437,231,20,1
6.9437,231,21,1
6.9437,231,22,1
6.9437,231,23,1
6.9437,231,24,1
6.9437,231,25,1
6.9437,231,26,1
6.9437,231,27,1
6.9437,231,28,1
6.9437,231,29,1
6.9437,231,30,1
6.9437,231,31,1
6.9437,231,32,1
6.9437,231,33,1
6.9437,231,34,1
6.9437,231,35,1
6.9437,231,36,1
6.9437,231,37,1
6.9437,231,38,1
6.9437,231,39,1
6.9437,231,40,1
6.9437,231,41,1
6.9437,231,42,1
6.9437,231,43,1
6.9437,231,44,1
6.9437,231,45,1
6.9437,231,46,1
6.9437,231,47,1
6.9437,231,48,1
6.9437,231,49,1
6.9437,231,50,0.750267036957915
6.9437,231,51,0.292947172460097
6.9437,231,52,-0.164677877132481
6.9437,231,53,0.399884029663991
6.9437,231,54,0.399151585436567
6.9437,231,55,0.41010773033845
6.9437,231,56,0.466628009887997
6.9437,231,57,-0.157078768272958
6.9437,231,58,0.300210577715384
6.9437,231,59,0.757896664326914
6.9437,231,60,0.999969481490524
6.9437,231,61,0.794763023773919
6.9437,231,62,0.337321085238197
6.9437,231,63,-0.120334482863857
6.9437,231,64,0.399853511154515
6.9437,231,65,0.399273659474471
6.9437,231,66,0.397961363567003
6.9437,231,67,0.466841639454329
6.9437,231,68,-0.219916379284036
6.9437,231,69,0.223670155949583
6.9437,231,70,0.681356242561113
6.9437,231,71,1
6.9437,231,72,0.847956785790582
6.9437,231,73,0.390331736198004
6.9437,231,74,-0.0671712393566698
6.9437,231,75,0.371593371379742
6.9437,231,76,0.399822992645039
6.9437,231,77,0.399426252021851
6.9437,231,78,0.466963713492233
6.9437,231,79,-0.163609729300821
6.9437,231,80,0.178594317453536
6.9437,231,81,0.636219367046113
6.9437,231,82,1
6.9437,231,83,0.95669423505356
6.9437,231,84,0.499588000122074
6.9437,231,85,0.0417493209631642
6.9437,231,86,0.142857142857143
6.9437,231,87,0.399853511154515
6.9437,231,88,0.399487289040803
6.9437,231,89,0.467085787530137
6.9437,231,90,0.15012054811243
6.9437,231,91,0.0565813165684988
6.9437,231,92,0.514419995727409
6.9437,231,93,0.972045045319987
6.9437,231,94,1
6.9437,231,95,0.590563676870022
6.9437,231,96,0.132694479201636
6.9437,231,97,-0.0549027985473189
6.9437,231,98,0.399853511154515
6.9437,231,99,0.399548326059755
6.9437,231,100,0.467085787530137
6.9437,231,101,0.30771813104648
6.9437,231,102,-0.0125736259041108
6.9437,231,103,0.445173497726371
6.9437,231,104,0.902890102847377
6.9437,231,105,1
6.9437,231,106,1
6.9437,231,107,1
6.9721,232,1,1
6.9721,232,2,1
6.9721,232,3,1
6.9721,232,4,1
6.9721,232,5,1
6.9721,232,6,1
6.9721,232,7,1
6.9721,232,8,1
6.9721,232,9,1
6.9721,232,10,1
6.9721,232,11,1
6.9721,232,12,1
6.9721,232,13,1
6.9721,232,14,1
6.9721,232,15,1
6.9721,232,16,1
6.9721,232,17,1
6.9721,232,18,1
6.9721,232,19,1
6.9721,232,20,1
6.9721,232,21,1
6.9721,232,22,0.610583819086276
6.9721,232,23,0.152806176946318
6.9721,232,24,-0.157933286538285
6.9721,232,25,0.5646534623249
6.9721,232,26,0.799920651875362
6.9721,232,27,0.512802514725181
6.9721,232,28,0.513748588518937
6.9721,232,29,0.742179631946776
6.9721,232,30,0.7421491134373
6.9721,232,31,0.742332224494156
6.9721,232,32,0.777397991882076
6.9721,232,33,0.513779107028413
6.9721,232,34,0.786492507705924
6.9721,232,35,0.773949400311289
6.9721,232,36,0.742423780022584
6.9721,232,37,0.863124485000153
6.9721,232,38,0.80458998382519
6.9721,232,39,0.753807184057131
6.9721,232,40,0.709341715750603
6.9721,232,41,0.670339060640278
6.9721,232,42,0.636188848536637
6.9721,232,43,0.533707693716239
6.9721,232,44,0.122074037903989
6.9721,232,45,0.0168156987212745
6.9721,232,46,0.474288155766472
6.9721,232,47,0.932035279396954
6.9721,232,48,1
6.9721,232,49,1
6.9721,232,50,1
6.9721,232,51,1
6.9721,232,52,1
6.9721,232,53,1
6.9721,232,54,1
6.9721,232,55,1
6.9721,232,56,1
6.9721,232,57,1
6.9721,232,58,1
6.9721,232,59,1
6.9721,232,60,1
6.9721,232,61,1
6.9721,232,62,1
6.9721,232,63,1
6.9721,232,64,1
6.9721,232,65,1
6.9721,232,66,1
6.9721,232,67,1
6.9721,232,68,1
6.9721,232,69,1
6.9721,232,70,1
6.9721,232,71,1
6.9721,232,72,1
6.9721,232,73,1
6.9721,232,74,1
6.9721,232,75,1
6.9721,232,76,1
6.9721,232,77,1
6.9721,232,78,1
6.9721,232,79,1
6.9721,232,80,1
6.9721,232,81,1
6.9721,232,82,1
6.9721,232,83,1
6.9721,232,84,1
6.9721,232,85,1
6.9721,232,86,1
6.9721,232,87,1
6.9721,232,88,1
6.9721,232,89,0.833063753166295
6.9721,232,90,0.375408185064241
6.9721,232,91,-0.0824304940946684
6.9721,232,92,0.397228919339579
6.9721,232,93,0.399884029663991
6.9721,232,94,0.398785363322855
6.9721,232,95,0.466292306283761
6.9721,232,96,-0.219702749717704
6.9721,232,97,0.21317178868984
6.9721,232,98,0.671040986358226
6.9721,232,99,1
6.9721,232,100,1
6.9721,232,101,1
6.9721,232,102,1
6.9721,232,103,1
6.9721,232,104,1
6.9721,232,105,1
6.9721,232,106,1
6.9721,232,107,1
7.0005,233,1,1
7.0005,233,2,1
7.0005,233,3,1
7.0005,233,4,1
7.0005,233,5,1
7.0005,233,6,1
7.0005,233,7,1
7.0005,233,8,1
7.0005,233,9,1
7.0005,233,10,1
7.0005,233,11,1
7.0005,233,12,1
7.0005,233,13,1
7.0005,233,14,1
7.0005,233,15,0.655568102053896
7.0005,233,16,0.197912533951842
7.0005,233,17,-0.191991943113498
7.0005,233,18,0.399884029663991
7.0005,233,19,0.398998992889187
7.0005,233,20,0.427076021607105
7.0005,233,21,0.466475417340617
7.0005,233,22,-0.12991729483932
7.0005,233,23,0.327646717734306
7.0005,233,24,0.785363322855312
7.0005,233,25,0.999969481490524
7.0005,233,26,0.999969481490524
7.0005,233,27,0.999969481490524
7.0005,233,28,0.999969481490524
7.0005,233,29,0.999969481490524
7.0005,233,30,0.999969481490524
7.0005,233,31,0.999969481490524
7.0005,233,32,0.999969481490524
7.0005,233,33,0.999969481490524
7.0005,233,34,0.999969481490524
7.0005,233,35,0.999969481490524
7.0005,233,36,0.999969481490524
7.0005,233,37,0.999969481490524
7.0005,233,38,0.999969481490524
7.0005,233,39,0.999969481490524
7.0005,233,40,0.999969481490524
7.0005,233,41,0.999969481490524
7.0005,233,42,0.999969481490524
7.0005,233,43,0.999969481490524
7.0005,233,44,0.567827387310404
7.0005,233,45,0.110263374736778
7.0005,233,46,-0.00500503555406354
7.0005,233,47,0.399884029663991
7.0005,233,48,0.398937955870235
7.0005,233,49,0.466383861812189
7.0005,233,50,0.376323740348521
7.0005,233,51,-0.0347300637836848
7.0005,233,52,0.422894985808893
7.0005,233,53,0.880489516891995
7.0005,233,54,0.999969481490524
7.0005,233,55,0.819208349864193
7.0005,233,56,0.361644337290567
7.0005,233,57,-0.0959807123020112
7.0005,233,58,0.385235145115513
7.0005,233,59,0.399853511154515
7.0005,233,60,0.398968474379711
7.0005,233,61,0.466505935850093
7.0005,233,62,-0.208807641834773
7.0005,233,63,0.193151646473586
7.0005,233,64,0.650898770104068
7.0005,233,65,0.999969481490524
7.0005,233,66,0.67375713370159
7.0005,233,67,0.216132084109012
7.0005,233,68,-0.219702749717704
7.0005,233,69,0.399884029663991
7.0005,233,70,0.399060029908139
7.0005,233,71,0.399121066927091
7.0005,233,72,0.441450239570299
7.0005,233,73,0.466658528397473
7.0005,233,74,-0.0966216010010071
7.0005,233,75,0.360911893063143
7.0005,233,76,0.818597979674673
7.0005,233,77,0.999969481490524
7.0005,233,78,0.90835291604358
7.0005,233,79,0.450849940488907
7.0005,233,80,-0.00671407208471938
7.0005,233,81,0.219458601641896
7.0005,233,82,0.399884029663991
7.0005,233,83,0.399243140964995
7.0005,233,84,0.466841639454329
7.0005,233,85,-0.000823999755851924
7.0005,233,86,0.110873744926298
7.0005,233,87,0.56831568346202
7.0005,233,88,0.999969481490524
7.0005,233,89,0.999969481490524
7.0005,233,90,0.999969481490524
7.0005,233,91,0.999969481490524
7.0005,233,92,0.999969481490524
7.0005,233,93,0.999969481490524
7.0005,233,94,0.999969481490524
7.0005,233,95,0.999969481490524
7.0005,233,96,0.999969481490524
7.0005,233,97,0.999969481490524
7.0005,233,98,0.999969481490524
7.0005,233,99,0.999969481490524
7.0005,233,100,0.999969481490524
7.0005,233,101,0.999969481490524
7.0005,233,102,0.999969481490524
7.0005,233,103,0.999969481490524
7.0005,233,104,0.999969481490524
7.0005,233,105,0.999969481490524
7.0005,233,106,0.999969481490524
7.0005,233,107,0.999969481490524
7.0289,234,1,0.999969481490524
7.0289,234,2,0.999969481490524
7.0289,234,3,0.999969481490524
7.0289,234,4,0.999969481490524
7.0289,234,5,0.999969481490524
7.0289,234,6,0.766747032074953
7.0289,234,7,0.309274575029756
7.0289,234,8,-0.148258919034394
7.0289,234,9,0.399884029663991
7.0289,234,10,0.398998992889187
7.0289,234,11,0.466505935850093
7.0289,234,12,-0.219702749717704
7.0289,234,13,0.215887936033204
7.0289,234,14,0.673696096682638
7.0289,234,15,0.999969481490524
7.0289,234,16,0.999969481490524
7.0289,234,17,0.999969481490524
7.0289,234,18,0.999969481490524
7.0289,234,19,0.999969481490524
7.0289,234,20,0.999969481490524
7.0289,234,21,0.999969481490524
7.0289,234,22,0.999969481490524
7.0289,234,23,0.999969481490524
7.0289,234,24,0.999969481490524
7.0289,234,25,0.999969481490524
7.0289,234,26,0.999969481490524
7.0289,234,27,0.999969481490524
7.0289,234,28,0.999969481490524
7.0289,234,29,0.999969481490524
7.0289,234,30,0.999969481490524
7.0289,234,31,0.999969481490524
7.0289,234,32,0.999969481490524
7.0289,234,33,0.999969481490524
7.0289,234,34,0.999969481490524
7.0289,234,35,0.999969481490524
7.0289,234,36,0.999969481490524
7.0289,234,37,0.999969481490524
7.0289,234,38,0.999969481490524
7.0289,234,39,0.999969481490524
7.0289,234,40,0.999969481490524
7.0289,234,41,0.999969481490524
7.0289,234,42,0.999969481490524
7.0289,234,43,0.999969481490524
7.0289,234,44,0.999969481490524
7.0289,234,45,0.999969481490524
7.0289,234,46,0.999969481490524
7.0289,234,47,0.999969481490524
7.0289,234,48,0.999969481490524
7.0289,234,49,0.999969481490524
7.0289,234,50,0.999969481490524
7.0289,234,51,0.999969481490524
7.0289,234,52,0.999969481490524
7.0289,234,53,0.999969481490524
7.0289,234,54,0.999969481490524
7.0289,234,55,0.999969481490524
7.0289,234,56,0.999969481490524
7.0289,234,57,0.999969481490524
7.0289,234,58,0.999969481490524
7.0289,234,59,0.999969481490524
7.0289,234,60,0.999969481490524
7.0289,234,61,0.999969481490524
7.0289,234,62,0.999969481490524
7.0289,234,63,0.999969481490524
7.0289,234,64,0.999969481490524
7.0289,234,65,0.999969481490524
7.0289,234,66,0.999969481490524
7.0289,234,67,0.999969481490524
7.0289,234,68,0.999969481490524
7.0289,234,69,0.999969481490524
7.0289,234,70,0.999969481490524
7.0289,234,71,0.999969481490524
7.0289,234,72,0.999969481490524
7.0289,234,73,0.999969481490524
7.0289,234,74,0.999969481490524
7.0289,234,75,0.999969481490524
7.0289,234,76,0.999969481490524
7.0289,234,77,0.999969481490524
7.0289,234,78,0.999969481490524
7.0289,234,79,0.999969481490524
7.0289,234,80,0.999969481490524
7.0289,234,81,0.999969481490524
7.0289,234,82,0.999969481490524
7.0289,234,83,0.67192602313303
7.0289,234,84,0.2142399365215
7.0289,234,85,-0.219702749717704
7.0289,234,86,-0.232612079226051
7.0289,234,87,-0.245551927243873
7.0289,234,88,-1
7.0289,234,89,-1
7.0289,234,90,-1
7.0289,234,91,-1
7.0289,234,92,-1
7.0289,234,93,-1
7.0289,234,94,-1
7.0289,234,95,-1
7.0289,234,96,-1
7.0289,234,97,-1
7.0289,234,98,-1
7.0289,234,99,-1
7.0289,234,100,-1
7.0289,234,101,-1
7.0289,234,102,-1
7.0289,234,103,-1
7.0289,234,104,0.140659810174871
7.0289,234,105,0.521134067812128
7.0289,234,106,0.19251075777459
7.0289,234,107,0.21408734397412
7.0572,235,1,0.196813867610706
7.0572,235,2,0.511856440931425
7.0572,235,3,0.696005127109592
7.0572,235,4,-0.0776085695974609
7.0572,235,5,-1
7.0572,235,6,-1
7.0572,235,7,-1
7.0572,235,8,-1
7.0572,235,9,-1
7.0572,235,10,-1
7.0572,235,11,-1
7.0572,235,12,-1
7.0572,235,13,-1
7.0572,235,14,-1
7.0572,235,15,-1
7.0572,235,16,-1
7.0572,235,17,-1
7.0572,235,18,-1
7.0572,235,19,-1
7.0572,235,20,-1
7.0572,235,21,-1
7.0572,235,22,-1
7.0572,235,23,-1
7.0572,235,24,-1
7.0572,235,25,-1
7.0572,235,26,-1
7.0572,235,27,-1
7.0572,235,28,-1
7.0572,235,29,-1
7.0572,235,30,-1
7.0572,235,31,-1
7.0572,235,32,-1
7.0572,235,33,-1
7.0572,235,34,-0.93939024018067
7.0572,235,35,-0.90758995330668
7.0572,235,36,-0.914365062410352
7.0572,235,37,-1
7.0572,235,38,-1
7.0572,235,39,-1
7.0572,235,40,-0.398510696737571
7.0572,235,41,-0.219702749717704
7.0572,235,42,-0.219702749717704
7.0572,235,43,0.0319223609118931
7.0572,235,44,0.489761040070803
7.0572,235,45,0.947477645191809
7.0572,235,46,1
7.0572,235,47,1
7.0572,235,48,1
7.0572,235,49,1
7.0572,235,50,1
7.0572,235,51,1
7.0572,235,52,1
7.0572,235,53,1
7.0572,235,54,1
7.0572,235,55,1
7.0572,235,56,1
7.0572,235,57,1
7.0572,235,58,1
7.0572,235,59,1
7.0572,235,60,1
7.0572,235,61,1
7.0572,235,62,1
7.0572,235,63,1
7.0572,235,64,1
7.0572,235,65,1
7.0572,235,66,1
7.0572,235,67,1
7.0572,235,68,1
7.0572,235,69,0.813379314554277
7.0572,235,70,0.355693227942747
7.0572,235,71,-0.101962340159307
7.0572,235,72,0.310892056031983
7.0572,235,73,0.827356791894284
7.0572,235,74,0.889156773583178
7.0572,235,75,0.834772789696951
7.0572,235,76,0.620624408703879
7.0572,235,77,0.621662038026063
7.0572,235,78,0.835169530320139
7.0572,235,79,0.836603900265511
7.0572,235,80,0.868221076082644
7.0572,235,81,0.621631519516587
7.0572,235,82,0.633320108645894
7.0572,235,83,0.645741142002625
7.0572,235,84,0.398846400341807
7.0572,235,85,0.466444898831141
7.0572,235,86,0.290902432325205
7.0572,235,87,-0.0021973326822718
7.0572,235,88,0.45539719840083
7.0572,235,89,0.913144322031312
7.0572,235,90,0.999969481490524
7.0572,235,91,0.999969481490524
7.0572,235,92,0.999969481490524
7.0572,235,93,0.999969481490524
7.0572,235,94,0.999969481490524
7.0572,235,95,0.999969481490524
7.0572,235,96,0.999969481490524
7.0572,235,97,0.999969481490524
7.0572,235,98,0.999969481490524
7.0572,235,99,0.999969481490524
7.0572,235,100,0.999969481490524
7.0572,235,101,0.999969481490524
7.0572,235,102,0.999969481490524
7.0572,235,103,0.999969481490524
7.0572,235,104,0.999969481490524
7.0572,235,105,0.999969481490524
7.0572,235,106,0.999969481490524
7.0572,235,107,0.999969481490524
7.3977,236,1,0.912564470351268
7.3977,236,2,0.925809503463851
7.3977,236,3,0.93862727744377
7.3977,236,4,0.950834681234168
7.3977,236,5,0.962126529740287
7.3977,236,6,0.972319711905271
7.3977,236,7,0.901058992278817
7.3977,236,8,0.399853511154515
7.3977,236,9,0.399853511154515
7.3977,236,10,0.399731437116611
7.3977,236,11,0.441236610003967
7.3977,236,12,0.467390972624897
7.3977,236,13,-0.117282631916257
7.3977,236,14,-0.219824823755608
7.3977,236,15,-0.21973326822718
7.3977,236,16,-0.219702749717704
7.3977,236,17,-0.590716269417402
7.3977,236,18,-0.376445814386425
7.3977,236,19,-0.409436323129978
7.3977,236,20,-0.516525772881252
7.3977,236,21,-0.6082644123661
7.3977,236,22,-0.6082644123661
7.3977,236,23,-0.608233893856624
7.3977,236,24,-0.59187597277749
7.3977,236,25,-0.468428601947081
7.3977,236,26,-0.468428601947081
7.3977,236,27,-0.468428601947081
7.3977,236,28,-0.468428601947081
7.3977,236,29,-0.468428601947081
7.3977,236,30,-0.468428601947081
7.3977,236,31,-0.468428601947081
7.3977,236,32,-0.468428601947081
7.3977,236,33,-0.468428601947081
7.3977,236,34,-0.468428601947081
7.3977,236,35,-0.468428601947081
7.3977,236,36,-0.468428601947081
7.3977,236,37,-0.468428601947081
7.3977,236,38,-0.468428601947081
7.3977,236,39,-0.468428601947081
7.3977,236,40,-0.468428601947081
7.3977,236,41,-0.468428601947081
7.3977,236,42,-0.468428601947081
7.3977,236,43,-0.468428601947081
7.3977,236,44,-0.468428601947081
7.3977,236,45,-0.468428601947081
7.3977,236,46,-0.468428601947081
7.3977,236,47,-0.468428601947081
7.3977,236,48,-0.468428601947081
7.3977,236,49,-0.468428601947081
7.3977,236,50,-0.468428601947081
7.3977,236,51,-0.468428601947081
7.3977,236,52,-0.468428601947081
7.3977,236,53,-0.468428601947081
7.3977,236,54,-0.468428601947081
7.3977,236,55,-0.468428601947081
7.3977,236,56,-0.468428601947081
7.3977,236,57,-0.468428601947081
7.3977,236,58,-0.468428601947081
7.3977,236,59,-0.468428601947081
7.3977,236,60,-0.468428601947081
7.3977,236,61,-0.468428601947081
7.3977,236,62,-0.468428601947081
7.3977,236,63,-0.468428601947081
7.3977,236,64,-0.468428601947081
7.3977,236,65,-0.468428601947081
7.3977,236,66,-0.507980590227973
7.3977,236,67,-0.468245490890225
7.3977,236,68,-0.244575334940641
7.3977,236,69,-0.21973326822718
7.3977,236,70,-0.219702749717704
7.3977,236,71,0.0365916928617206
7.3977,236,72,0.494216742454299
7.3977,236,73,0.951719718008972
7.3977,236,74,1
7.3977,236,75,1
7.3977,236,76,1
7.3977,236,77,1
7.3977,236,78,1
7.3977,236,79,1
7.3977,236,80,1
7.3977,236,81,1
7.3977,236,82,1
7.3977,236,83,1
7.3977,236,84,1
7.3977,236,85,1
7.3977,236,86,1
7.3977,236,87,1
7.3977,236,88,1
7.3977,236,89,1
7.3977,236,90,1
7.3977,236,91,1
7.3977,236,92,1
7.3977,236,93,1
7.3977,236,94,1
7.3977,236,95,1
7.3977,236,96,1
7.3977,236,97,1
7.3977,236,98,1
7.3977,236,99,1
7.3977,236,100,1
7.3977,236,101,1
7.3977,236,102,1
7.3977,236,103,1
7.3977,236,104,1
7.3977,236,105,1
7.3977,236,106,1
7.3977,236,107,1
7.4261,237,1,1
7.4261,237,2,1
7.4261,237,3,1
7.4261,237,4,1
7.4261,237,5,1
7.4261,237,6,1
7.4261,237,7,1
7.4261,237,8,1
7.4261,237,9,1
7.4261,237,10,1
7.4261,237,11,1
7.4261,237,12,0.875514999847407
7.4261,237,13,0.417798394726402
7.4261,237,14,-0.0396740623187964
7.4261,237,15,0.317392498550371
7.4261,237,16,0.399884029663991
7.4261,237,17,0.399182103946043
7.4261,237,18,0.466689046906949
7.4261,237,19,-0.0986053041169469
7.4261,237,20,0.359111301004059
7.4261,237,21,0.816583758049257
7.4261,237,22,1
7.4261,237,23,1
7.4261,237,24,1
7.4261,237,25,1
7.4261,237,26,1
7.4261,237,27,1
7.4261,237,28,1
7.4261,237,29,1
7.4261,237,30,1
7.4261,237,31,1
7.4261,237,32,1
7.4261,237,33,1
7.4261,237,34,1
7.4261,237,35,1
7.4261,237,36,1
7.4261,237,37,1
7.4261,237,38,1
7.4261,237,39,1
7.4261,237,40,1
7.4261,237,41,1
7.4261,237,42,1
7.4261,237,43,1
7.4261,237,44,1
7.4261,237,45,1
7.4261,237,46,1
7.4261,237,47,1
7.4261,237,48,1
7.4261,237,49,1
7.4261,237,50,1
7.4261,237,51,1
7.4261,237,52,1
7.4261,237,53,1
7.4261,237,54,1
7.4261,237,55,1
7.4261,237,56,1
7.4261,237,57,1
7.4261,237,58,1
7.4261,237,59,1
7.4261,237,60,1
7.4261,237,61,1
7.4261,237,62,1
7.4261,237,63,1
7.4261,237,64,1
7.4261,237,65,1
7.4261,237,66,0.888332773827326
7.4261,237,67,0.430829798272652
7.4261,237,68,-0.0266121402630696
7.4261,237,69,0.27774895474105
7.4261,237,70,0.399884029663991
7.4261,237,71,0.399395733512375
7.4261,237,72,0.466994232001709
7.4261,237,73,-0.109073152867214
7.4261,237,74,0.34873500778222
7.4261,237,75,0.806207464827418
7.4261,237,76,1
7.4261,237,77,1
7.4261,237,78,1
7.4261,237,79,1
7.4261,237,80,1
7.4261,237,81,1
7.4261,237,82,1
7.4261,237,83,1
7.4261,237,84,1
7.4261,237,85,1
7.4261,237,86,1
7.4261,237,87,1
7.4261,237,88,1
7.4261,237,89,1
7.4261,237,90,1
7.4261,237,91,1
7.4261,237,92,1
7.4261,237,93,1
7.4261,237,94,1
7.4261,237,95,1
7.4261,237,96,1
7.4261,237,97,1
7.4261,237,98,1
7.4261,237,99,1
7.4261,237,100,1
7.4261,237,101,1
7.4261,237,102,1
7.4261,237,103,1
7.4261,237,104,1
7.4261,237,105,1
7.4261,237,106,1
7.4261,237,107,1
7.4545,238,1,1
7.4545,238,2,1
7.4545,238,3,1
7.4545,238,4,1
7.4545,238,5,1
7.4545,238,6,1
7.4545,238,7,1
7.4545,238,8,1
7.4545,238,9,1
7.4545,238,10,1
7.4545,238,11,1
7.4545,238,12,1
7.4545,238,13,1
7.4545,238,14,1
7.4545,238,15,1
7.4545,238,16,1
7.4545,238,17,1
7.4545,238,18,1
7.4545,238,19,1
7.4545,238,20,1
7.4545,238,21,1
7.4545,238,22,1
7.4545,238,23,1
7.4545,238,24,1
7.4545,238,25,1
7.4545,238,26,1
7.4545,238,27,1
7.4545,238,28,1
7.4545,238,29,1
7.4545,238,30,1
7.4545,238,31,1
7.4545,238,32,1
7.4545,238,33,1
7.4545,238,34,1
7.4545,238,35,1
7.4545,238,36,1
7.4545,238,37,1
7.4545,238,38,1
7.4545,238,39,1
7.4545,238,40,1
7.4545,238,41,1
7.4545,238,42,1
7.4545,238,43,1
7.4545,238,44,1
7.4545,238,45,1
7.4545,238,46,1
7.4545,238,47,1
7.4545,238,48,1
7.4545,238,49,1
7.4545,238,50,1
7.4545,238,51,1
7.4545,238,52,1
7.4545,238,53,1
7.4545,238,54,1
7.4545,238,55,1
7.4545,238,56,1
7.4545,238,57,1
7.4545,238,58,1
7.4545,238,59,1
7.4545,238,60,1
7.4545,238,61,0.979918820764794
7.4545,238,62,0.5240943632313
7.4545,238,63,0.0665913876766259
7.4545,238,64,-0.219702749717704
7.4545,238,65,-0.219702749717704
7.4545,238,66,-0.219702749717704
7.4545,238,67,0.0755638294625691
7.4545,238,68,0.321237830744346
7.4545,238,69,0.362559892574847
7.4545,238,70,0.579393902401807
7.4545,238,71,-0.148716696676534
7.4545,238,72,-0.219702749717704
7.4545,238,73,-0.219702749717704
7.4545,238,74,-0.213080233161412
7.4545,238,75,0.400006103701895
7.4545,238,76,0.467787713248085
7.4545,238,77,0.298257393108921
7.4545,238,78,0.349864192632832
7.4545,238,79,0.659779656361583
7.4545,238,80,0.811090426343577
7.4545,238,81,0.689809869685965
7.4545,238,82,0.456984160893582
7.4545,238,83,0.488937040314951
7.4545,238,84,0.716544083986938
7.4545,238,85,0.716544083986938
7.4545,238,86,0.716544083986938
7.4545,238,87,0.488967558824427
7.4545,238,88,0.45310831019013
7.4545,238,89,0.659413434247871
7.4545,238,90,0.762474440748314
7.4545,238,91,0.762474440748314
7.4545,238,92,0.762474440748314
7.4545,238,93,0.762474440748314
7.4545,238,94,0.762474440748314
7.4545,238,95,0.762474440748314
7.4545,238,96,0.762474440748314
7.4545,238,97,0.762474440748314
7.4545,238,98,0.762474440748314
7.4545,238,99,0.762474440748314
7.4545,238,100,0.762474440748314
7.4545,238,101,0.762474440748314
7.4545,238,102,0.762474440748314
7.4545,238,103,0.762474440748314
7.4545,238,104,0.762474440748314
7.4545,238,105,0.762474440748314
7.4545,238,106,0.762474440748314
7.4545,238,107,0.762474440748314
7.4829,239,1,0.762474440748314
7.4829,239,2,0.762474440748314
7.4829,239,3,0.762474440748314
7.4829,239,4,0.762474440748314
7.4829,239,5,0.762474440748314
7.4829,239,6,0.762474440748314
7.4829,239,7,0.762474440748314
7.4829,239,8,0.762474440748314
7.4829,239,9,0.762474440748314
7.4829,239,10,0.762474440748314
7.4829,239,11,0.655964842677084
7.4829,239,12,0.1300698873867
7.4829,239,13,-0.0848414563432722
7.4829,239,14,0.372692037720878
7.4829,239,15,0.830530716879788
7.4829,239,16,1
7.4829,239,17,1
7.4829,239,18,1
7.4829,239,19,1
7.4829,239,20,1
7.4829,239,21,1
7.4829,239,22,1
7.4829,239,23,1
7.4829,239,24,1
7.4829,239,25,1
7.4829,239,26,1
7.4829,239,27,1
7.4829,239,28,1
7.4829,239,29,1
7.4829,239,30,1
7.4829,239,31,1
7.4829,239,32,1
7.4829,239,33,1
7.4829,239,34,1
7.4829,239,35,1
7.4829,239,36,1
7.4829,239,37,1
7.4829,239,38,1
7.4829,239,39,1
7.4829,239,40,1
7.4829,239,41,1
7.4829,239,42,1
7.4829,239,43,1
7.4829,239,44,-1
7.4829,239,45,-1
7.4829,239,46,-1
7.4829,239,47,-1
7.4829,239,48,-1
7.4829,239,49,-1
7.4829,239,50,-1
7.4829,239,51,-1
7.4829,239,52,-1
7.4829,239,53,-1
7.4829,239,54,-0.729789117099521
7.4829,239,55,-0.586779381694998
7.4829,239,56,-0.324655903805658
7.4829,239,57,-0.0624103518784143
7.4829,239,58,0.366588335825678
7.4829,239,59,0.561021759697256
7.4829,239,60,0.641407513657033
7.4829,239,61,0.63365581225013
7.4829,239,62,0.317392498550371
7.4829,239,63,0.189458906826991
7.4829,239,64,-0.0665913876766259
7.4829,239,65,-0.32868434705649
7.4829,239,66,-0.590929898983734
7.4829,239,67,-0.729758598590045
7.4829,239,68,-1
7.4829,239,69,-0.729789117099521
7.4829,239,70,-0.612292855616932
7.4829,239,71,-0.35010834070864
7.4829,239,72,-0.0878322702719199
7.4829,239,73,0.366588335825678
7.4829,239,74,0.560136722922452
7.4829,239,75,0.639088106936857
7.4829,239,76,0.704611346781823
7.4829,239,77,0.353801080355235
7.4829,239,78,0.188848536637471
7.4829,239,79,-0.0307321390423292
7.4829,239,80,-0.284798730430006
7.4829,239,81,-0.547074800866726
7.4829,239,82,-0.729758598590045
7.4829,239,83,-0.998596148564104
7.4829,239,84,-1
7.4829,239,85,-0.729789117099521
7.4829,239,86,-0.642780846583453
7.4829,239,87,-0.380474257637257
7.4829,239,88,-0.118289742728965
7.4829,239,89,0.348155156102176
7.4829,239,90,0.366588335825678
7.4829,239,91,0.560167241431928
7.4829,239,92,0.639393292031617
7.4829,239,93,0.713126010925626
7.4829,239,94,0.353495895260475
7.4829,239,95,0.188177129428999
7.4829,239,96,0.188177129428999
7.4829,239,97,-0.0123599963377789
7.4829,239,98,-0.258980071413312
7.4829,239,99,-0.521225623340556
7.4829,239,100,-0.729789117099521
7.4829,239,101,-0.954832605975524
7.4829,239,102,-1
7.4829,239,103,-0.779168065431684
7.4829,239,104,-0.729789117099521
7.4829,239,105,-0.705099642933439
7.4829,239,106,-0.443098239082003
7.4829,239,107,-0.180730613116855
7.5112,240,1,0.201208532975249
7.5112,240,2,0.366588335825678
7.5112,240,3,0.428601947080905
7.5112,240,4,0.559739982299264
7.5112,240,5,0.711935789056062
7.5112,240,6,0.353373821222571
7.5112,240,7,0.271797845393231
7.5112,240,8,0.187322611163671
7.5112,240,9,0.087191381572924
7.5112,240,10,-0.189062166203803
7.5112,240,11,-0.451399273659474
7.5112,240,12,-0.713675344096194
7.5112,240,13,-0.729789117099521
7.5112,240,14,-0.834620197149571
7.5112,240,15,-1
7.5112,240,16,-0.867397076326792
7.5112,240,17,-0.729789117099521
7.5112,240,18,-0.495223853267006
7.5112,240,19,-0.232825708792383
7.5112,240,20,0.0743430890835292
7.5112,240,21,0.366588335825678
7.5112,240,22,0.366710409863582
7.5112,240,23,0.559678945280312
7.5112,240,24,0.71202734458449
7.5112,240,25,0.400280770287179
7.5112,240,26,0.271767326883755
7.5112,240,27,0.187322611163671
7.5112,240,28,0.137119663075655
7.5112,240,29,-0.149449140903958
7.5112,240,30,-0.411755729850154
7.5112,240,31,-0.67406231879635
7.5112,240,32,-0.729789117099521
7.5112,240,33,-0.769157994323557
7.5112,240,34,-1
7.5112,240,35,-1
7.5112,240,36,-1
7.5112,240,37,-1
7.5112,240,38,-1
7.5112,240,39,-1
7.5112,240,40,-1
7.5112,240,41,-1
7.5112,240,42,-1
7.5112,240,43,-1
7.5112,240,44,-1
7.5112,240,45,-1
7.5112,240,46,-1
7.5112,240,47,-1
7.5112,240,48,-1
7.5112,240,49,-1
7.5112,240,50,-1
7.5112,240,51,-1
7.5112,240,52,-1
7.5112,240,53,-1
7.5112,240,54,-1
7.5112,240,55,-1
7.5112,240,56,-1
7.5112,240,57,-1
7.5112,240,58,-0.91338847010712
7.5112,240,59,-0.729789117099521
7.5112,240,60,-0.506637775811029
7.5112,240,61,-0.24436170537431
7.5112,240,62,0.0366222113711966
7.5112,240,63,0.82891323587756
7.5112,240,64,0.851130710776086
7.5112,240,65,0.227729117709891
7.5112,240,66,-0.845362712485122
7.5112,240,67,-0.84530167546617
7.5112,240,68,-0.84469130527665
7.5112,240,69,-0.84530167546617
7.5112,240,70,-0.845362712485122
7.5112,240,71,-0.641102328562273
7.5112,240,72,-0.666035950804163
7.5112,240,73,-0.818140202032533
7.5112,240,74,-0.538407544175542
7.5112,240,75,-0.54902798547319
7.5112,240,76,-0.560808130130924
7.5112,240,77,-0.573747978148747
7.5112,240,78,-0.588030640583514
7.5112,240,79,-0.603869747001556
7.5112,240,80,-0.603961302529984
7.5112,240,81,-0.291024506363109
7.5112,240,82,-0.166386913663137
7.5112,240,83,-0.428449354533525
7.5112,240,84,-0.69075594347972
7.5112,240,85,-0.729758598590045
7.5112,240,86,-0.796777245399335
7.5112,240,87,-1
7.5112,240,88,-1
7.5112,240,89,-1
7.5112,240,90,-1
7.5112,240,91,-1
7.5112,240,92,-1
7.5112,240,93,-1
7.5112,240,94,-1
7.5112,240,95,-1
7.5112,240,96,-1
7.5112,240,97,-1
7.5112,240,98,-1
7.5112,240,99,-1
7.5112,240,100,-1
7.5112,240,101,-1
7.5112,240,102,-1
7.5112,240,103,-1
7.5112,240,104,-1
7.5112,240,105,-1
7.5112,240,106,-1
7.5112,240,107,-1
7.5396,241,1,-1
7.5396,241,2,-1
7.5396,241,3,-1
7.5396,241,4,-1
7.5396,241,5,-1
7.5396,241,6,-1
7.5396,241,7,-1
7.5396,241,8,-1
7.5396,241,9,-1
7.5396,241,10,-1
7.5396,241,11,-1
7.5396,241,12,-1
7.5396,241,13,-1
7.5396,241,14,-1
7.5396,241,15,-1
7.5396,241,16,-1
7.5396,241,17,-1
7.5396,241,18,-1
7.5396,241,19,-1
7.5396,241,20,-1
7.5396,241,21,-0.729789117099521
7.5396,241,22,-0.634205145420698
7.5396,241,23,-0.371929074983978
7.5396,241,24,-0.109530930509354
7.5396,241,25,0.364421521652882
7.5396,241,26,0.366588335825678
7.5396,241,27,0.559831537827692
7.5396,241,28,0.638142033143101
7.5396,241,29,0.716177861873226
7.5396,241,30,0.354197820978423
7.5396,241,31,0.190588091677602
7.5396,241,32,-0.0307016205328532
7.5396,241,33,-0.278786584063234
7.5396,241,34,-0.541184728537858
7.5396,241,35,-0.729758598590045
7.5396,241,36,-0.988311410870693
7.5396,241,37,-1
7.5396,241,38,-1
7.5396,241,39,-1
7.5396,241,40,-1
7.5396,241,41,-1
7.5396,241,42,-1
7.5396,241,43,-1
7.5396,241,44,-1
7.5396,241,45,-1
7.5396,241,46,-1
7.5396,241,47,-1
7.5396,241,48,-1
7.5396,241,49,-1
7.5396,241,50,-1
7.5396,241,51,-1
7.5396,241,52,-1
7.5396,241,53,-1
7.5396,241,54,-1
7.5396,241,55,-1
7.5396,241,56,-1
7.5396,241,57,-1
7.5396,241,58,-1
7.5396,241,59,-0.955442976165044
7.5396,241,60,-0.729789117099521
7.5396,241,61,-0.532486953337199
7.5396,241,62,-0.270180364391003
7.5396,241,63,-0.0133365886410108
7.5396,241,64,0.366588335825678
7.5396,241,65,0.36695455793939
7.5396,241,66,0.564165166173284
7.5396,241,67,0.64745017853328
7.5396,241,68,0.603808709982604
7.5396,241,69,0.273323770867031
7.5396,241,70,0.190160832544939
7.5396,241,71,-0.0822168645283364
7.5396,241,72,-0.344401379436628
7.5396,241,73,-0.606707968382824
7.5396,241,74,-0.729789117099521
7.5396,241,75,-1
7.5396,241,76,-1
7.5396,241,77,-1
7.5396,241,78,-1
7.5396,241,79,-1
7.5396,241,80,-1
7.5396,241,81,-1
7.5396,241,82,-1
7.5396,241,83,-1
7.5396,241,84,-1
7.5396,241,85,-1
7.5396,241,86,-1
7.5396,241,87,-1
7.5396,241,88,-1
7.5396,241,89,-1
7.5396,241,90,-1
7.5396,241,91,-1
7.5396,241,92,-1
7.5396,241,93,-1
7.5396,241,94,-0.870601519821772
7.5396,241,95,-0.729789117099521
7.5396,241,96,-0.482222968230232
7.5396,241,97,-0.219977416302988
7.5396,241,98,0.106326487014374
7.5396,241,99,0.366588335825678
7.5396,241,100,0.366924039429914
7.5396,241,101,0.561052278206732
7.5396,241,102,0.706137272255623
7.5396,241,103,0.510452589495529
7.5396,241,104,0.272011474959563
7.5396,241,105,0.188482314523759
7.5396,241,106,0.160161137730033
7.5396,241,107,-0.136753440961943
7.568,242,1,-0.398998992889187
7.568,242,2,-0.661183507797479
7.568,242,3,-0.729758598590045
7.568,242,4,-0.747642445142979
7.568,242,5,-1
7.568,242,6,-0.729789117099521
7.568,242,7,-0.626300851466414
7.568,242,8,-0.36405529953917
7.568,242,9,-0.101779229102451
7.568,242,10,0.356730857264931
7.568,242,11,0.366588335825678
7.568,242,12,0.560472426526688
7.568,242,13,0.638355662709433
7.568,242,14,0.713339640491958
7.568,242,15,0.353495895260475
7.568,242,16,0.187658314767907
7.568,242,17,-0.0267342143009735
7.568,242,18,-0.267311624500259
7.568,242,19,-0.529648731955931
7.568,242,20,-0.729789117099521
7.568,242,21,-0.967833491012299
7.568,242,22,-1
7.568,242,23,-0.956877346110416
7.568,242,24,-0.729789117099521
7.568,242,25,-0.54292428357799
7.568,242,26,-0.28064821314127
7.568,242,27,-0.0307321390423292
7.568,242,28,0.366588335825678
7.568,242,29,0.366893520920438
7.568,242,30,0.560594500564592
7.568,242,31,0.638660847804193
7.568,242,32,0.58226264229255
7.568,242,33,0.272469252601703
7.568,242,34,0.188818018127995
7.568,242,35,-0.101260414441359
7.568,242,36,-0.363444929349651
7.568,242,37,-0.62572099978637
7.568,242,38,-0.729758598590045
7.568,242,39,-1
7.568,242,40,-0.740134891811884
7.568,242,41,-0.729789117099521
7.568,242,42,-0.67741935483871
7.568,242,43,-0.415173802911466
7.568,242,44,-0.152928250984222
7.568,242,45,0.250343333231605
7.568,242,46,0.366588335825678
7.568,242,47,0.50083925901059
7.568,242,48,0.592761009552293
7.568,242,49,0.714804528946806
7.568,242,50,0.35316019165624
7.568,242,51,0.271279030732139
7.568,242,52,0.188818018127995
7.568,242,53,0.0397656178472243
7.568,242,54,-0.220160527359844
7.568,242,55,-0.482284005249184
7.568,242,56,-0.729789117099521
7.568,242,57,-0.887874996185186
7.568,242,58,-1
7.568,242,59,-1
7.568,242,60,-1
7.568,242,61,-1
7.568,242,62,-1
7.568,242,63,-1
7.568,242,64,-1
7.568,242,65,-1
7.568,242,66,-1
7.568,242,67,-1
7.568,242,68,-1
7.568,242,69,-1
7.568,242,70,-1
7.568,242,71,-1
7.568,242,72,-1
7.568,242,73,-1
7.568,242,74,-1
7.568,242,75,-1
7.568,242,76,-1
7.568,242,77,-1
7.568,242,78,-1
7.568,242,79,-1
7.568,242,80,-1
7.568,242,81,-1
7.568,242,82,-1
7.568,242,83,-0.729789117099521
7.568,242,84,-0.596240119632557
7.568,242,85,-0.334025086214789
7.568,242,86,-0.0718100527970214
7.568,242,87,0.366588335825678
7.568,242,88,0.560502945036164
7.568,242,89,0.638477736747337
7.568,242,90,0.714072084719382
7.568,242,91,0.353617969298379
7.568,242,92,0.188421277504807
7.568,242,93,-0.0307016205328532
7.568,242,94,-0.28034302804651
7.568,242,95,-0.542710654011658
7.568,242,96,-0.729758598590045
7.568,242,97,-0.990539262062441
7.568,242,98,-1
7.568,242,99,-1
7.568,242,100,-1
7.568,242,101,-1
7.568,242,102,-1
7.568,242,103,-1
7.568,242,104,-1
7.568,242,105,-1
7.568,242,106,-1
7.568,242,107,-1
7.5964,243,1,-1
7.5964,243,2,-1
7.5964,243,3,-1
7.5964,243,4,-1
7.5964,243,5,-1
7.5964,243,6,-1
7.5964,243,7,-1
7.5964,243,8,-1
7.5964,243,9,-1
7.5964,243,10,-1
7.5964,243,11,-1
7.5964,243,12,-1
7.5964,243,13,-1
7.5964,243,14,-1
7.5964,243,15,-1
7.5964,243,16,-1
7.5964,243,17,-1
7.5964,243,18,-1
7.5964,243,19,-1
7.5964,243,20,-1
7.5964,243,21,-1
7.5964,243,22,-1
7.5964,243,23,-1
7.5964,243,24,-1
7.5964,243,25,-1
7.5964,243,26,-1
7.5964,243,27,-1
7.5964,243,28,-1
7.5964,243,29,-1
7.5964,243,30,-1
7.5964,243,31,-1
7.5964,243,32,-1
7.5964,243,33,-1
7.5964,243,34,-1
7.5964,243,35,-1
7.5964,243,36,-1
7.5964,243,37,-1
7.5964,243,38,-1
7.5964,243,39,-1
7.5964,243,40,-1
7.5964,243,41,-1
7.5964,243,42,-1
7.5964,243,43,-1
7.5964,243,44,-1
7.5964,243,45,-1
7.5964,243,46,-1
7.5964,243,47,-1
7.5964,243,48,-1
7.5964,243,49,-1
7.5964,243,50,-1
7.5964,243,51,-1
7.5964,243,52,-1
7.5964,243,53,-1
7.5964,243,54,-1
7.5964,243,55,-1
7.5964,243,56,-1
7.5964,243,57,-1
7.5964,243,58,-1
7.5964,243,59,-0.971587267677847
7.5964,243,60,-0.729789117099521
7.5964,243,61,-0.541886654255806
7.5964,243,62,-0.27958006530961
7.5964,243,63,-0.0307321390423292
7.5964,243,64,0.373180333872494
7.5964,243,65,0.786950285348064
7.5964,243,66,0.869747001556444
7.5964,243,67,0.869594409009064
7.5964,243,68,0.869594409009064
7.5964,243,69,0.869594409009064
7.5964,243,70,0.86962492751854
7.5964,243,71,0.86962492751854
7.5964,243,72,0.86962492751854
7.5964,243,73,0.869655446028016
7.5964,243,74,-0.791344950712607
7.5964,243,75,-0.82662434766686
7.5964,243,76,-0.82677694021424
7.5964,243,77,-0.826746421704764
7.5964,243,78,-0.82677694021424
7.5964,243,79,-0.82677694021424
7.5964,243,80,-0.826807458723716
7.5964,243,81,-0.841334269234291
7.5964,243,82,-0.84545426801355
7.5964,243,83,-0.839899899288919
7.5964,243,84,-0.839838862269967
7.5964,243,85,-0.839899899288919
7.5964,243,86,-0.844050416577654
7.5964,243,87,-0.84545426801355
7.5964,243,88,-0.11093478194525
7.5964,243,89,0.869869075594348
7.5964,243,90,0.869594409009064
7.5964,243,91,0.869594409009064
7.5964,243,92,0.869594409009064
7.5964,243,93,0.869594409009064
7.5964,243,94,0.869594409009064
7.5964,243,95,0.869594409009064
7.5964,243,96,0.869594409009064
7.5964,243,97,0.869594409009064
7.5964,243,98,0.869594409009064
7.5964,243,99,0.869594409009064
7.5964,243,100,0.869594409009064
7.5964,243,101,0.869594409009064
7.5964,243,102,0.869594409009064
7.5964,243,103,0.869594409009064
7.5964,243,104,0.869594409009064
7.5964,243,105,0.869594409009064
7.5964,243,106,0.869594409009064
7.5964,243,107,0.869594409009064
7.6247,244,1,0.869594409009064
7.6247,244,2,0.869594409009064
7.6247,244,3,0.869594409009064
7.6247,244,4,0.869594409009064
7.6247,244,5,0.869594409009064
7.6247,244,6,0.869594409009064
7.6247,244,7,0.869594409009064
7.6247,244,8,0.869594409009064
7.6247,244,9,0.869594409009064
7.6247,244,10,0.869594409009064
7.6247,244,11,0.624408703878903
7.6247,244,12,-0.688314462721641
7.6247,244,13,-0.688070314645833
7.6247,244,14,-0.497878963591418
7.6247,244,15,-0.421094393749809
7.6247,244,16,-0.395764030884732
7.6247,244,17,-0.730002746665853
7.6247,244,18,-0.897610400708029
7.6247,244,19,-1
7.6247,244,20,-0.777581102938932
7.6247,244,21,-0.223853267006439
7.6247,244,22,-0.174932096316416
7.6247,244,23,-0.437299722281564
7.6247,244,24,-0.699575792718284
7.6247,244,25,-0.729789117099521
7.6247,244,26,-0.812189092684713
7.6247,244,27,-1
7.6247,244,28,-1
7.6247,244,29,-1
7.6247,244,30,-1
7.6247,244,31,-1
7.6247,244,32,-1
7.6247,244,33,-1
7.6247,244,34,-1
7.6247,244,35,-1
7.6247,244,36,-1
7.6247,244,37,-1
7.6247,244,38,-1
7.6247,244,39,-1
7.6247,244,40,-1
7.6247,244,41,-1
7.6247,244,42,-1
7.6247,244,43,-1
7.6247,244,44,-1
7.6247,244,45,-1
7.6247,244,46,-1
7.6247,244,47,-1
7.6247,244,48,-1
7.6247,244,49,-1
7.6247,244,50,-0.729789117099521
7.6247,244,51,-0.622943815424055
7.6247,244,52,-0.360606707968383
7.6247,244,53,-0.0983306375316629
7.6247,244,54,0.545182653279214
7.6247,244,55,0.946531571398053
7.6247,244,56,0.944090090639973
7.6247,244,57,0.946226386303293
7.6247,244,58,-0.643421735282449
7.6247,244,59,-0.74108096560564
7.6247,244,60,-0.750297555467391
7.6247,244,61,-0.749717703787347
7.6247,244,62,-0.751548814355907
7.6247,244,63,-0.741019928586688
7.6247,244,64,-0.127567369609668
7.6247,244,65,0.514816736350597
7.6247,244,66,0.36680196539201
7.6247,244,67,0.56068605609302
7.6247,244,68,0.711294900357067
7.6247,244,69,0.408795434430982
7.6247,244,70,0.271217993713187
7.6247,244,71,0.186712240974151
7.6247,244,72,0.1315958128605
7.6247,244,73,-0.155369731742302
7.6247,244,74,-0.417615283669546
7.6247,244,75,-0.679921872615741
7.6247,244,76,-0.729789117099521
7.6247,244,77,-0.777886288033692
7.6247,244,78,-1
7.6247,244,79,-1
7.6247,244,80,-1
7.6247,244,81,-1
7.6247,244,82,-1
7.6247,244,83,-1
7.6247,244,84,-1
7.6247,244,85,-1
7.6247,244,86,-1
7.6247,244,87,-1
7.6247,244,88,-1
7.6247,244,89,-1
7.6247,244,90,-1
7.6247,244,91,-1
7.6247,244,92,-1
7.6247,244,93,-1
7.6247,244,94,-1
7.6247,244,95,-1
7.6247,244,96,-1
7.6247,244,97,-1
7.6247,244,98,-1
7.6247,244,99,-1
7.6247,244,100,-1
7.6247,244,101,-1
7.6247,244,102,-0.729667043061617
7.6247,244,103,-0.729789117099521
7.6247,244,104,-0.660786767174291
7.6247,244,105,-0.398632770775475
7.6247,244,106,-0.136356700338755
7.6247,244,107,0.296823023163549
7.6531,245,1,0.366588335825678
7.6531,245,2,0.559648426770836
7.6531,245,3,0.638050477614673
7.6531,245,4,0.712363048188726
7.6531,245,5,0.353343302713095
7.6531,245,6,0.187536240730003
7.6531,245,7,0.187536240730003
7.6531,245,8,-0.000427259132663961
7.6531,245,9,-0.250617999816889
7.6531,245,10,-0.512863551744133
7.6531,245,11,-0.729789117099521
7.6531,245,12,-0.93939024018067
7.6531,245,13,-1
7.6531,245,14,-1
7.6531,245,15,-1
7.6531,245,16,-1
7.6531,245,17,-1
7.6531,245,18,-1
7.6531,245,19,-1
7.6531,245,20,-1
7.6531,245,21,-1
7.6531,245,22,-1
7.6531,245,23,-1
7.6531,245,24,-1
7.6531,245,25,-1
7.6531,245,26,-1
7.6531,245,27,-1
7.6531,245,28,-1
7.6531,245,29,-1
7.6531,245,30,-1
7.6531,245,31,-1
7.6531,245,32,-1
7.6531,245,33,-1
7.6531,245,34,-1
7.6531,245,35,-1
7.6531,245,36,-1
7.6531,245,37,-1
7.6531,245,38,-1
7.6531,245,39,-1
7.6531,245,40,-1
7.6531,245,41,-1
7.6531,245,42,-0.919766838587603
7.6531,245,43,-0.729789117099521
7.6531,245,44,-0.510574663533433
7.6531,245,45,-0.248298593096713
7.6531,245,46,0.0365306558427686
7.6531,245,47,0.366588335825678
7.6531,245,48,0.366924039429914
7.6531,245,49,0.559678945280312
7.6531,245,50,0.708578753013703
7.6531,245,51,0.484145634327219
7.6531,245,52,0.271706289864803
7.6531,245,53,0.184636982329783
7.6531,245,54,0.15424054689169
7.6531,245,55,-0.138462477492599
7.6531,245,56,-0.400982696005127
7.6531,245,57,-0.663167210913419
7.6531,245,58,-0.729758598590045
7.6531,245,59,-0.750785851619007
7.6531,245,60,-1
7.6531,245,61,-0.923245948667867
7.6531,245,62,-0.729789117099521
7.6531,245,63,-0.522629474776452
7.6531,245,64,-0.260414441358684
7.6531,245,65,-0.0232245857112339
7.6531,245,66,0.366588335825678
7.6531,245,67,0.366924039429914
7.6531,245,68,0.560594500564592
7.6531,245,69,0.638904995880001
7.6531,245,70,0.555284279915769
7.6531,245,71,0.270912808618427
7.6531,245,72,0.186223944822535
7.6531,245,73,-0.108432264168218
7.6531,245,74,-0.370677816095462
7.6531,245,75,-0.633014923551134
7.6531,245,76,-0.729789117099521
7.6531,245,77,-1
7.6531,245,78,-0.729789117099521
7.6531,245,79,-0.627521591845454
7.6531,245,80,-0.365184484389782
7.6531,245,81,-0.102969450972015
7.6531,245,82,0.366588335825678
7.6531,245,83,0.560045167394024
7.6531,245,84,0.637195959349345
7.6531,245,85,0.712820825830866
7.6531,245,86,0.353404339732047
7.6531,245,87,0.187292092654195
7.6531,245,88,-0.0278328806421094
7.6531,245,89,-0.270119327372051
7.6531,245,90,-0.532456434827723
7.6531,245,91,-0.729758598590045
7.6531,245,92,-0.972869045075838
7.6531,245,93,-1
7.6531,245,94,-0.870296334727012
7.6531,245,95,-0.729789117099521
7.6531,245,96,-0.491012298959319
7.6531,245,97,-0.228797265541551
7.6531,245,98,0.0811181981872005
7.6531,245,99,0.366588335825678
7.6531,245,100,0.366893520920438
7.6531,245,101,0.559678945280312
7.6531,245,102,0.639484847560045
7.6531,245,103,0.557390057069613
7.6531,245,104,0.271095919675283
7.6531,245,105,0.186223944822535
7.6531,245,106,-0.100131229590747
7.6531,245,107,-0.362437818536943
7.6815,246,1,-0.624683370464187
7.6815,246,2,-0.729758598590045
7.6815,246,3,-1
7.6815,246,4,-1
7.6815,246,5,-1
7.6815,246,6,-1
7.6815,246,7,-1
7.6815,246,8,-1
7.6815,246,9,-1
7.6815,246,10,-1
7.6815,246,11,-1
7.6815,246,12,-1
7.6815,246,13,-1
7.6815,246,14,-1
7.6815,246,15,-1
7.6815,246,16,-1
7.6815,246,17,-1
7.6815,246,18,-1
7.6815,246,19,-1
7.6815,246,20,-1
7.6815,246,21,-1
7.6815,246,22,-1
7.6815,246,23,-1
7.6815,246,24,-1
7.6815,246,25,-1
7.6815,246,26,-1
7.6815,246,27,-0.893887142551958
7.6815,246,28,-0.729789117099521
7.6815,246,29,-0.495834223456526
7.6815,246,30,-0.233497116000855
7.6815,246,31,0.0666219061861019
7.6815,246,32,0.366588335825678
7.6815,246,33,0.36695455793939
7.6815,246,34,0.559678945280312
7.6815,246,35,0.654072695089572
7.6815,246,36,0.550096133304849
7.6815,246,37,0.271401104770043
7.6815,246,38,0.187292092654195
7.6815,246,39,0.176061281167028
7.6815,246,40,-0.120456556901761
7.6815,246,41,-0.382671590319529
7.6815,246,42,-0.644886623737297
7.6815,246,43,-0.729758598590045
7.6815,246,44,-1
7.6815,246,45,-1
7.6815,246,46,-1
7.6815,246,47,-1
7.6815,246,48,-1
7.6815,246,49,-1
7.6815,246,50,-1
7.6815,246,51,-1
7.6815,246,52,-1
7.6815,246,53,-1
7.6815,246,54,-1
7.6815,246,55,-1
7.6815,246,56,-1
7.6815,246,57,-1
7.6815,246,58,-1
7.6815,246,59,-1
7.6815,246,60,-1
7.6815,246,61,-1
7.6815,246,62,-1
7.6815,246,63,-1
7.6815,246,64,-1
7.6815,246,65,-1
7.6815,246,66,-1
7.6815,246,67,-1
7.6815,246,68,-1
7.6815,246,69,-0.806604205450606
7.6815,246,70,-0.729789117099521
7.6815,246,71,-0.706076235236671
7.6815,246,72,-0.444135868404187
7.6815,246,73,-0.181829279457991
7.6815,246,74,-0.17505417035432
7.6815,246,75,-0.351756340220344
7.6815,246,76,-0.352153080843532
7.6815,246,77,-0.351725821710868
7.6815,246,78,0.342081972716453
7.6815,246,79,0.341807306131169
7.6815,246,80,0.341685232093265
7.6815,246,81,0.341410565507981
7.6815,246,82,0.341624195074313
7.6815,246,83,0.230842005676443
7.6815,246,84,0.097445600756859
7.6815,246,85,0.172246467482528
7.6815,246,86,0.366588335825678
7.6815,246,87,0.637531662953581
7.6815,246,88,0.714194158757286
7.6815,246,89,0.354319895016327
7.6815,246,90,0.188909573656423
7.6815,246,91,0.00170903653065584
7.6815,246,92,-0.344431897946104
7.6815,246,93,-0.714072084719382
7.6815,246,94,-0.839686269722587
7.6815,246,95,-0.839686269722587
7.6815,246,96,-0.839686269722587
7.6815,246,97,-0.562730796227912
7.6815,246,98,-0.167088839381085
7.6815,246,99,0.158879360332041
7.6815,246,100,0.159092989898373
7.6815,246,101,-0.0307626575518052
7.6815,246,102,-0.276284066286203
7.6815,246,103,-0.538529618213446
7.6815,246,104,-0.729789117099521
7.6815,246,105,-0.98300119022187
7.6815,246,106,-1
7.6815,246,107,-1
7.7099,247,1,-1
7.7099,247,2,-1
7.7099,247,3,-1
7.7099,247,4,-1
7.7099,247,5,-1
7.7099,247,6,-1
7.7099,247,7,-1
7.7099,247,8,-1
7.7099,247,9,-1
7.7099,247,10,-1
7.7099,247,11,-1
7.7099,247,12,-1
7.7099,247,13,-1
7.7099,247,14,-1
7.7099,247,15,-1
7.7099,247,16,-1
7.7099,247,17,-1
7.7099,247,18,-1
7.7099,247,19,-1
7.7099,247,20,-1
7.7099,247,21,-1
7.7099,247,22,-1
7.7099,247,23,-1
7.7099,247,24,-1
7.7099,247,25,-1
7.7099,247,26,-1
7.7099,247,27,-1
7.7099,247,28,-1
7.7099,247,29,-1
7.7099,247,30,-1
7.7099,247,31,-1
7.7099,247,32,-1
7.7099,247,33,-1
7.7099,247,34,-1
7.7099,247,35,-1
7.7099,247,36,-1
7.7099,247,37,-1
7.7099,247,38,-1
7.7099,247,39,-1
7.7099,247,40,-0.967101046784875
7.7099,247,41,-0.729789117099521
7.7099,247,42,-0.539628284554582
7.7099,247,43,-0.277352214117862
7.7099,247,44,-0.0276192510757775
7.7099,247,45,0.366588335825678
7.7099,247,46,0.366832483901486
7.7099,247,47,0.561693166905728
7.7099,247,48,0.643360698263497
7.7099,247,49,0.554216132084109
7.7099,247,50,0.270668660542619
7.7099,247,51,0.184972685934019
7.7099,247,52,-0.110110782189398
7.7099,247,53,-0.372417371135594
7.7099,247,54,-0.634601886043886
7.7099,247,55,-0.729789117099521
7.7099,247,56,-1
7.7099,247,57,-0.991119113742485
7.7099,247,58,-0.729789117099521
7.7099,247,59,-0.563219092379528
7.7099,247,60,-0.30100405896176
7.7099,247,61,-0.0387585070345164
7.7099,247,62,0.366588335825678
7.7099,247,63,0.562700277718436
7.7099,247,64,0.644398327585681
7.7099,247,65,0.630329294717246
7.7099,247,66,0.315439313943907
7.7099,247,67,0.186712240974151
7.7099,247,68,-0.0632343516342662
7.7099,247,69,-0.325144199957274
7.7099,247,70,-0.587481307412946
7.7099,247,71,-0.729789117099521
7.7099,247,72,-1
7.7099,247,73,-0.729789117099521
7.7099,247,74,-0.628376110110782
7.7099,247,75,-0.366130558183538
7.7099,247,76,-0.103854487746818
7.7099,247,77,0.366588335825678
7.7099,247,78,0.562181463057344
7.7099,247,79,0.643055513168737
7.7099,247,80,0.712820825830866
7.7099,247,81,0.353068636127812
7.7099,247,82,0.187353129673147
7.7099,247,83,-0.0249031037324137
7.7099,247,84,-0.268990142521439
7.7099,247,85,-0.531144138920255
7.7099,247,86,-0.729758598590045
7.7099,247,87,-0.971739860225227
7.7099,247,88,-1
7.7099,247,89,-0.790307321390423
7.7099,247,90,-0.729789117099521
7.7099,247,91,-0.706228827784051
7.7099,247,92,-0.444593646046327
7.7099,247,93,-0.182348094119083
7.7099,247,94,0.194738608966338
7.7099,247,95,0.366588335825678
7.7099,247,96,0.403363139744255
7.7099,247,97,0.560869167149876
7.7099,247,98,0.718680379650258
7.7099,247,99,0.352946562089908
7.7099,247,100,0.270668660542619
7.7099,247,101,0.191930906094546
7.7099,247,102,0.106845301675466
7.7099,247,103,-0.17352824488052
7.7099,247,104,-0.435743278298288
7.7099,247,105,-0.698019348735008
7.7099,247,106,-0.729789117099521
7.7099,247,107,-0.808832056642354
7.7382,248,1,-1
7.7382,248,2,-1
7.7382,248,3,-1
7.7382,248,4,-1
7.7382,248,5,-1
7.7382,248,6,-1
7.7382,248,7,-1
7.7382,248,8,-1
7.7382,248,9,-1
7.7382,248,10,-1
7.7382,248,11,-1
7.7382,248,12,-1
7.7382,248,13,-1
7.7382,248,14,-1
7.7382,248,15,-1
7.7382,248,16,-1
7.7382,248,17,-1
7.7382,248,18,-1
7.7382,248,19,-1
7.7382,248,20,-1
7.7382,248,21,-1
7.7382,248,22,-1
7.7382,248,23,-1
7.7382,248,24,-1
7.7382,248,25,-1
7.7382,248,26,-1
7.7382,248,27,-1
7.7382,248,28,-1
7.7382,248,29,-1
7.7382,248,30,-1
7.7382,248,31,-1
7.7382,248,32,-1
7.7382,248,33,-1
7.7382,248,34,-1
7.7382,248,35,-0.729758598590045
7.7382,248,36,-0.729789117099521
7.7382,248,37,-0.658894619586779
7.7382,248,38,-0.396557512131108
7.7382,248,39,-0.134372997222816
7.7382,248,40,0.310678426465651
7.7382,248,41,0.366588335825678
7.7382,248,42,0.560258796960356
7.7382,248,43,0.637531662953581
7.7382,248,44,0.718192083498642
7.7382,248,45,0.352977080599384
7.7382,248,46,0.191534165471358
7.7382,248,47,-0.0129703665272988
7.7382,248,48,-0.261024811548204
7.7382,248,49,-0.523209326456496
7.7382,248,50,-0.729789117099521
7.7382,248,51,-0.957884456923124
7.7382,248,52,-1
7.7382,248,53,-1
7.7382,248,54,-1
7.7382,248,55,-1
7.7382,248,56,-1
7.7382,248,57,-1
7.7382,248,58,-1
7.7382,248,59,-1
7.7382,248,60,-1
7.7382,248,61,-1
7.7382,248,62,-1
7.7382,248,63,-1
7.7382,248,64,-1
7.7382,248,65,-1
7.7382,248,66,-1
7.7382,248,67,-1
7.7382,248,68,-1
7.7382,248,69,-1
7.7382,248,70,-1
7.7382,248,71,-1
7.7382,248,72,-1
7.7382,248,73,-1
7.7382,248,74,-1
7.7382,248,75,-1
7.7382,248,76,-0.729789117099521
7.7382,248,77,-0.573625904110843
7.7382,248,78,-0.311227759636219
7.7382,248,79,-0.0488601336710715
7.7382,248,80,0.366588335825678
7.7382,248,81,0.560319833979308
7.7382,248,82,0.640430921353801
7.7382,248,83,0.620258186590167
7.7382,248,84,0.297708059938353
7.7382,248,85,0.188482314523759
7.7382,248,86,-0.0713217566454054
7.7382,248,87,-0.333567308572649
7.7382,248,88,-0.595934934537797
7.7382,248,89,-0.729789117099521
7.7382,248,90,-1
7.7382,248,91,-1
7.7382,248,92,-1
7.7382,248,93,-1
7.7382,248,94,-1
7.7382,248,95,-1
7.7382,248,96,-1
7.7382,248,97,-1
7.7382,248,98,-1
7.7382,248,99,-1
7.7382,248,100,-1
7.7382,248,101,-1
7.7382,248,102,-1
7.7382,248,103,-1
7.7382,248,104,-1
7.7382,248,105,-1
7.7382,248,106,-1
7.7382,248,107,-1
7.7666,249,1,-1
7.7666,249,2,-1
7.7666,249,3,-1
7.7666,249,4,-1
7.7666,249,5,-1
7.7666,249,6,-1
7.7666,249,7,-1
7.7666,249,8,-1
7.7666,249,9,-1
7.7666,249,10,-1
7.7666,249,11,-1
7.7666,249,12,-1
7.7666,249,13,-1
7.7666,249,14,-1
7.7666,249,15,-1
7.7666,249,16,-1
7.7666,249,17,-1
7.7666,249,18,-1
7.7666,249,19,-1
7.7666,249,20,-1
7.7666,249,21,-1
7.7666,249,22,-1
7.7666,249,23,-1
7.7666,249,24,-1
7.7666,249,25,-1
7.7666,249,26,-1
7.7666,249,27,-1
7.7666,249,28,-1
7.7666,249,29,-0.729789117099521
7.7666,249,30,-0.637592699972533
7.7666,249,31,-0.375408185064241
7.7666,249,32,-0.113162633136998
7.7666,249,33,-0.371105075228126
7.7666,249,34,-0.925138096255379
7.7666,249,35,-1
7.7666,249,36,-0.835566270943327
7.7666,249,37,-0.688741721854305
7.7666,249,38,-0.666371654408399
7.7666,249,39,-0.499801629688406
7.7666,249,40,-0.355723746452223
7.7666,249,41,-0.729819635608997
7.7666,249,42,-0.811365092928861
7.7666,249,43,-0.898068178350169
7.7666,249,44,-0.891262550737022
7.7666,249,45,-0.844935453352458
7.7666,249,46,-0.844935453352458
7.7666,249,47,-0.844660786767174
7.7666,249,48,-0.815729239783929
7.7666,249,49,0.85155796990875
7.7666,249,50,0.851435895870846
7.7666,249,51,0.851435895870846
7.7666,249,52,0.851435895870846
7.7666,249,53,0.851435895870846
7.7666,249,54,0.851435895870846
7.7666,249,55,0.851435895870846
7.7666,249,56,0.851435895870846
7.7666,249,57,0.851435895870846
7.7666,249,58,0.851435895870846
7.7666,249,59,0.851435895870846
7.7666,249,60,0.851435895870846
7.7666,249,61,0.851435895870846
7.7666,249,62,0.851435895870846
7.7666,249,63,0.851435895870846
7.7666,249,64,0.851435895870846
7.7666,249,65,0.851435895870846
7.7666,249,66,0.851435895870846
7.7666,249,67,0.851435895870846
7.7666,249,68,0.851435895870846
7.7666,249,69,0.851435895870846
7.7666,249,70,0.851435895870846
7.7666,249,71,0.851435895870846
7.7666,249,72,0.851435895870846
7.7666,249,73,0.556688131351665
7.7666,249,74,-0.84545426801355
7.7666,249,75,-0.844965971861934
7.7666,249,76,-0.84469130527665
7.7666,249,77,-0.942442091128269
7.7666,249,78,-1
7.7666,249,79,-1
7.7666,249,80,-0.505355998413037
7.7666,249,81,-0.0455641346476638
7.7666,249,82,-0.306985686819056
7.7666,249,83,-0.569109164708396
7.7666,249,84,-0.729789117099521
7.7666,249,85,-1
7.7666,249,86,-1
7.7666,249,87,-1
7.7666,249,88,-1
7.7666,249,89,-1
7.7666,249,90,-1
7.7666,249,91,-1
7.7666,249,92,-1
7.7666,249,93,-1
7.7666,249,94,-1
7.7666,249,95,-1
7.7666,249,96,-1
7.7666,249,97,-1
7.7666,249,98,-1
7.7666,249,99,-1
7.7666,249,100,-1
7.7666,249,101,-1
7.7666,249,102,-1
7.7666,249,103,-1
7.7666,249,104,-1
7.7666,249,105,-1
7.7666,249,106,-1
7.7666,249,107,-1
7.795,250,1,-1
7.795,250,2,-1
7.795,250,3,-1
7.795,250,4,-1
7.795,250,5,-1
7.795,250,6,-1
7.795,250,7,-1
7.795,250,8,-1
7.795,250,9,-1
7.795,250,10,-1
7.795,250,11,-1
7.795,250,12,-1
7.795,250,13,-1
7.795,250,14,-1
7.795,250,15,-1
7.795,250,16,-1
7.795,250,17,-1
7.795,250,18,-1
7.795,250,19,-1
7.795,250,20,-1
7.795,250,21,-1
7.795,250,22,-1
7.795,250,23,-0.729789117099521
7.795,250,24,-0.651631214331492
7.795,250,25,-0.389385662404248
7.795,250,26,-0.127079073458052
7.795,250,27,0.328653828547014
7.795,250,28,0.366588335825678
7.795,250,29,0.507553331095309
7.795,250,30,0.597674489577929
7.795,250,31,0.71599475081637
7.795,250,32,0.353404339732047
7.795,250,33,0.23795281838435
7.795,250,34,0.190404980620746
7.795,250,35,0.0252693258461257
7.795,250,36,-0.233314004943999
7.795,250,37,-0.495681630909146
7.795,250,38,-0.729758598590045
7.795,250,39,-0.910855433820612
7.795,250,40,-1
7.795,250,41,-1
7.795,250,42,-1
7.795,250,43,-1
7.795,250,44,-1
7.795,250,45,-1
7.795,250,46,-1
7.795,250,47,-1
7.795,250,48,-1
7.795,250,49,-1
7.795,250,50,-1
7.795,250,51,-1
7.795,250,52,-1
7.795,250,53,-1
7.795,250,54,-1
7.795,250,55,-1
7.795,250,56,-1
7.795,250,57,-1
7.795,250,58,-1
7.795,250,59,-1
7.795,250,60,-1
7.795,250,61,-1
7.795,250,62,-1
7.795,250,63,-1
7.795,250,64,-1
7.795,250,65,-1
7.795,250,66,-1
7.795,250,67,-1
7.795,250,68,-1
7.795,250,69,-1
7.795,250,70,-1
7.795,250,71,-1
7.795,250,72,-1
7.795,250,73,-1
7.795,250,74,-1
7.795,250,75,-1
7.795,250,76,-1
7.795,250,77,-1
7.795,250,78,-1
7.795,250,79,-1
7.795,250,80,-1
7.795,250,81,-1
7.795,250,82,-1
7.795,250,83,-1
7.795,250,84,-1
7.795,250,85,-1
7.795,250,86,-1
7.795,250,87,-1
7.795,250,88,-1
7.795,250,89,-1
7.795,250,90,-1
7.795,250,91,-1
7.795,250,92,-0.729789117099521
7.795,250,93,-0.56328012939848
7.795,250,94,-0.300973540452284
7.795,250,95,-0.0387890255439924
7.795,250,96,-0.582476271858882
7.795,250,97,-0.625080111087374
7.795,250,98,-0.659962767418439
7.795,250,99,-0.674092837305826
7.795,250,100,-0.0307321390423292
7.795,250,101,-0.156804101687674
7.795,250,102,-0.0629596850489822
7.795,250,103,-0.141117587817011
7.795,250,104,-0.240424817651906
7.795,250,105,-0.297647022919401
7.795,250,106,-0.297647022919401
7.795,250,107,-0.262703329569384
7.8234,251,1,-0.456587420270394
7.8234,251,2,-0.548356578264718
7.8234,251,3,-0.3029877620777
7.8234,251,4,-0.203405865657521
7.8234,251,5,-0.136173589281899
7.8234,251,6,-0.065584276863918
7.8234,251,7,-0.065584276863918
7.8234,251,8,-0.065584276863918
7.8234,251,9,-0.065584276863918
7.8234,251,10,-0.065584276863918
7.8234,251,11,-0.065584276863918
7.8234,251,12,-0.065584276863918
7.8234,251,13,-0.065584276863918
7.8234,251,14,-0.065584276863918
7.8234,251,15,-0.065584276863918
7.8234,251,16,-0.065584276863918
7.8234,251,17,-0.065584276863918
7.8234,251,18,-0.065584276863918
7.8234,251,19,-0.065584276863918
7.8234,251,20,-0.065584276863918
7.8234,251,21,-0.065584276863918
7.8234,251,22,-0.065584276863918
7.8234,251,23,-0.065584276863918
7.8234,251,24,-0.065584276863918
7.8234,251,25,-0.065584276863918
7.8234,251,26,-0.065584276863918
7.8234,251,27,-0.065584276863918
7.8234,251,28,-0.065584276863918
7.8234,251,29,-0.065584276863918
7.8234,251,30,-0.065584276863918
7.8234,251,31,-0.065584276863918
7.8234,251,32,-0.065584276863918
7.8234,251,33,-0.065584276863918
7.8234,251,34,-0.065584276863918
7.8234,251,35,-0.065584276863918
7.8234,251,36,-0.065584276863918
7.8234,251,37,-0.065584276863918
7.8234,251,38,-0.065584276863918
7.8234,251,39,-0.065584276863918
7.8234,251,40,-0.065584276863918
7.8234,251,41,-0.065584276863918
7.8234,251,42,-0.065584276863918
7.8234,251,43,-0.065584276863918
7.8234,251,44,-0.065584276863918
7.8234,251,45,-0.065584276863918
7.8234,251,46,-0.065584276863918
7.8234,251,47,-0.065584276863918
7.8234,251,48,-0.065584276863918
7.8234,251,49,-0.276131473738823
7.8234,251,50,-0.465010528885769
7.8234,251,51,-0.815454573198645
7.8234,251,52,-0.875881221961119
7.8234,251,53,-0.433484908597064
7.8234,251,54,0.10605182042909
7.8234,251,55,0.647053437910093
7.8234,251,56,1
7.8234,251,57,0.457167271950438
7.8234,251,58,0.15485091708121
7.8234,251,59,0.159001434369945
7.8234,251,60,-0.0307016205328532
7.8234,251,61,0.295785393841365
7.8234,251,62,0.295785393841365
7.8234,251,63,-0.162388988921781
7.8234,251,64,-0.160710470900601
7.8234,251,65,0.00726340525528733
7.8234,251,66,-0.0513016144291513
7.8234,251,67,-0.0621051667836543
7.8234,251,68,-0.0736106448561052
7.8234,251,69,-0.075716422009949
7.8234,251,70,-0.43198950163274
7.8234,251,71,-0.54109317300943
7.8234,251,72,-0.693288979766228
7.8234,251,73,-0.591967528305918
7.8234,251,74,-0.332377086703085
7.8234,251,75,-0.332377086703085
7.8234,251,76,-0.332377086703085
7.8234,251,77,-0.332377086703085
7.8234,251,78,-0.332377086703085
7.8234,251,79,-0.332377086703085
7.8234,251,80,-0.332377086703085
7.8234,251,81,-0.332377086703085
7.8234,251,82,-0.332377086703085
7.8234,251,83,-0.332377086703085
7.8234,251,84,-0.332377086703085
7.8234,251,85,-0.332377086703085
7.8234,251,86,-0.332377086703085
7.8234,251,87,-0.332377086703085
7.8234,251,88,-0.332377086703085
7.8234,251,89,-0.332377086703085
7.8234,251,90,-0.332377086703085
7.8234,251,91,-0.332377086703085
7.8234,251,92,-0.332377086703085
7.8234,251,93,-0.332377086703085
7.8234,251,94,-0.332377086703085
7.8234,251,95,-0.332377086703085
7.8234,251,96,-0.332377086703085
7.8234,251,97,-0.332377086703085
7.8234,251,98,-0.332377086703085
7.8234,251,99,-0.332377086703085
7.8234,251,100,-0.332377086703085
7.8234,251,101,-0.332377086703085
7.8234,251,102,-0.332377086703085
7.8234,251,103,-0.332377086703085
7.8234,251,104,-0.332377086703085
7.8234,251,105,-0.332377086703085
7.8234,251,106,-0.332377086703085
7.8234,251,107,-0.332377086703085
7.8517,252,1,-0.332377086703085
7.8517,252,2,-0.332377086703085
7.8517,252,3,-0.332377086703085
7.8517,252,4,-0.332377086703085
7.8517,252,5,-0.332377086703085
7.8517,252,6,-0.332377086703085
7.8517,252,7,-0.332377086703085
7.8517,252,8,-0.332377086703085
7.8517,252,9,-0.332377086703085
7.8517,252,10,-0.332377086703085
7.8517,252,11,-0.332377086703085
7.8517,252,12,-0.332377086703085
7.8517,252,13,-0.332377086703085
7.8517,252,14,-0.332377086703085
7.8517,252,15,-0.332377086703085
7.8517,252,16,-0.332377086703085
7.8517,252,17,-0.332377086703085
7.8517,252,18,-0.332377086703085
7.8517,252,19,-0.332377086703085
7.8517,252,20,-0.332377086703085
7.8517,252,21,-0.332377086703085
7.8517,252,22,-0.332377086703085
7.8517,252,23,-0.332377086703085
7.8517,252,24,-0.332377086703085
7.8517,252,25,-0.332377086703085
7.8517,252,26,-0.332377086703085
7.8517,252,27,-0.332377086703085
7.8517,252,28,-0.332377086703085
7.8517,252,29,-0.332377086703085
7.8517,252,30,-0.363109225745415
7.8517,252,31,-0.492812891018403
7.8517,252,32,-0.697653126621296
7.8517,252,33,-1
7.8517,252,34,-0.122653889584033
7.8517,252,35,0.524063844721824
7.8517,252,36,0.352885525070956
7.8517,252,37,-0.388927884762108
7.8517,252,38,-0.0307321390423292
7.8517,252,39,-1
7.8517,252,40,-0.464644306772057
7.8517,252,41,0.730613116855373
7.8517,252,42,0.387676625873592
7.8517,252,43,-0.419568468276009
7.8517,252,44,-1
7.8517,252,45,-1
7.8517,252,46,-0.0307626575518052
7.8517,252,47,-0.0307321390423292
7.8517,252,48,-0.0307321390423292
7.8517,252,49,-0.130466628009888
7.8517,252,50,-0.39280373546556
7.8517,252,51,-0.655171361430708
7.8517,252,52,-0.729789117099521
7.8517,252,53,-0.737540818506424
7.8517,252,54,-1
7.8517,252,55,-1
7.8517,252,56,-1
7.8517,252,57,-1
7.8517,252,58,-1
7.8517,252,59,-1
7.8517,252,60,-1
7.8517,252,61,-1
7.8517,252,62,-1
7.8517,252,63,-1
7.8517,252,64,-1
7.8517,252,65,-1
7.8517,252,66,-1
7.8517,252,67,-1
7.8517,252,68,-1
7.8517,252,69,-1
7.8517,252,70,-1
7.8517,252,71,-1
7.8517,252,72,-1
7.8517,252,73,-1
7.8517,252,74,-1
7.8517,252,75,-1
7.8517,252,76,-1
7.8517,252,77,-1
7.8517,252,78,-1
7.8517,252,79,-1
7.8517,252,80,-1
7.8517,252,81,-1
7.8517,252,82,-1
7.8517,252,83,-1
7.8517,252,84,-1
7.8517,252,85,-1
7.8517,252,86,-1
7.8517,252,87,-1
7.8517,252,88,-1
7.8517,252,89,-1
7.8517,252,90,-1
7.8517,252,91,-1
7.8517,252,92,-1
7.8517,252,93,-1
7.8517,252,94,-1
7.8517,252,95,-1
7.8517,252,96,-1
7.8517,252,97,-1
7.8517,252,98,-1
7.8517,252,99,-1
7.8517,252,100,-1
7.8517,252,101,-1
7.8517,252,102,-0.790673543504135
7.8517,252,103,-0.729789117099521
7.8517,252,104,-0.697134311960204
7.8517,252,105,-0.435102389599292
7.8517,252,106,-0.172978911709952
7.8517,252,107,0.394756920072024
7.8801,253,1,1
7.8801,253,2,1
7.8801,253,3,1
7.8801,253,4,1
7.8801,253,5,1
7.8801,253,6,1
7.8801,253,7,1
7.8801,253,8,1
7.8801,253,9,1
7.8801,253,10,1
7.8801,253,11,0.577135532700583
7.8801,253,12,-0.559495834223457
7.8801,253,13,-0.647206030457472
7.8801,253,14,-0.62892544328135
7.8801,253,15,-0.628070925016022
7.8801,253,16,-0.628711813715018
7.8801,253,17,-0.633594775231178
7.8801,253,18,-0.632007812738426
7.8801,253,19,-0.650166325876644
7.8801,253,20,-0.649311807611316
7.8801,253,21,-0.650135807367168
7.8801,253,22,-0.654225287636952
7.8801,253,23,-0.650135807367168
7.8801,253,24,-0.671376689962462
7.8801,253,25,-0.670613727225562
7.8801,253,26,-0.67223120822779
7.8801,253,27,-0.674611651966918
7.8801,253,28,-0.671346171452986
7.8801,253,29,-0.660939359721671
7.8801,253,30,-0.660176396984771
7.8801,253,31,-0.663838618121891
7.8801,253,32,-0.664418469801935
7.8801,253,33,-0.654835657826472
7.8801,253,34,-0.691702017273476
7.8801,253,35,-0.69106112857448
7.8801,253,36,-0.694021423993652
7.8801,253,37,-0.685934018982513
7.8801,253,38,-0.683523056733909
7.8801,253,39,-1
7.8801,253,40,-1
7.8801,253,41,-1
7.8801,253,42,-1
7.8801,253,43,-1
7.8801,253,44,-1
7.8801,253,45,-1
7.8801,253,46,-1
7.8801,253,47,-1
7.8801,253,48,-1
7.8801,253,49,-1
7.8801,253,50,-1
7.8801,253,51,-1
7.8801,253,52,-1
7.8801,253,53,-1
7.8801,253,54,-1
7.8801,253,55,-1
7.8801,253,56,-1
7.8801,253,57,-1
7.8801,253,58,-1
7.8801,253,59,-1
7.8801,253,60,-1
7.8801,253,61,-1
7.8801,253,62,-1
7.8801,253,63,-0.979461043122654
7.8801,253,64,-0.949613940855129
7.8801,253,65,-1
7.8801,253,66,-0.99526963103122
7.8801,253,67,-0.97567674794763
7.8801,253,68,-0.9556260872219
7.8801,253,69,-0.935148167363506
7.8801,253,70,-0.922299874874111
7.8801,253,71,-0.914426099429304
7.8801,253,72,-0.893520920438246
7.8801,253,73,-0.890224921414838
7.8801,253,74,-0.872585222937712
7.8801,253,75,-0.775200659199805
7.8801,253,76,-0.681081575975829
7.8801,253,77,-0.663319803460799
7.8801,253,78,-0.646565141758477
7.8801,253,79,-0.63075655384991
7.8801,253,80,-0.615894039735099
7.8801,253,81,-0.601916562395093
7.8801,253,82,-0.588763084810938
7.8801,253,83,-0.576403088473159
7.8801,253,84,-0.566759239478744
7.8801,253,85,-0.555619983520005
7.8801,253,86,-0.545121616260262
7.8801,253,87,-0.535264137699515
7.8801,253,88,-0.525955992309336
7.8801,253,89,-0.517197180089724
7.8801,253,90,-0.508926664021729
7.8801,253,91,-0.501083407086398
7.8801,253,92,-0.478469191564684
7.8801,253,93,-0.785393841364788
7.8801,253,94,-0.78774376659444
7.8801,253,95,-0.794854579302347
7.8801,253,96,-0.793450727866451
7.8801,253,97,-0.795648060548723
7.8801,253,98,-0.792016357921079
7.8801,253,99,-0.654530472731712
7.8801,253,100,-0.667073580126347
7.8801,253,101,-0.666554765465255
7.8801,253,102,-0.668294320505387
7.8801,253,103,-0.661580248420667
7.8801,253,104,-0.654499954222236
7.8801,253,105,-0.199285866878262
7.8801,253,106,-0.0307626575518052
7.8801,253,107,-0.531510361033967
7.9085,254,1,-1
7.9085,254,2,-1
7.9085,254,3,-0.893581957457198
7.9085,254,4,-0.890530106509598
7.9085,254,5,-0.889584032715842
7.9085,254,6,-0.889034699545274
7.9085,254,7,-0.893581957457198
7.9085,254,8,-0.0689413129062777
7.9085,254,9,0.805841242713706
7.9085,254,10,0.807855464339122
7.9085,254,11,0.807855464339122
7.9085,254,12,0.807855464339122
7.9085,254,13,0.807855464339122
7.9085,254,14,0.807855464339122
7.9085,254,15,0.807855464339122
7.9085,254,16,0.807855464339122
7.9085,254,17,0.807855464339122
7.9085,254,18,0.807855464339122
7.9085,254,19,0.807855464339122
7.9085,254,20,0.807855464339122
7.9085,254,21,0.807855464339122
7.9085,254,22,0.807855464339122
7.9085,254,23,0.807855464339122
7.9085,254,24,0.807855464339122
7.9085,254,25,0.807855464339122
7.9085,254,26,0.807855464339122
7.9085,254,27,0.807855464339122
7.9085,254,28,0.807855464339122
7.9085,254,29,0.807855464339122
7.9085,254,30,0.807855464339122
7.9085,254,31,0.807855464339122
7.9085,254,32,0.807855464339122
7.9085,254,33,0.807855464339122
7.9085,254,34,0.783135471663564
7.9085,254,35,0.58439893795587
7.9085,254,36,0.58851893673513
7.9085,254,37,0.407422101504563
7.9085,254,38,-0.842799157689138
7.9085,254,39,-0.854304635761589
7.9085,254,40,-0.854396191290017
7.9085,254,41,-0.847682119205298
7.9085,254,42,-0.84545426801355
7.9085,254,43,-0.845881527146214
7.9085,254,44,-0.870784630878628
7.9085,254,45,-0.851924192022462
7.9085,254,46,-0.84545426801355
7.9085,254,47,-1
7.9085,254,48,-1
7.9085,254,49,-1
7.9085,254,50,-1
7.9085,254,51,-1
7.9085,254,52,-1
7.9085,254,53,-1
7.9085,254,54,-1
7.9085,254,55,-1
7.9085,254,56,-1
7.9085,254,57,-1
7.9085,254,58,-1
7.9085,254,59,-1
7.9085,254,60,-1
7.9085,254,61,-1
7.9085,254,62,-1
7.9085,254,63,-1
7.9085,254,64,-1
7.9085,254,65,-1
7.9085,254,66,-1
7.9085,254,67,-1
7.9085,254,68,-1
7.9085,254,69,-1
7.9085,254,70,-1
7.9085,254,71,-1
7.9085,254,72,-1
7.9085,254,73,-1
7.9085,254,74,-1
7.9085,254,75,-1
7.9085,254,76,-1
7.9085,254,77,-1
7.9085,254,78,-1
7.9085,254,79,-1
7.9085,254,80,-1
7.9085,254,81,-1
7.9085,254,82,-1
7.9085,254,83,-1
7.9085,254,84,-1
7.9085,254,85,-1
7.9085,254,86,-1
7.9085,254,87,-1
7.9085,254,88,-1
7.9085,254,89,-1
7.9085,254,90,-1
7.9085,254,91,-1
7.9085,254,92,-1
7.9085,254,93,0.182073427533799
7.9085,254,94,0.842158268990143
7.9085,254,95,0.842127750480667
7.9085,254,96,0.842127750480667
7.9085,254,97,0.842127750480667
7.9085,254,98,0.842127750480667
7.9085,254,99,0.842127750480667
7.9085,254,100,0.842127750480667
7.9085,254,101,0.842127750480667
7.9085,254,102,0.842127750480667
7.9085,254,103,0.842127750480667
7.9085,254,104,0.842127750480667
7.9085,254,105,0.842127750480667
7.9085,254,106,0.842127750480667
7.9085,254,107,0.842127750480667
7.9369,255,1,0.842127750480667
7.9369,255,2,0.842127750480667
7.9369,255,3,0.842127750480667
7.9369,255,4,0.842127750480667
7.9369,255,5,0.842127750480667
7.9369,255,6,0.842127750480667
7.9369,255,7,0.842127750480667
7.9369,255,8,0.842127750480667
7.9369,255,9,0.842310861537523
7.9369,255,10,-0.13357951597644
7.9369,255,11,-1
7.9369,255,12,-0.678823206274606
7.9369,255,13,-0.124362926114689
7.9369,255,14,-0.221961119418928
7.9369,255,15,-0.484298226874599
7.9369,255,16,-0.729758598590045
7.9369,255,17,-0.891781365398114
7.9369,255,18,-1
7.9369,255,19,-1
7.9369,255,20,-1
7.9369,255,21,-1
7.9369,255,22,-1
7.9369,255,23,-1
7.9369,255,24,-1
7.9369,255,25,-1
7.9369,255,26,-1
7.9369,255,27,-1
7.9369,255,28,-1
7.9369,255,29,-1
7.9369,255,30,-1
7.9369,255,31,-1
7.9369,255,32,-1
7.9369,255,33,-1
7.9369,255,34,-1
7.9369,255,35,-1
7.9369,255,36,-1
7.9369,255,37,-1
7.9369,255,38,-1
7.9369,255,39,-1
7.9369,255,40,-0.729789117099521
7.9369,255,41,-0.579363383892331
7.9369,255,42,-0.317056794946135
7.9369,255,43,-0.054780724509415
7.9369,255,44,0.366588335825678
7.9369,255,45,0.560136722922452
7.9369,255,46,0.667043061616871
7.9369,255,47,0.352458265938292
7.9369,255,48,0.186284981841487
7.9369,255,49,0.0889919736320078
7.9369,255,50,-0.183263649403363
7.9369,255,51,-0.445448164311655
7.9369,255,52,-0.707602160710471
7.9369,255,53,-0.729758598590045
7.9369,255,54,-0.825769829401532
7.9369,255,55,-1
7.9369,255,56,-0.922208319345683
7.9369,255,57,-0.729789117099521
7.9369,255,58,-0.521866512039552
7.9369,255,59,-0.259468367564928
7.9369,255,60,-0.02203436384167
7.9369,255,61,0.366588335825678
7.9369,255,62,0.399639881588183
7.9369,255,63,0.558305612353893
7.9369,255,64,0.598986785485397
7.9369,255,65,0.246284371471297
7.9369,255,66,0.187047944578387
7.9369,255,67,0.0394299142429884
7.9369,255,68,-0.222510452589496
7.9369,255,69,-0.484694967497787
7.9369,255,70,-0.729758598590045
7.9369,255,71,-0.892239143040254
7.9369,255,72,-1
7.9369,255,73,-0.881466109195227
7.9369,255,74,-0.729789117099521
7.9369,255,75,-0.497390667439802
7.9369,255,76,-0.235145115512558
7.9369,255,77,0.065614795373394
7.9369,255,78,0.366588335825678
7.9369,255,79,0.557512131107517
7.9369,255,80,0.668111209448531
7.9369,255,81,0.549821466719565
7.9369,255,82,0.187749870296335
7.9369,255,83,-0.0116580706198309
7.9369,255,84,-0.259712515640736
7.9369,255,85,-0.521866512039552
7.9369,255,86,-0.729789117099521
7.9369,255,87,-0.955992309335612
7.9369,255,88,-1
7.9369,255,89,-0.809900204474013
7.9369,255,90,-0.729789117099521
7.9369,255,91,-0.717246009704886
7.9369,255,92,-0.456068605609302
7.9369,255,93,-0.19373149815363
7.9369,255,94,0.167149876400037
7.9369,255,95,0.366588335825678
7.9369,255,96,0.557359538560137
7.9369,255,97,0.71202734458449
7.9369,255,98,0.383404034546953
7.9369,255,99,0.187383648182623
7.9369,255,100,-0.0364696188238166
7.9369,255,101,-0.296639912106693
7.9369,255,102,-0.558763389996033
7.9369,255,103,-0.729789117099521
7.9369,255,104,-1
7.9369,255,105,-0.734488967558824
7.9369,255,106,-0.729789117099521
7.9369,255,107,-0.673665578173162
7.9652,256,1,-0.41148106326487
7.9652,256,2,-0.149113437299722
7.9652,256,3,0.273415326395459
7.9652,256,4,0.366588335825678
7.9652,256,5,0.557969908749657
7.9652,256,6,0.710776085695975
7.9652,256,7,0.353282265694144
7.9652,256,8,0.186437574388867
7.9652,256,9,-0.0925321207312235
7.9652,256,10,-0.354655598620563
7.9652,256,11,-0.616840113528855
7.9652,256,12,-0.729789117099521
7.9652,256,13,-1
7.9652,256,14,-1
7.9652,256,15,-1
7.9652,256,16,-1
7.9652,256,17,-1
7.9652,256,18,-1
7.9652,256,19,-1
7.9652,256,20,-1
7.9652,256,21,-1
7.9652,256,22,-1
7.9652,256,23,-1
7.9652,256,24,-1
7.9652,256,25,-1
7.9652,256,26,-1
7.9652,256,27,-1
7.9652,256,28,-1
7.9652,256,29,-1
7.9652,256,30,-1
7.9652,256,31,-1
7.9652,256,32,-1
7.9652,256,33,-1
7.9652,256,34,-1
7.9652,256,35,-1
7.9652,256,36,-0.749900814844203
7.9652,256,37,-0.729789117099521
7.9652,256,38,-0.673207800531022
7.9652,256,39,-0.410962248603778
7.9652,256,40,-0.148625141148106
7.9652,256,41,0.277932065797906
7.9652,256,42,0.366588335825678
7.9652,256,43,0.560930204168828
7.9652,256,44,0.71431623279519
7.9652,256,45,0.353495895260475
7.9652,256,46,0.189153721732231
7.9652,256,47,-0.0897549363689077
7.9652,256,48,-0.352061525315104
7.9652,256,49,-0.614307077242347
7.9652,256,50,-0.729758598590045
7.9652,256,51,-1
7.9652,256,52,-1
7.9652,256,53,-1
7.9652,256,54,-1
7.9652,256,55,-1
7.9652,256,56,-1
7.9652,256,57,-1
7.9652,256,58,-1
7.9652,256,59,-1
7.9652,256,60,-1
7.9652,256,61,-1
7.9652,256,62,-1
7.9652,256,63,-1
7.9652,256,64,-1
7.9652,256,65,-1
7.9652,256,66,-1
7.9652,256,67,-1
7.9652,256,68,-1
7.9652,256,69,-1
7.9652,256,70,-1
7.9652,256,71,-1
7.9652,256,72,-1
7.9652,256,73,-1
7.9652,256,74,-0.900387585070345
7.9652,256,75,-0.729789117099521
7.9652,256,76,-0.499404889065218
7.9652,256,77,-0.237220374156926
7.9652,256,78,0.0574968718527787
7.9652,256,79,0.366588335825678
7.9652,256,80,0.56099124118778
7.9652,256,81,0.658406323435163
7.9652,256,82,0.549882503738517
7.9652,256,83,0.186376537369915
7.9652,256,84,-0.0189519943845943
7.9652,256,85,-0.2609027375103
7.9652,256,86,-0.523270363475448
7.9652,256,87,-0.729758598590045
7.9652,256,88,-0.958250679036836
7.9652,256,89,-1
7.9652,256,90,-1
7.9652,256,91,-1
7.9652,256,92,-1
7.9652,256,93,-1
7.9652,256,94,-1
7.9652,256,95,-1
7.9652,256,96,-1
7.9652,256,97,-1
7.9652,256,98,-1
7.9652,256,99,-1
7.9652,256,100,-1
7.9652,256,101,-1
7.9652,256,102,-1
7.9652,256,103,-1
7.9652,256,104,-1
7.9652,256,105,-1
7.9652,256,106,-1
7.9652,256,107,-1
7.9936,257,1,-1
7.9936,257,2,-1
7.9936,257,3,-1
7.9936,257,4,-1
7.9936,257,5,-1
7.9936,257,6,-1
7.9936,257,7,-1
7.9936,257,8,-1
7.9936,257,9,-1
7.9936,257,10,-1
7.9936,257,11,-1
7.9936,257,12,-1
7.9936,257,13,-1
7.9936,257,14,-1
7.9936,257,15,-1
7.9936,257,16,-1
7.9936,257,17,-1
7.9936,257,18,-1
7.9936,257,19,-1
7.9936,257,20,-1
7.9936,257,21,-1
7.9936,257,22,-1
7.9936,257,23,-1
7.9936,257,24,-1
7.9936,257,25,-1
7.9936,257,26,-0.84743797112949
7.9936,257,27,-0.729789117099521
7.9936,257,28,-0.727896969512009
7.9936,257,29,-0.468062379833369
7.9936,257,30,-0.205725272377697
7.9936,257,31,-0.699575792718284
7.9936,257,32,-0.837458418530839
7.9936,257,33,-0.870906704916532
7.9936,257,34,-0.880092776268807
7.9936,257,35,-0.872432630390332
7.9936,257,36,-0.855494857631153
7.9936,257,37,-0.873622852259896
7.9936,257,38,-0.878292184209723
7.9936,257,39,-0.876338999603259
7.9936,257,40,-0.874141666920988
7.9936,257,41,-0.871700186162908
7.9936,257,42,-0.86901455732902
7.9936,257,43,-0.866145817438276
7.9936,257,44,-0.863063447981201
7.9936,257,45,-0.859797967467269
7.9936,257,46,-0.861445966978973
7.9936,257,47,-0.865169225135044
7.9936,257,48,0.366588335825678
7.9936,257,49,0.558977019562365
7.9936,257,50,0.583391827143162
7.9936,257,51,0.201849421674245
7.9936,257,52,0.188818018127995
7.9936,257,53,-0.227698599200415
7.9936,257,54,-0.708578753013703
7.9936,257,55,-0.84545426801355
7.9936,257,56,-0.777062288277841
7.9936,257,57,-0.754570146794031
7.9936,257,58,-0.754509109775079
7.9936,257,59,-0.750816370128483
7.9936,257,60,-0.817682424390393
7.9936,257,61,-0.791833246864223
7.9936,257,62,-0.681966612750633
7.9936,257,63,0.926541947691275
7.9936,257,64,0.955107272560808
7.9936,257,65,0.955107272560808
7.9936,257,66,0.955107272560808
7.9936,257,67,0.955107272560808
7.9936,257,68,0.955107272560808
7.9936,257,69,0.955107272560808
7.9936,257,70,0.955107272560808
7.9936,257,71,0.955107272560808
7.9936,257,72,0.955107272560808
7.9936,257,73,0.955107272560808
7.9936,257,74,0.955107272560808
7.9936,257,75,0.955107272560808
7.9936,257,76,0.955107272560808
7.9936,257,77,0.955107272560808
7.9936,257,78,0.955107272560808
7.9936,257,79,0.955107272560808
7.9936,257,80,0.955107272560808
7.9936,257,81,0.955107272560808
7.9936,257,82,0.955107272560808
7.9936,257,83,0.955107272560808
7.9936,257,84,0.955107272560808
7.9936,257,85,0.955107272560808
7.9936,257,86,0.955107272560808
7.9936,257,87,0.955107272560808
7.9936,257,88,0.955107272560808
7.9936,257,89,0.955107272560808
7.9936,257,90,0.955107272560808
7.9936,257,91,0.955107272560808
7.9936,257,92,0.955107272560808
7.9936,257,93,0.955107272560808
7.9936,257,94,0.955107272560808
7.9936,257,95,0.955107272560808
7.9936,257,96,0.955107272560808
7.9936,257,97,0.955107272560808
7.9936,257,98,0.955107272560808
7.9936,257,99,0.955107272560808
7.9936,257,100,0.955107272560808
7.9936,257,101,0.955107272560808
7.9936,257,102,0.955107272560808
7.9936,257,103,0.955107272560808
7.9936,257,104,0.955107272560808
7.9936,257,105,0.940702536088137
7.9936,257,106,0.0630512405774102
7.9936,257,107,-1
8.022,258,1,-0.772026734214301
8.022,258,2,-0.217719046601764
8.022,258,3,-0.177617725150304
8.022,258,4,-0.439863277077548
8.022,258,5,-0.702047791985839
8.022,258,6,-0.729758598590045
8.022,258,7,-0.815759758293405
8.022,258,8,-1
8.022,258,9,-1
8.022,258,10,-1
8.022,258,11,-1
8.022,258,12,-1
8.022,258,13,-1
8.022,258,14,-1
8.022,258,15,-1
8.022,258,16,-1
8.022,258,17,-1
8.022,258,18,-1
8.022,258,19,-1
8.022,258,20,-1
8.022,258,21,-1
8.022,258,22,-1
8.022,258,23,-1
8.022,258,24,-1
8.022,258,25,-1
8.022,258,26,-1
8.022,258,27,-1
8.022,258,28,-1
8.022,258,29,-1
8.022,258,30,-1
8.022,258,31,-1
8.022,258,32,-1
8.022,258,33,-1
8.022,258,34,-1
8.022,258,35,-1
8.022,258,36,-1
8.022,258,37,-1
8.022,258,38,-1
8.022,258,39,-1
8.022,258,40,-1
8.022,258,41,-1
8.022,258,42,-1
8.022,258,43,-1
8.022,258,44,-1
8.022,258,45,-1
8.022,258,46,-1
8.022,258,47,-1
8.022,258,48,-1
8.022,258,49,-1
8.022,258,50,-1
8.022,258,51,-1
8.022,258,52,-1
8.022,258,53,-0.729789117099521
8.022,258,54,-0.658558915982543
8.022,258,55,-0.396221808526872
8.022,258,56,-0.13403729361858
8.022,258,57,0.313180944242683
8.022,258,58,0.366588335825678
8.022,258,59,0.561204870754112
8.022,258,60,0.713309121982482
8.022,258,61,0.353221228675192
8.022,258,62,0.188390758995331
8.022,258,63,-0.100131229590747
8.022,258,64,-0.362437818536943
8.022,258,65,-0.624591814935759
8.022,258,66,-0.729789117099521
8.022,258,67,-1
8.022,258,68,-1
8.022,258,69,-1
8.022,258,70,-1
8.022,258,71,-1
8.022,258,72,-1
8.022,258,73,-1
8.022,258,74,-1
8.022,258,75,-1
8.022,258,76,-1
8.022,258,77,-1
8.022,258,78,-1
8.022,258,79,-1
8.022,258,80,-1
8.022,258,81,-1
8.022,258,82,-1
8.022,258,83,-1
8.022,258,84,-1
8.022,258,85,-1
8.022,258,86,-1
8.022,258,87,-1
8.022,258,88,-1
8.022,258,89,-1
8.022,258,90,-1
8.022,258,91,-1
8.022,258,92,-1
8.022,258,93,-1
8.022,258,94,-1
8.022,258,95,-1
8.022,258,96,-1
8.022,258,97,-1
8.022,258,98,-1
8.022,258,99,-1
8.022,258,100,-1
8.022,258,101,-1
8.022,258,102,-1
8.022,258,103,-1
8.022,258,104,-1
8.022,258,105,-1
8.022,258,106,-1
8.022,258,107,-1
8.0504,259,1,-1
8.0504,259,2,-1
8.0504,259,3,-1
8.0504,259,4,-0.737754448072756
8.0504,259,5,-0.729789117099521
8.0504,259,6,-0.665913876766259
8.0504,259,7,-0.403729361857967
8.0504,259,8,-0.141514328440199
8.0504,259,9,0.287728507339702
8.0504,259,10,0.366588335825678
8.0504,259,11,0.559190649128697
8.0504,259,12,0.71279030732139
8.0504,259,13,0.353556932279427
8.0504,259,14,0.188055055391095
8.0504,259,15,-0.0941190832239753
8.0504,259,16,-0.356486709189123
8.0504,259,17,-0.618640705587939
8.0504,259,18,-0.729758598590045
8.0504,259,19,-1
8.0504,259,20,-1
8.0504,259,21,-1
8.0504,259,22,-1
8.0504,259,23,-1
8.0504,259,24,-1
8.0504,259,25,-1
8.0504,259,26,-1
8.0504,259,27,-1
8.0504,259,28,-1
8.0504,259,29,-1
8.0504,259,30,-1
8.0504,259,31,-1
8.0504,259,32,-1
8.0504,259,33,-1
8.0504,259,34,-1
8.0504,259,35,-1
8.0504,259,36,-1
8.0504,259,37,-1
8.0504,259,38,-1
8.0504,259,39,-1
8.0504,259,40,-1
8.0504,259,41,-1
8.0504,259,42,-1
8.0504,259,43,-1
8.0504,259,44,-1
8.0504,259,45,-1
8.0504,259,46,-1
8.0504,259,47,-1
8.0504,259,48,-1
8.0504,259,49,-1
8.0504,259,50,-1
8.0504,259,51,-1
8.0504,259,52,-1
8.0504,259,53,-1
8.0504,259,54,-1
8.0504,259,55,-1
8.0504,259,56,-1
8.0504,259,57,-1
8.0504,259,58,-1
8.0504,259,59,-1
8.0504,259,60,-1
8.0504,259,61,-1
8.0504,259,62,-1
8.0504,259,63,-1
8.0504,259,64,-1
8.0504,259,65,-1
8.0504,259,66,-1
8.0504,259,67,-1
8.0504,259,68,-1
8.0504,259,69,-1
8.0504,259,70,-1
8.0504,259,71,-1
8.0504,259,72,-1
8.0504,259,73,-1
8.0504,259,74,-1
8.0504,259,75,-1
8.0504,259,76,-1
8.0504,259,77,-1
8.0504,259,78,-1
8.0504,259,79,-1
8.0504,259,80,-1
8.0504,259,81,-1
8.0504,259,82,-1
8.0504,259,83,-1
8.0504,259,84,-1
8.0504,259,85,-1
8.0504,259,86,-1
8.0504,259,87,-1
8.0504,259,88,-1
8.0504,259,89,-1
8.0504,259,90,-1
8.0504,259,91,-1
8.0504,259,92,-1
8.0504,259,93,-1
8.0504,259,94,-1
8.0504,259,95,-1
8.0504,259,96,-1
8.0504,259,97,-1
8.0504,259,98,-1
8.0504,259,99,-1
8.0504,259,100,-1
8.0504,259,101,-1
8.0504,259,102,-1
8.0504,259,103,-1
8.0504,259,104,-1
8.0504,259,105,-1
8.0504,259,106,-1
8.0504,259,107,-1
8.0787,260,1,-1
8.0787,260,2,-1
8.0787,260,3,-1
8.0787,260,4,-0.829004791405988
8.0787,260,5,-0.729789117099521
8.0787,260,6,-0.718222602008118
8.0787,260,7,-0.457167271950438
8.0787,260,8,-0.19495223853267
8.0787,260,9,-0.19602038636433
8.0787,260,10,-0.750511185033723
8.0787,260,11,-1
8.0787,260,12,-0.582689901425214
8.0787,260,13,-0.392742698446608
8.0787,260,14,-0.593401898251289
8.0787,260,15,-0.67757194738609
8.0787,260,16,-0.681203650013733
8.0787,260,17,-0.872402111880856
8.0787,260,18,-1
8.0787,260,19,-1
8.0787,260,20,-1
8.0787,260,21,-0.0265205847346416
8.0787,260,22,0.558915982543413
8.0787,260,23,0.710196234015931
8.0787,260,24,0.447920163579211
8.0787,260,25,0.185888241218299
8.0787,260,26,-0.456709494308298
8.0787,260,27,-0.802880947294534
8.0787,260,28,-0.725333414716025
8.0787,260,29,-0.658223212378307
8.0787,260,30,-0.704428235724967
8.0787,260,31,-0.822290719321268
8.0787,260,32,-0.822290719321268
8.0787,260,33,-0.822229682302316
8.0787,260,34,-0.822229682302316
8.0787,260,35,-0.822290719321268
8.0787,260,36,0.260689107943968
8.0787,260,37,0.874263740958892
8.0787,260,38,0.874263740958892
8.0787,260,39,0.874263740958892
8.0787,260,40,0.874263740958892
8.0787,260,41,0.874263740958892
8.0787,260,42,0.874263740958892
8.0787,260,43,0.874263740958892
8.0787,260,44,0.874263740958892
8.0787,260,45,0.874263740958892
8.0787,260,46,0.874263740958892
8.0787,260,47,0.874263740958892
8.0787,260,48,0.874263740958892
8.0787,260,49,0.874263740958892
8.0787,260,50,0.874263740958892
8.0787,260,51,0.874263740958892
8.0787,260,52,0.874263740958892
8.0787,260,53,0.874263740958892
8.0787,260,54,0.874263740958892
8.0787,260,55,0.874263740958892
8.0787,260,56,0.874263740958892
8.0787,260,57,0.874263740958892
8.0787,260,58,0.874263740958892
8.0787,260,59,0.874263740958892
8.0787,260,60,0.874263740958892
8.0787,260,61,0.874263740958892
8.0787,260,62,0.874263740958892
8.0787,260,63,0.874263740958892
8.0787,260,64,0.874263740958892
8.0787,260,65,0.874263740958892
8.0787,260,66,0.874233222449416
8.0787,260,67,0.423108615375225
8.0787,260,68,-0.10803552354503
8.0787,260,69,-0.370220038453322
8.0787,260,70,-0.632557145908994
8.0787,260,71,-0.729789117099521
8.0787,260,72,-1
8.0787,260,73,-1
8.0787,260,74,-1
8.0787,260,75,-1
8.0787,260,76,-1
8.0787,260,77,-1
8.0787,260,78,-1
8.0787,260,79,-1
8.0787,260,80,-1
8.0787,260,81,-1
8.0787,260,82,-1
8.0787,260,83,-1
8.0787,260,84,-1
8.0787,260,85,-1
8.0787,260,86,-1
8.0787,260,87,-1
8.0787,260,88,-1
8.0787,260,89,-1
8.0787,260,90,-1
8.0787,260,91,-1
8.0787,260,92,-1
8.0787,260,93,-1
8.0787,260,94,-1
8.0787,260,95,-1
8.0787,260,96,-1
8.0787,260,97,-1
8.0787,260,98,-1
8.0787,260,99,-1
8.0787,260,100,0.957548753318888
8.0787,260,101,0.95684682760094
8.0787,260,102,0.956328012939848
8.0787,260,103,0.944669942320017
8.0787,260,104,0.955290383617664
8.0787,260,105,0.950590533158361
8.0787,260,106,0.950224311044649
8.0787,260,107,0.948850978118229
8.1071,261,1,0.948667867061373
8.1071,261,2,0.948484756004517
8.1071,261,3,0.948484756004517
8.1071,261,4,0.948149052400281
8.1071,261,5,0.947111423078097
8.1071,261,6,0.946745200964385
8.1071,261,7,0.948149052400281
8.1071,261,8,0.941373943296609
8.1071,261,9,0.939451277199622
8.1071,261,10,0.927976317636647
8.1071,261,11,0.926938688314463
8.1071,261,12,0.947965941343425
8.1071,261,13,0.947813348796045
8.1071,261,14,0.947111423078097
8.1071,261,15,0.948850978118229
8.1071,261,16,0.989898373363445
8.1071,261,17,0.990966521195105
8.1071,261,18,0.989745780816065
8.1071,261,19,0.989226966154973
8.1071,261,20,0.989379558702353
8.1071,261,21,0.989745780816065
8.1071,261,22,0.977385784478286
8.1071,261,23,0.973021637623218
8.1071,261,24,0.982604449598682
8.1071,261,25,0.981902523880734
8.1071,261,26,0.983123264259774
8.1071,261,27,0.981902523880734
8.1071,261,28,0.982421338541826
8.1071,261,29,0.98208563493759
8.1071,261,30,0.981902523880734
8.1071,261,31,0.971129490035707
8.1071,261,32,0.959624011963256
8.1071,261,33,0.959105197302164
8.1071,261,34,0.95928830835902
8.1071,261,35,0.939786980803858
8.1071,261,36,0.944853053376873
8.1071,261,37,0.947111423078097
8.1071,261,38,0.95303201391644
8.1071,261,39,0.972350230414747
8.1071,261,40,0.971648304696799
8.1071,261,41,0.97354045228431
8.1071,261,42,0.973204748680074
8.1071,261,43,0.972685934018983
8.1071,261,44,0.97338785973693
8.1071,261,45,0.97338785973693
8.1071,261,46,0.972869045075838
8.1071,261,47,0.973021637623218
8.1071,261,48,0.971129490035707
8.1071,261,49,0.955809198278756
8.1071,261,50,0.955107272560808
8.1071,261,51,0.97460860011597
8.1071,261,52,0.975280007324442
8.1071,261,53,0.97476119266335
8.1071,261,54,0.975646229438154
8.1071,261,55,0.97582934049501
8.1071,261,56,0.97598193304239
8.1071,261,57,0.976866969817194
8.1071,261,58,0.974944303720206
8.1071,261,59,0.97476119266335
8.1071,261,60,0.975127414777062
8.1071,261,61,0.962431714835047
8.1071,261,62,0.957884456923124
8.1071,261,63,0.970244453260903
8.1071,261,64,0.970946378978851
8.1071,261,65,0.971282082583087
8.1071,261,66,0.971465193639943
8.1071,261,67,0.970061342204047
8.1071,261,68,0.969206823938719
8.1071,261,69,0.969725638599811
8.1071,261,70,0.961546678060244
8.1071,261,71,0.961210974456008
8.1071,261,72,0.960844752342296
8.1071,261,73,0.959990234076968
8.1071,261,74,0.954771568956572
8.1071,261,75,0.954588457899716
8.1071,261,76,0.970610675374615
8.1071,261,77,0.971465193639943
8.1071,261,78,0.972502822962127
8.1071,261,79,0.972167119357891
8.1071,261,80,0.982787560655538
8.1071,261,81,0.98223822748497
8.1071,261,82,0.973723563341166
8.1071,261,83,0.986602374340037
8.1071,261,84,0.994598223822749
8.1071,261,85,0.995635853144932
8.1071,261,86,0.997924741355632
8.1071,261,87,0.992339854121525
8.1071,261,88,0.991637928403577
8.1071,261,89,0.990966521195105
8.1071,261,90,0.992858668782617
8.1071,261,91,0.990966521195105
8.1071,261,92,0.990081484420301
8.1071,261,93,0.97338785973693
8.1071,261,94,0.977721488082522
8.1071,261,95,0.967467268898587
8.1071,261,96,0.963988158818323
8.1071,261,97,0.963621936704611
8.1071,261,98,0.962584307382427
8.1071,261,99,0.962767418439283
8.1071,261,100,0.961546678060244
8.1071,261,101,0.961363567003388
8.1071,261,102,0.959105197302164
8.1071,261,103,0.951109347819452
8.1071,261,104,0.950773644215216
8.1071,261,105,0.95440534684286
8.1071,261,106,0.974242378002258
8.1071,261,107,0.98086489455855
8.1355,262,1,0.981902523880734
8.1355,262,2,0.983123264259774
8.1355,262,3,0.98223822748497
8.1355,262,4,0.981200598162786
8.1355,262,5,0.977904599139378
8.1355,262,6,0.97720267342143
8.1355,262,7,0.972502822962127
8.1355,262,8,0.959105197302164
8.1355,262,9,0.957548753318888
8.1355,262,10,0.981383709219642
8.1355,262,11,0.97964415417951
8.1355,262,12,0.980498672444838
8.1355,262,13,0.980162968840602
8.1355,262,14,0.979461043122654
8.1355,262,15,0.980498672444838
8.1355,262,16,0.979979857783746
8.1355,262,17,0.980346079897458
8.1355,262,18,0.983642078920866
8.1355,262,19,0.982787560655538
8.1355,262,20,0.969389934995575
8.1355,262,21,0.967650379955443
8.1355,262,22,0.99633777886288
8.1355,262,23,0.997375408185064
8.1355,262,24,0.997375408185064
8.1355,262,25,0.996704000976592
8.1355,262,26,0.995635853144932
8.1355,262,27,0.992156743064669
8.1355,262,28,0.990966521195105
8.1355,262,29,0.97354045228431
8.1355,262,30,0.971129490035707
8.1355,262,31,0.984679708243049
8.1355,262,32,0.987640003662221
8.1355,262,33,0.986419263283181
8.1355,262,34,0.984862819299905
8.1355,262,35,0.985900448622089
8.1355,262,36,0.986266670735801
8.1355,262,37,0.985198522904141
8.1355,262,38,0.985564745017853
8.1355,262,39,0.986266670735801
8.1355,262,40,0.985900448622089
8.1355,262,41,0.989898373363445
8.1355,262,42,0.990417188024537
8.1355,262,43,0.990264595477157
8.1355,262,44,0.990600299081393
8.1355,262,45,0.995818964201788
8.1355,262,46,0.985045930356761
8.1355,262,47,0.983825189977722
8.1355,262,48,0.983123264259774
8.1355,262,49,0.993896298104801
8.1355,262,50,0.993896298104801
8.1355,262,51,0.994598223822749
8.1355,262,52,0.996520889919736
8.1355,262,53,0.993224890896329
8.1355,262,54,0.994079409161656
8.1355,262,55,0.994598223822749
8.1355,262,56,0.994079409161656
8.1355,262,57,0.974242378002258
8.1355,262,58,0.976866969817194
8.1355,262,59,0.97598193304239
8.1355,262,60,0.976500747703482
8.1355,262,61,0.975127414777062
8.1355,262,62,0.97476119266335
8.1355,262,63,0.974944303720206
8.1355,262,64,0.974425489059114
8.1355,262,65,0.974089785454878
8.1355,262,66,0.97338785973693
8.1355,262,67,0.974242378002258
8.1355,262,68,0.971800897244179
8.1355,262,69,0.956663716544084
8.1355,262,70,0.970946378978851
8.1355,262,71,0.968504898220771
8.1355,262,72,0.968688009277627
8.1355,262,73,0.969023712881863
8.1355,262,74,0.968169194616535
8.1355,262,75,0.969023712881863
8.1355,262,76,0.969389934995575
8.1355,262,77,0.969908749656667
8.1355,262,78,0.969206823938719
8.1355,262,79,0.968321787163915
8.1355,262,80,0.967101046784875
8.1355,262,81,0.968504898220771
8.1355,262,82,0.968504898220771
8.1355,262,83,0.968321787163915
8.1355,262,84,0.967986083559679
8.1355,262,85,0.967802972502823
8.1355,262,86,0.969023712881863
8.1355,262,87,0.966429639576403
8.1355,262,88,0.967467268898587
8.1355,262,89,0.966246528519547
8.1355,262,90,0.966246528519547
8.1355,262,91,0.966429639576403
8.1355,262,92,0.965208899197363
8.1355,262,93,0.965361491744743
8.1355,262,94,0.966063417462691
8.1355,262,95,0.965025788140507
8.1355,262,96,0.964171269875179
8.1355,262,97,0.853144932401501
8.1355,262,98,0.846034119693594
8.1355,262,99,0.840632343516343
8.1355,262,100,0.831751457258827
8.1355,262,101,0.826532792138432
8.1355,262,102,0.824610126041444
8.1355,262,103,0.815576647236549
8.1355,262,104,0.813837092196417
8.1355,262,105,0.811578722495193
8.1355,262,106,0.810693685720389
8.1355,262,107,0.80825220496231
8.1639,263,1,0.80687887203589
8.1639,263,2,0.805139316995758
8.1639,263,3,0.804101687673574
8.1639,263,4,0.803033539841914
8.1639,263,5,0.801141392254402
8.1639,263,6,0.816614276558733
8.1639,263,7,0.816278572954497
8.1639,263,8,0.816095461897641
8.1639,263,9,0.835230567339091
8.1639,263,10,0.834711752677999
8.1639,263,11,0.840449232459487
8.1639,263,12,0.840113528855251
8.1639,263,13,0.839411603137303
8.1639,263,14,0.86794640949736
8.1639,263,15,0.867427594836268
8.1639,263,16,0.868282113101596
8.1639,263,17,0.868465224158452
8.1639,263,18,0.86794640949736
8.1639,263,19,0.857692190313425
8.1639,263,20,0.855586413159581
8.1639,263,21,0.86550492873928
8.1639,263,22,0.895077364421522
8.1639,263,23,0.916470839564196
8.1639,263,24,0.917172765282144
8.1639,263,25,0.918759727774895
8.1639,263,26,0.920834986419263
8.1639,263,27,0.91369365520188
8.1639,263,28,0.914059877315592
8.1639,263,29,0.921018097476119
8.1639,263,30,0.921872615741447
8.1639,263,31,0.922757652516251
8.1639,263,32,0.922910245063631
8.1639,263,33,0.924130985442671
8.1639,263,34,0.922757652516251
8.1639,263,35,0.923459578234199
8.1639,263,36,0.915433210242012
8.1639,263,37,0.916653950621052
8.1639,263,38,0.916318247016816
8.1639,263,39,0.916470839564196
8.1639,263,40,0.915952024903104
8.1639,263,41,0.915616321298868
8.1639,263,42,0.915952024903104
8.1639,263,43,0.917538987395856
8.1639,263,44,0.918759727774895
8.1639,263,45,0.916837061677908
8.1639,263,46,0.923276467177343
8.1639,263,47,0.9112521744438
8.1639,263,48,0.912839136936552
8.1639,263,49,0.918576616718039
8.1639,263,50,0.907101657155065
8.1639,263,51,0.91109958189642
8.1639,263,52,0.910580767235328
8.1639,263,53,0.908139286477248
8.1639,263,54,0.892300180059206
8.1639,263,55,0.897183141575365
8.1639,263,56,0.894741660817286
8.1639,263,57,0.900997955259865
8.1639,263,58,0.877864925077059
8.1639,263,59,0.873867000335704
8.1639,263,60,0.878200628681295
8.1639,263,61,0.896481215857417
8.1639,263,62,0.890041810357982
8.1639,263,63,0.883083590197455
8.1639,263,64,0.875759147923215
8.1639,263,65,0.877681814020203
8.1639,263,66,0.887600329599902
8.1639,263,67,0.891598254341258
8.1639,263,68,0.879421369060335
8.1639,263,69,0.868465224158452
8.1639,263,70,0.875759147923215
8.1639,263,71,0.877681814020203
8.1639,263,72,0.890041810357982
8.1639,263,73,0.872280037842952
8.1639,263,74,0.868282113101596
8.1639,263,75,0.8691671498764
8.1639,263,76,0.875087740714743
8.1639,263,77,0.865840632343516
8.1639,263,78,0.885525070955535
8.1639,263,79,0.884640034180731
8.1639,263,80,0.873348185674612
8.1639,263,81,0.863246559038057
8.1639,263,82,0.870723593859676
8.1639,263,83,0.87176122318186
8.1639,263,84,0.882381664479507
8.1639,263,85,0.876308481093783
8.1639,263,86,0.866023743400372
8.1639,263,87,0.863429670094913
8.1639,263,88,0.862025818659017
8.1639,263,89,0.854182561723685
8.1639,263,90,0.869502853480636
8.1639,263,91,0.879604480117191
8.1639,263,92,0.878200628681295
8.1639,263,93,0.861507003997925
8.1639,263,94,0.851588488418226
8.1639,263,95,0.857142857142857
8.1639,263,96,0.857692190313425
8.1639,263,97,0.855250709555345
8.1639,263,98,0.867244483779412
8.1639,263,99,0.8729819635609
8.1639,263,100,0.858363597521897
8.1639,263,101,0.858882412182989
8.1639,263,102,0.862025818659017
8.1639,263,103,0.850703451643422
8.1639,263,104,0.872646259956664
8.1639,263,105,0.872127445295572
8.1639,263,106,0.861507003997925
8.1639,263,107,0.859950560014649
8.1922,264,1,0.850550859096042
8.1922,264,2,0.856807153538621
8.1922,264,3,0.864986114078188
8.1922,264,4,0.864467299417096
8.1922,264,5,0.858882412182989
8.1922,264,6,0.847071749015778
8.1922,264,7,0.862025818659017
8.1922,264,8,0.849665822321238
8.1922,264,9,0.858211004974517
8.1922,264,10,0.858729819635609
8.1922,264,11,0.861323892941069
8.1922,264,12,0.858027893917661
8.1922,264,13,0.860805078279977
8.1922,264,14,0.841669972838527
8.1922,264,15,0.861690115054781
8.1922,264,16,0.858363597521897
8.1922,264,17,0.855403302102725
8.1922,264,18,0.858882412182989
8.1922,264,19,0.859431745353557
8.1922,264,20,0.856288338877529
8.1922,264,21,0.854365672780541
8.1922,264,22,0.856624042481765
8.1922,264,23,0.85140537736137
8.1922,264,24,0.856105227820673
8.1922,264,25,0.849848933378094
8.1922,264,26,0.856807153538621
8.1922,264,27,0.85125278481399
8.1922,264,28,0.855769524216437
8.1922,264,29,0.856105227820673
8.1922,264,30,0.849665822321238
8.1922,264,31,0.854029969176305
8.1922,264,32,0.853846858119449
8.1922,264,33,0.852992339854121
8.1922,264,34,0.844111453596606
8.1922,264,35,0.85140537736137
8.1922,264,36,0.851069673757134
8.1922,264,37,0.835047456282235
8.1922,264,38,0.84896389660329
8.1922,264,39,0.849665822321238
8.1922,264,40,0.832087160863063
8.1922,264,41,0.848109378337962
8.1922,264,42,0.848628192999054
8.1922,264,43,0.832270271919919
8.1922,264,44,0.845667897579882
8.1922,264,45,0.848109378337962
8.1922,264,46,0.84636982329783
8.1922,264,47,0.846034119693594
8.1922,264,48,0.845484786523026
8.1922,264,49,0.84514908291879
8.1922,264,50,0.832789086581011
8.1922,264,51,0.836634418774987
8.1922,264,52,0.84392834253975
8.1922,264,53,0.842707602160711
8.1922,264,54,0.842555009613331
8.1922,264,55,0.837672048097171
8.1922,264,56,0.839594714194159
8.1922,264,57,0.842005676442763
8.1922,264,58,0.82845545823542
8.1922,264,59,0.840632343516343
8.1922,264,60,0.840449232459487
8.1922,264,61,0.832789086581011
8.1922,264,62,0.837305825983459
8.1922,264,63,0.840815454573199
8.1922,264,64,0.839045381023591
8.1922,264,65,0.830713827936644
8.1922,264,66,0.826868495742668
8.1922,264,67,0.838007751701407
8.1922,264,68,0.835932493057039
8.1922,264,69,0.833674123355815
8.1922,264,70,0.835566270943327
8.1922,264,71,0.834711752677999
8.1922,264,72,0.834711752677999
8.1922,264,73,0.834376049073763
8.1922,264,74,0.834009826960051
8.1922,264,75,0.834528641621143
8.1922,264,76,0.8286080507828
8.1922,264,77,0.830530716879788
8.1922,264,78,0.832087160863063
8.1922,264,79,0.823908200323496
8.1922,264,80,0.832636494033631
8.1922,264,81,0.831232642597736
8.1922,264,82,0.82967619861446
8.1922,264,83,0.828272347178564
8.1922,264,84,0.830195013275552
8.1922,264,85,0.828974272896512
8.1922,264,86,0.824091311380352
8.1922,264,87,0.830011902218696
8.1922,264,88,0.828974272896512
8.1922,264,89,0.82723471785638
8.1922,264,90,0.827753532517472
8.1922,264,91,0.825830866420484
8.1922,264,92,0.827051606799524
8.1922,264,93,0.813653981139561
8.1922,264,94,0.82601397747734
8.1922,264,95,0.825830866420484
8.1922,264,96,0.807214575640126
8.1922,264,97,0.821314127018036
8.1922,264,98,0.824091311380352
8.1922,264,99,0.82235175634022
8.1922,264,100,0.809656056398205
8.1922,264,101,0.820612201300088
8.1922,264,102,0.824976348155156
8.1922,264,103,0.825678273873104
8.1922,264,104,0.827051606799524
8.1922,264,105,0.822717978453932
8.1922,264,106,0.827570421460616
8.1922,264,107,0.828089236121708
8.2206,265,1,0.822717978453932
8.2206,265,2,0.8247932370983
8.2206,265,3,0.823908200323496
8.2206,265,4,0.82235175634022
8.2206,265,5,0.818872646259957
8.2206,265,6,0.819238868373669
8.2206,265,7,0.821314127018036
8.2206,265,8,0.815912350840785
8.2206,265,9,0.815759758293405
8.2206,265,10,0.819055757316813
8.2206,265,11,0.818170720542009
8.2206,265,12,0.820795312356944
8.2206,265,13,0.815912350840785
8.2206,265,14,0.823389385662404
8.2206,265,15,0.828791161839656
8.2206,265,16,0.829157383953368
8.2206,265,17,0.829309976500748
8.2206,265,18,0.830713827936644
8.2206,265,19,0.829493087557604
8.2206,265,20,0.830713827936644
8.2206,265,21,0.830195013275552
8.2206,265,22,0.825495162816248
8.2206,265,23,0.831415753654592
8.2206,265,24,0.830530716879788
8.2206,265,25,0.831415753654592
8.2206,265,26,0.832789086581011
8.2206,265,27,0.832972197637867
8.2206,265,28,0.833491012298959
8.2206,265,29,0.832270271919919
8.2206,265,30,0.833155308694723
8.2206,265,31,0.829157383953368
8.2206,265,32,0.828791161839656
8.2206,265,33,0.829157383953368
8.2206,265,34,0.829309976500748
8.2206,265,35,0.828974272896512
8.2206,265,36,0.829157383953368
8.2206,265,37,0.8286080507828
8.2206,265,38,0.8286080507828
8.2206,265,39,0.814874721518601
8.2206,265,40,0.813470870082705
8.2206,265,41,0.813837092196417
8.2206,265,42,0.812799462874233
8.2206,265,43,0.816431165501877
8.2206,265,44,0.812097537156285
8.2206,265,45,0.812616351817377
8.2206,265,46,0.82601397747734
8.2206,265,47,0.826349681081576
8.2206,265,48,0.825830866420484
8.2206,265,49,0.827051606799524
8.2206,265,50,0.825830866420484
8.2206,265,51,0.826197088534196
8.2206,265,52,0.826349681081576
8.2206,265,53,0.82982879116184
8.2206,265,54,0.82982879116184
8.2206,265,55,0.829493087557604
8.2206,265,56,0.815393536179693
8.2206,265,57,0.810357982116153
8.2206,265,58,0.805993835261086
8.2206,265,59,0.805475020599994
8.2206,265,60,0.808801538132878
8.2206,265,61,0.805139316995758
8.2206,265,62,0.809656056398205
8.2206,265,63,0.811212500381481
8.2206,265,64,0.811395611438337
8.2206,265,65,0.809839167455061
8.2206,265,66,0.811731315042573
8.2206,265,67,0.812952055421613
8.2206,265,68,0.817835016937773
8.2206,265,69,0.818018127994629
8.2206,265,70,0.816614276558733
8.2206,265,71,0.817651905880917
8.2206,265,72,0.8209784234138
8.2206,265,73,0.8209784234138
8.2206,265,74,0.821649830622272
8.2206,265,75,0.82235175634022
8.2206,265,76,0.821314127018036
8.2206,265,77,0.820795312356944
8.2206,265,78,0.821497238074892
8.2206,265,79,0.821497238074892
8.2206,265,80,0.820795312356944
8.2206,265,81,0.819757683034761
8.2206,265,82,0.821314127018036
8.2206,265,83,0.820612201300088
8.2206,265,84,0.819910275582141
8.2206,265,85,0.821497238074892
8.2206,265,86,0.82357249671926
8.2206,265,87,0.822870571001312
8.2206,265,88,0.82235175634022
8.2206,265,89,0.823908200323496
8.2206,265,90,0.824610126041444
8.2206,265,91,0.824610126041444
8.2206,265,92,0.825312051759392
8.2206,265,93,0.824091311380352
8.2206,265,94,0.825128940702536
8.2206,265,95,0.8247932370983
8.2206,265,96,0.823908200323496
8.2206,265,97,0.824457533494064
8.2206,265,98,0.823755607776116
8.2206,265,99,0.821832941679128
8.2206,265,100,0.823389385662404
8.2206,265,101,0.821649830622272
8.2206,265,102,0.823236793115024
8.2206,265,103,0.82235175634022
8.2206,265,104,0.823236793115024
8.2206,265,105,0.822534867397076
8.2206,265,106,0.822534867397076
8.2206,265,107,0.822016052735984
8.249,266,1,0.822717978453932
8.249,266,2,0.823053682058168
8.249,266,3,0.82235175634022
8.249,266,4,0.8247932370983
8.249,266,5,0.823236793115024
8.249,266,6,0.824457533494064
8.249,266,7,0.824091311380352
8.249,266,8,0.824091311380352
8.249,266,9,0.82357249671926
8.249,266,10,0.823236793115024
8.249,266,11,0.823755607776116
8.249,266,12,0.823908200323496
8.249,266,13,0.823389385662404
8.249,266,14,0.824274422437208
8.249,266,15,0.823755607776116
8.249,266,16,0.823236793115024
8.249,266,17,0.824610126041444
8.249,266,18,0.824091311380352
8.249,266,19,0.823389385662404
8.249,266,20,0.823236793115024
8.249,266,21,0.824091311380352
8.249,266,22,0.824457533494064
8.249,266,23,0.82601397747734
8.249,266,24,0.825495162816248
8.249,266,25,0.878566850795007
8.249,266,26,0.878200628681295
8.249,266,27,0.876827295754875
8.249,266,28,0.877162999359111
8.249,266,29,0.874904629657888
8.249,266,30,0.874568926053652
8.249,266,31,0.876461073641163
8.249,266,32,0.875942258980071
8.249,266,33,0.992156743064669
8.249,266,34,0.993224890896329
8.249,266,35,0.988158818323313
8.249,266,36,0.996520889919736
8.249,266,37,0.997222815637684
8.249,266,38,0.99511703848384
8.249,266,39,0.994445631275369
8.249,266,40,0.993743705557421
8.249,266,41,0.994781334879605
8.249,266,42,0.993743705557421
8.249,266,43,0.972685934018983
8.249,266,44,0.970763267921995
8.249,266,45,0.970244453260903
8.249,266,46,0.969725638599811
8.249,266,47,0.969206823938719
8.249,266,48,0.974242378002258
8.249,266,49,0.974944303720206
8.249,266,50,0.986785485396893
8.249,266,51,0.988158818323313
8.249,266,52,0.987823114719077
8.249,266,53,0.987640003662221
8.249,266,54,0.988158818323313
8.249,266,55,0.979827265236366
8.249,266,56,0.978240302743614
8.249,266,57,0.978087710196234
8.249,266,58,0.987823114719077
8.249,266,59,0.992522965178381
8.249,266,60,0.998077333903012
8.249,266,61,0.97354045228431
8.249,266,62,0.976165044099246
8.249,266,63,0.989043855098117
8.249,266,64,0.99755851924192
8.249,266,65,0.999114963225196
8.249,266,66,0.997924741355632
8.249,266,67,0.993743705557421
8.249,266,68,0.993224890896329
8.249,266,69,0.990417188024537
8.249,266,70,0.989898373363445
8.249,266,71,0.990081484420301
8.249,266,72,0.989379558702353
8.249,266,73,0.990081484420301
8.249,266,74,0.953733939634388
8.249,266,75,0.967650379955443
8.249,266,76,0.958586382641072
8.249,266,77,0.963286233100375
8.249,266,78,0.963621936704611
8.249,266,79,0.963103122043519
8.249,266,80,0.962248603778191
8.249,266,81,0.972685934018983
8.249,266,82,0.974944303720206
8.249,266,83,0.962767418439283
8.249,266,84,0.965208899197363
8.249,266,85,0.962431714835047
8.249,266,86,0.96050904873806
8.249,266,87,0.967101046784875
8.249,266,88,0.981719412823878
8.249,266,89,0.981719412823878
8.249,266,90,0.984527115695669
8.249,266,91,0.98345896786401
8.249,266,92,0.985198522904141
8.249,266,93,0.986083559678945
8.249,266,94,0.984527115695669
8.249,266,95,0.990081484420301
8.249,266,96,0.981048005615406
8.249,266,97,0.981048005615406
8.249,266,98,0.979979857783746
8.249,266,99,0.973906674398022
8.249,266,100,0.97338785973693
8.249,266,101,0.988860744041261
8.249,266,102,0.998443556016724
8.249,266,103,0.999298074282052
8.249,266,104,0.999816888943144
8.249,266,105,1
8.249,266,106,0.999298074282052
8.249,266,107,0.999481185338908
8.2774,267,1,0.999298074282052
8.2774,267,2,0.998443556016724
8.2774,267,3,0.998596148564104
8.2774,267,4,0.99755851924192
8.2774,267,5,0.998260444959868
8.2774,267,6,0.997741630298776
8.2774,267,7,0.998260444959868
8.2774,267,8,0.997924741355632
8.2774,267,9,0.99755851924192
8.2774,267,10,0.99633777886288
8.2774,267,11,0.98208563493759
8.2774,267,12,0.980498672444838
8.2774,267,13,0.962767418439283
8.2774,267,14,0.977904599139378
8.2774,267,15,0.978942228461562
8.2774,267,16,0.978942228461562
8.2774,267,17,0.97842341380047
8.2774,267,18,0.979461043122654
8.2774,267,19,0.978240302743614
8.2774,267,20,0.976348155156102
8.2774,267,21,0.97598193304239
8.2774,267,22,0.976165044099246
8.2774,267,23,0.975127414777062
8.2774,267,24,0.974089785454878
8.2774,267,25,0.974425489059114
8.2774,267,26,0.97338785973693
8.2774,267,27,0.97354045228431
8.2774,267,28,0.973021637623218
8.2774,267,29,0.972685934018983
8.2774,267,30,0.973021637623218
8.2774,267,31,0.973723563341166
8.2774,267,32,0.971984008301035
8.2774,267,33,0.972685934018983
8.2774,267,34,0.97338785973693
8.2774,267,35,0.971465193639943
8.2774,267,36,0.961546678060244
8.2774,267,37,0.960325937681204
8.2774,267,38,0.967802972502823
8.2774,267,39,0.969725638599811
8.2774,267,40,0.969725638599811
8.2774,267,41,0.969206823938719
8.2774,267,42,0.969542527542955
8.2774,267,43,0.968688009277627
8.2774,267,44,0.967986083559679
8.2774,267,45,0.968321787163915
8.2774,267,46,0.968321787163915
8.2774,267,47,0.952513199255348
8.2774,267,48,0.963286233100375
8.2774,267,49,0.962248603778191
8.2774,267,50,0.961882381664479
8.2774,267,51,0.969023712881863
8.2774,267,52,0.966765343180639
8.2774,267,53,0.957731864375744
8.2774,267,54,0.945005645924253
8.2774,267,55,0.934934537797174
8.2774,267,56,0.93389690847499
8.2774,267,57,0.932309945982238
8.2774,267,58,0.931272316660054
8.2774,267,59,0.930051576281014
8.2774,267,60,0.930753501998962
8.2774,267,61,0.823908200323496
8.2774,267,62,0.820429090243233
8.2774,267,63,0.816095461897641
8.2774,267,64,0.813653981139561
8.2774,267,65,0.82982879116184
8.2774,267,66,0.82967619861446
8.2774,267,67,0.8286080507828
8.2774,267,68,0.807733390301218
8.2774,267,69,0.830011902218696
8.2774,267,70,0.833155308694723
8.2774,267,71,0.832453382976775
8.2774,267,72,0.831568346201972
8.2774,267,73,0.82982879116184
8.2774,267,74,0.830713827936644
8.2774,267,75,0.829309976500748
8.2774,267,76,0.827051606799524
8.2774,267,77,0.844111453596606
8.2774,267,78,0.844447157200842
8.2774,267,79,0.844111453596606
8.2774,267,80,0.843409527878658
8.2774,267,81,0.870204779198584
8.2774,267,82,0.870204779198584
8.2774,267,83,0.871242408520768
8.2774,267,84,0.871242408520768
8.2774,267,85,0.87038789025544
8.2774,267,86,0.871425519577624
8.2774,267,87,0.870723593859676
8.2774,267,88,0.87054048280282
8.2774,267,89,0.901333658864101
8.2774,267,90,0.902035584582049
8.2774,267,91,0.902401806695761
8.2774,267,92,0.924649800103763
8.2774,267,93,0.917355876339
8.2774,267,94,0.919431134983367
8.2774,267,95,0.919095431379131
8.2774,267,96,0.920133060701315
8.2774,267,97,0.922055726798303
8.2774,267,98,0.919095431379131
8.2774,267,99,0.921353801080355
8.2774,267,100,0.927274391918699
8.2774,267,101,0.921872615741447
8.2774,267,102,0.922574541459395
8.2774,267,103,0.927457502975555
8.2774,267,104,0.921018097476119
8.2774,267,105,0.928678243354595
8.2774,267,106,0.930051576281014
8.2774,267,107,0.916470839564196
8.3057,268,1,0.906918546098209
8.3057,268,2,0.904995880001221
8.3057,268,3,0.894375438703574
8.3057,268,4,0.902737510299997
8.3057,268,5,0.902920621356853
8.3057,268,6,0.898403881954405
8.3057,268,7,0.912656025879696
8.3057,268,8,0.913174840540788
8.3057,268,9,0.924649800103763
8.3057,268,10,0.917172765282144
8.3057,268,11,0.925199133274331
8.3057,268,12,0.926053651539659
8.3057,268,13,0.911618396557512
8.3057,268,14,0.916837061677908
8.3057,268,15,0.91491439558092
8.3057,268,16,0.919095431379131
8.3057,268,17,0.902035584582049
8.3057,268,18,0.893520920438246
8.3057,268,19,0.902218695638905
8.3057,268,20,0.88708151493881
8.3057,268,21,0.873348185674612
8.3057,268,22,0.889156773583178
8.3057,268,23,0.885860774559771
8.3057,268,24,0.897854548783837
8.3057,268,25,0.889858699301126
8.3057,268,26,0.895962401196326
8.3057,268,27,0.884456923123875
8.3057,268,28,0.888485366374706
8.3057,268,29,0.889156773583178
8.3057,268,30,0.894222846156194
8.3057,268,31,0.882900479140599
8.3057,268,32,0.89455854976043
8.3057,268,33,0.889156773583178
8.3057,268,34,0.881862849818415
8.3057,268,35,0.880642109439375
8.3057,268,36,0.873867000335704
8.3057,268,37,0.873867000335704
8.3057,268,38,0.870021668141728
8.3057,268,39,0.878719443342387
8.3057,268,40,0.889339884640034
8.3057,268,41,0.885006256294443
8.3057,268,42,0.873165074617756
8.3057,268,43,0.87282937101352
8.3057,268,44,0.874385814996796
8.3057,268,45,0.87038789025544
8.3057,268,46,0.865840632343516
8.3057,268,47,0.883266701254311
8.3057,268,48,0.884823145237587
8.3057,268,49,0.862025818659017
8.3057,268,50,0.856105227820673
8.3057,268,51,0.882564775536363
8.3057,268,52,0.880977813043611
8.3057,268,53,0.863246559038057
8.3057,268,54,0.866206854457228
8.3057,268,55,0.857844782860805
8.3057,268,56,0.862727744376965
8.3057,268,57,0.880642109439375
8.3057,268,58,0.877498702963347
8.3057,268,59,0.856471449934385
8.3057,268,60,0.871425519577624
8.3057,268,61,0.878200628681295
8.3057,268,62,0.874904629657888
8.3057,268,63,0.874721518601032
8.3057,268,64,0.875942258980071
8.3057,268,65,0.87160863063448
8.3057,268,66,0.866542558061464
8.3057,268,67,0.872280037842952
8.3057,268,68,0.855586413159581
8.3057,268,69,0.871944334238716
8.3057,268,70,0.869685964537492
8.3057,268,71,0.87054048280282
8.3057,268,72,0.86794640949736
8.3057,268,73,0.869685964537492
8.3057,268,74,0.852809228797266
8.3057,268,75,0.870204779198584
8.3057,268,76,0.868800927762688
8.3057,268,77,0.858882412182989
8.3057,268,78,0.868648335215308
8.3057,268,79,0.860988189336833
8.3057,268,80,0.867427594836268
8.3057,268,81,0.846705526902066
8.3057,268,82,0.866389965514084
8.3057,268,83,0.862727744376965
8.3057,268,84,0.866908780175176
8.3057,268,85,0.844965971861934
8.3057,268,86,0.859248634296701
8.3057,268,87,0.863429670094913
8.3057,268,88,0.86428418836024
8.3057,268,89,0.847407452620014
8.3057,268,90,0.863063447981201
8.3057,268,91,0.859767448957793
8.3057,268,92,0.858027893917661
8.3057,268,93,0.860286263618885
8.3057,268,94,0.860469374675741
8.3057,268,95,0.860621967223121
8.3057,268,96,0.859950560014649
8.3057,268,97,0.860621967223121
8.3057,268,98,0.859767448957793
8.3057,268,99,0.859584337900937
8.3057,268,100,0.85262611774041
8.3057,268,101,0.857692190313425
8.3057,268,102,0.856624042481765
8.3057,268,103,0.856288338877529
8.3057,268,104,0.856288338877529
8.3057,268,105,0.844447157200842
8.3057,268,106,0.853663747062594
8.3057,268,107,0.856288338877529
8.3341,269,1,0.84881130405591
8.3341,269,2,0.855067598498489
8.3341,269,3,0.854182561723685
8.3341,269,4,0.854182561723685
8.3341,269,5,0.854029969176305
8.3341,269,6,0.853511154515213
8.3341,269,7,0.852443006683554
8.3341,269,8,0.852290414136174
8.3341,269,9,0.84759056367687
8.3341,269,10,0.85125278481399
8.3341,269,11,0.850886562700278
8.3341,269,12,0.85003204443495
8.3341,269,13,0.845484786523026
8.3341,269,14,0.850886562700278
8.3341,269,15,0.833155308694723
8.3341,269,16,0.847926267281106
8.3341,269,17,0.848628192999054
8.3341,269,18,0.833491012298959
8.3341,269,19,0.840266121402631
8.3341,269,20,0.846552934354686
8.3341,269,21,0.844965971861934
8.3341,269,22,0.843592638935514
8.3341,269,23,0.84514908291879
8.3341,269,24,0.846888637958922
8.3341,269,25,0.847224341563158
8.3341,269,26,0.846888637958922
8.3341,269,27,0.840449232459487
8.3341,269,28,0.845484786523026
8.3341,269,29,0.845851008636738
8.3341,269,30,0.843073824274422
8.3341,269,31,0.844965971861934
8.3341,269,32,0.831232642597736
8.3341,269,33,0.840815454573199
8.3341,269,34,0.844111453596606
8.3341,269,35,0.841486861781671
8.3341,269,36,0.842188787499619
8.3341,269,37,0.843073824274422
8.3341,269,38,0.837153233436079
8.3341,269,39,0.841853083895383
8.3341,269,40,0.841151158177435
8.3341,269,41,0.840449232459487
8.3341,269,42,0.840266121402631
8.3341,269,43,0.829493087557604
8.3341,269,44,0.839594714194159
8.3341,269,45,0.840113528855251
8.3341,269,46,0.837488937040315
8.3341,269,47,0.833307901242103
8.3341,269,48,0.838373973815119
8.3341,269,49,0.833491012298959
8.3341,269,50,0.834528641621143
8.3341,269,51,0.836268196661275
8.3341,269,52,0.837153233436079
8.3341,269,53,0.822870571001312
8.3341,269,54,0.819055757316813
8.3341,269,55,0.822016052735984
8.3341,269,56,0.833674123355815
8.3341,269,57,0.822717978453932
8.3341,269,58,0.82967619861446
8.3341,269,59,0.833826715903195
8.3341,269,60,0.833674123355815
8.3341,269,61,0.832087160863063
8.3341,269,62,0.831751457258827
8.3341,269,63,0.825830866420484
8.3341,269,64,0.82967619861446
8.3341,269,65,0.82982879116184
8.3341,269,66,0.830530716879788
8.3341,269,67,0.830011902218696
8.3341,269,68,0.829157383953368
8.3341,269,69,0.829309976500748
8.3341,269,70,0.82845545823542
8.3341,269,71,0.828272347178564
8.3341,269,72,0.828272347178564
8.3341,269,73,0.822016052735984
8.3341,269,74,0.827051606799524
8.3341,269,75,0.825312051759392
8.3341,269,76,0.826349681081576
8.3341,269,77,0.825495162816248
8.3341,269,78,0.823236793115024
8.3341,269,79,0.824976348155156
8.3341,269,80,0.810693685720389
8.3341,269,81,0.815576647236549
8.3341,269,82,0.822168645283364
8.3341,269,83,0.8209784234138
8.3341,269,84,0.820429090243233
8.3341,269,85,0.82235175634022
8.3341,269,86,0.822016052735984
8.3341,269,87,0.82113101596118
8.3341,269,88,0.815393536179693
8.3341,269,89,0.820276497695853
8.3341,269,90,0.820276497695853
8.3341,269,91,0.816614276558733
8.3341,269,92,0.819391460921049
8.3341,269,93,0.806176946317942
8.3341,269,94,0.815759758293405
8.3341,269,95,0.818536942655721
8.3341,269,96,0.815210425122837
8.3341,269,97,0.817835016937773
8.3341,269,98,0.804254280220954
8.3341,269,99,0.813837092196417
8.3341,269,100,0.817316202276681
8.3341,269,101,0.815210425122837
8.3341,269,102,0.816431165501877
8.3341,269,103,0.816095461897641
8.3341,269,104,0.813135166478469
8.3341,269,105,0.815576647236549
8.3341,269,106,0.797662282174139
8.3341,269,107,0.813653981139561
8.3625,270,1,0.812616351817377
8.3625,270,2,0.812097537156285
8.3625,270,3,0.813653981139561
8.3625,270,4,0.812799462874233
8.3625,270,5,0.810174871059297
8.3625,270,6,0.811395611438337
8.3625,270,7,0.810357982116153
8.3625,270,8,0.812799462874233
8.3625,270,9,0.818170720542009
8.3625,270,10,0.818353831598865
8.3625,270,11,0.820093386638997
8.3625,270,12,0.8209784234138
8.3625,270,13,0.815912350840785
8.3625,270,14,0.821314127018036
8.3625,270,15,0.821314127018036
8.3625,270,16,0.821649830622272
8.3625,270,17,0.822534867397076
8.3625,270,18,0.822717978453932
8.3625,270,19,0.822717978453932
8.3625,270,20,0.822870571001312
8.3625,270,21,0.823389385662404
8.3625,270,22,0.82357249671926
8.3625,270,23,0.822870571001312
8.3625,270,24,0.823908200323496
8.3625,270,25,0.819391460921049
8.3625,270,26,0.822534867397076
8.3625,270,27,0.823908200323496
8.3625,270,28,0.823755607776116
8.3625,270,29,0.82357249671926
8.3625,270,30,0.823389385662404
8.3625,270,31,0.824091311380352
8.3625,270,32,0.822534867397076
8.3625,270,33,0.824610126041444
8.3625,270,34,0.822717978453932
8.3625,270,35,0.82235175634022
8.3625,270,36,0.821832941679128
8.3625,270,37,0.822016052735984
8.3625,270,38,0.817499313333537
8.3625,270,39,0.82113101596118
8.3625,270,40,0.824274422437208
8.3625,270,41,0.823053682058168
8.3625,270,42,0.822870571001312
8.3625,270,43,0.823236793115024
8.3625,270,44,0.823053682058168
8.3625,270,45,0.823755607776116
8.3625,270,46,0.82357249671926
8.3625,270,47,0.823755607776116
8.3625,270,48,0.824610126041444
8.3625,270,49,0.823755607776116
8.3625,270,50,0.823908200323496
8.3625,270,51,0.823908200323496
8.3625,270,52,0.819910275582141
8.3625,270,53,0.822717978453932
8.3625,270,54,0.823908200323496
8.3625,270,55,0.823236793115024
8.3625,270,56,0.823755607776116
8.3625,270,57,0.82357249671926
8.3625,270,58,0.824457533494064
8.3625,270,59,0.823236793115024
8.3625,270,60,0.823389385662404
8.3625,270,61,0.823908200323496
8.3625,270,62,0.822870571001312
8.3625,270,63,0.823389385662404
8.3625,270,64,0.824610126041444
8.3625,270,65,0.823389385662404
8.3625,270,66,0.825312051759392
8.3625,270,67,0.818872646259957
8.3625,270,68,0.824091311380352
8.3625,270,69,0.818018127994629
8.3625,270,70,0.816949980162969
8.3625,270,71,0.816614276558733
8.3625,270,72,0.815912350840785
8.3625,270,73,0.817499313333537
8.3625,270,74,0.817651905880917
8.3625,270,75,0.817835016937773
8.3625,270,76,0.817835016937773
8.3625,270,77,0.817499313333537
8.3625,270,78,0.818689535203101
8.3625,270,79,0.815759758293405
8.3625,270,80,0.80443739127781
8.3625,270,81,0.803552354503006
8.3625,270,82,0.80443739127781
8.3625,270,83,0.802880947294534
8.3625,270,84,0.80199591051973
8.3625,270,85,0.812952055421613
8.3625,270,86,0.801660206915494
8.3625,270,87,0.813470870082705
8.3625,270,88,0.814172795800653
8.3625,270,89,0.813653981139561
8.3625,270,90,0.814355906857509
8.3625,270,91,0.814172795800653
8.3625,270,92,0.815393536179693
8.3625,270,93,0.814355906857509
8.3625,270,94,0.814691610461745
8.3625,270,95,0.816614276558733
8.3625,270,96,0.816797387615589
8.3625,270,97,0.80947294534135
8.3625,270,98,0.806512649922178
8.3625,270,99,0.802362132633442
8.3625,270,100,0.802362132633442
8.3625,270,101,0.801141392254402
8.3625,270,102,0.80062257759331
8.3625,270,103,0.802179021576586
8.3625,270,104,0.80565813165685
8.3625,270,105,0.811578722495193
8.3625,270,106,0.810693685720389
8.3625,270,107,0.810876796777245
8.3909,271,1,0.810357982116153
8.3909,271,2,0.812097537156285
8.3909,271,3,0.813135166478469
8.3909,271,4,0.812952055421613
8.3909,271,5,0.813470870082705
8.3909,271,6,0.813318277535325
8.3909,271,7,0.816095461897641
8.3909,271,8,0.816949980162969
8.3909,271,9,0.815210425122837
8.3909,271,10,0.815057832575457
8.3909,271,11,0.816431165501877
8.3909,271,12,0.815576647236549
8.3909,271,13,0.815210425122837
8.3909,271,14,0.815393536179693
8.3909,271,15,0.815912350840785
8.3909,271,16,0.815210425122837
8.3909,271,17,0.815759758293405
8.3909,271,18,0.815210425122837
8.3909,271,19,0.814539017914365
8.3909,271,20,0.815393536179693
8.3909,271,21,0.814539017914365
8.3909,271,22,0.815759758293405
8.3909,271,23,0.815912350840785
8.3909,271,24,0.815576647236549
8.3909,271,25,0.816614276558733
8.3909,271,26,0.816095461897641
8.3909,271,27,0.816278572954497
8.3909,271,28,0.815057832575457
8.3909,271,29,0.814874721518601
8.3909,271,30,0.812280648213141
8.3909,271,31,0.811578722495193
8.3909,271,32,0.812280648213141
8.3909,271,33,0.810693685720389
8.3909,271,34,0.810693685720389
8.3909,271,35,0.811059907834101
8.3909,271,36,0.810876796777245
8.3909,271,37,0.798333689382611
8.3909,271,38,0.810174871059297
8.3909,271,39,0.797479171117283
8.3909,271,40,0.797662282174139
8.3909,271,41,0.796075319681387
8.3909,271,42,0.797479171117283
8.3909,271,43,0.795403912472915
8.3909,271,44,0.795220801416059
8.3909,271,45,0.795037690359203
8.3909,271,46,0.794335764641255
8.3909,271,47,0.794701986754967
8.3909,271,48,0.794335764641255
8.3909,271,49,0.792260505996887
8.3909,271,50,0.792779320657979
8.3909,271,51,0.803552354503006
8.3909,271,52,0.803552354503006
8.3909,271,53,0.803735465559862
8.3909,271,54,0.806176946317942
8.3909,271,55,0.805475020599994
8.3909,271,56,0.80565813165685
8.3909,271,57,0.805475020599994
8.3909,271,58,0.811395611438337
8.3909,271,59,0.809137241737114
8.3909,271,60,0.811578722495193
8.3909,271,61,0.810541093173009
8.3909,271,62,0.811731315042573
8.3909,271,63,0.813470870082705
8.3909,271,64,0.814691610461745
8.3909,271,65,0.814020203253273
8.3909,271,66,0.815576647236549
8.3909,271,67,0.815057832575457
8.3909,271,68,0.814020203253273
8.3909,271,69,0.813135166478469
8.3909,271,70,0.816797387615589
8.3909,271,71,0.816949980162969
8.3909,271,72,0.954924161503952
8.3909,271,73,0.963805047761467
8.3909,271,74,0.9518112735374
8.3909,271,75,0.947630237739189
8.3909,271,76,0.958769493697928
8.3909,271,77,0.955992309335612
8.3909,271,78,0.955992309335612
8.3909,271,79,0.955992309335612
8.3909,271,80,0.955107272560808
8.3909,271,81,0.944334238715781
8.3909,271,82,0.930051576281014
8.3909,271,83,0.931974242378002
8.3909,271,84,0.932309945982238
8.3909,271,85,0.919278542435987
8.3909,271,86,0.927274391918699
8.3909,271,87,0.929868465224158
8.3909,271,88,0.930753501998962
8.3909,271,89,0.925870540482803
8.3909,271,90,0.947447126682333
8.3909,271,91,0.947294534134953
8.3909,271,92,0.948332163457137
8.3909,271,93,0.947965941343425
8.3909,271,94,0.940855128635517
8.3909,271,95,0.939970091860714
8.3909,271,96,0.93893246253853
8.3909,271,97,0.93282876064333
8.3909,271,98,0.951292458876309
8.3909,271,99,0.947111423078097
8.3909,271,100,0.948332163457137
8.3909,271,101,0.949186681722465
8.3909,271,102,0.963805047761467
8.3909,271,103,0.965025788140507
8.3909,271,104,0.961027863399152
8.3909,271,105,0.944486831263161
8.3909,271,106,0.956328012939848
8.3909,271,107,0.958769493697928
8.4192,272,1,0.959624011963256
8.4192,272,2,0.944853053376873
8.4192,272,3,0.951628162480544
8.4192,272,4,0.941709646900845
8.4192,272,5,0.924497207556383
8.4192,272,6,0.923459578234199
8.4192,272,7,0.921170690023499
8.4192,272,8,0.93023468733787
8.4192,272,9,0.930417798394726
8.4192,272,10,0.917020172734764
8.4192,272,11,0.947111423078097
8.4192,272,12,0.934232612079226
8.4192,272,13,0.943449201940977
8.4192,272,14,0.931974242378002
8.4192,272,15,0.941190832239753
8.4192,272,16,0.949369792779321
8.4192,272,17,0.942930387279885
8.4192,272,18,0.93893246253853
8.4192,272,19,0.938230536820582
8.4192,272,20,0.947630237739189
8.4192,272,21,0.932157353434858
8.4192,272,22,0.930051576281014
8.4192,272,23,0.953733939634388
8.4192,272,24,0.972350230414747
8.4192,272,25,0.977019562364574
8.4192,272,26,0.985747856074709
8.4192,272,27,0.985198522904141
8.4192,272,28,0.987304300057985
8.4192,272,29,0.988341929380169
8.4192,272,30,0.988006225775933
8.4192,272,31,0.988677632984405
8.4192,272,32,0.988677632984405
8.4192,272,33,0.989226966154973
8.4192,272,34,0.987823114719077
8.4192,272,35,0.984527115695669
8.4192,272,36,0.971465193639943
8.4192,272,37,0.970427564317759
8.4192,272,38,0.969023712881863
8.4192,272,39,0.9518112735374
8.4192,272,40,0.955992309335612
8.4192,272,41,0.959807123020112
8.4192,272,42,0.959990234076968
8.4192,272,43,0.958403271584216
8.4192,272,44,0.959105197302164
8.4192,272,45,0.956663716544084
8.4192,272,46,0.958403271584216
8.4192,272,47,0.958952604754784
8.4192,272,48,0.956511123996704
8.4192,272,49,0.958403271584216
8.4192,272,50,0.95684682760094
8.4192,272,51,0.95547349467452
8.4192,272,52,0.955992309335612
8.4192,272,53,0.956144901882992
8.4192,272,54,0.954924161503952
8.4192,272,55,0.954771568956572
8.4192,272,56,0.95425275429548
8.4192,272,57,0.95440534684286
8.4192,272,58,0.956511123996704
8.4192,272,59,0.955992309335612
8.4192,272,60,0.955992309335612
8.4192,272,61,0.954771568956572
8.4192,272,62,0.953886532181768
8.4192,272,63,0.955992309335612
8.4192,272,64,0.954069643238624
8.4192,272,65,0.952330088198492
8.4192,272,66,0.95547349467452
8.4192,272,67,0.953733939634388
8.4192,272,68,0.95440534684286
8.4192,272,69,0.952330088198492
8.4192,272,70,0.943113498336741
8.4192,272,71,0.942228461561937
8.4192,272,72,0.949034089175085
8.4192,272,73,0.932309945982238
8.4192,272,74,0.931089205603198
8.4192,272,75,0.945707571642201
8.4192,272,76,0.949705496383557
8.4192,272,77,0.950224311044649
8.4192,272,78,0.833491012298959
8.4192,272,79,0.819757683034761
8.4192,272,80,0.817316202276681
8.4192,272,81,0.807214575640126
8.4192,272,82,0.803735465559862
8.4192,272,83,0.801477095858638
8.4192,272,84,0.799035615100559
8.4192,272,85,0.797814874721519
8.4192,272,86,0.795556505020295
8.4192,272,87,0.795556505020295
8.4192,272,88,0.792260505996887
8.4192,272,89,0.792260505996887
8.4192,272,90,0.789819025238807
8.4192,272,91,0.807916501358074
8.4192,272,92,0.806695760979034
8.4192,272,93,0.80565813165685
8.4192,272,94,0.807214575640126
8.4192,272,95,0.805841242713706
8.4192,272,96,0.824274422437208
8.4192,272,97,0.823755607776116
8.4192,272,98,0.823389385662404
8.4192,272,99,0.820429090243233
8.4192,272,100,0.824976348155156
8.4192,272,101,0.826349681081576
8.4192,272,102,0.823755607776116
8.4192,272,103,0.826349681081576
8.4192,272,104,0.820612201300088
8.4192,272,105,0.824457533494064
8.4192,272,106,0.849330118717002
8.4192,272,107,0.866389965514084
8.4476,273,1,0.86672566911832
8.4476,273,2,0.868800927762688
8.4476,273,3,0.901699880977813
8.4476,273,4,0.903256324961089
8.4476,273,5,0.904843287453841
8.4476,273,6,0.905880916776025
8.4476,273,7,0.906399731437117
8.4476,273,8,0.903958250679037
8.4476,273,9,0.904660176396985
8.4476,273,10,0.906216620380261
8.4476,273,11,0.905178991058077
8.4476,273,12,0.906735435041353
8.4476,273,13,0.908993804742576
8.4476,273,14,0.909512619403668
8.4476,273,15,0.910061952574236
8.4476,273,16,0.89089632862331
8.4476,273,17,0.902035584582049
8.4476,273,18,0.906033509323405
8.4476,273,19,0.905178991058077
8.4476,273,20,0.904995880001221
8.4476,273,21,0.9074373607593
8.4476,273,22,0.904477065340129
8.4476,273,23,0.906399731437117
8.4476,273,24,0.904995880001221
8.4476,273,25,0.91232032227546
8.4476,273,26,0.907956175420392
8.4476,273,27,0.908322397534104
8.4476,273,28,0.912839136936552
8.4476,273,29,0.903439436017945
8.4476,273,30,0.903073213904233
8.4476,273,31,0.910580767235328
8.4476,273,32,0.89089632862331
8.4476,273,33,0.89700003051851
8.4476,273,34,0.901882992034669
8.4476,273,35,0.896664326914274
8.4476,273,36,0.90987884151738
8.4476,273,37,0.904141361735893
8.4476,273,38,0.910214545121616
8.4476,273,39,0.908993804742576
8.4476,273,40,0.879085665456099
8.4476,273,41,0.908474990081484
8.4476,273,42,0.886562700277718
8.4476,273,43,0.883419293801691
8.4476,273,44,0.893002105777154
8.4476,273,45,0.89196447645497
8.4476,273,46,0.886196478164006
8.4476,273,47,0.912656025879696
8.4476,273,48,0.912839136936552
8.4476,273,49,0.904141361735893
8.4476,273,50,0.910397656178472
8.4476,273,51,0.91247291482284
8.4476,273,52,0.905697805719169
8.4476,273,53,0.912839136936552
8.4476,273,54,0.913357951597644
8.4476,273,55,0.912991729483932
8.4476,273,56,0.905178991058077
8.4476,273,57,0.912991729483932
8.4476,273,58,0.91232032227546
8.4476,273,59,0.904995880001221
8.4476,273,60,0.910397656178472
8.4476,273,61,0.906918546098209
8.4476,273,62,0.909360026856288
8.4476,273,63,0.900814844203009
8.4476,273,64,0.910061952574236
8.4476,273,65,0.904995880001221
8.4476,273,66,0.900662251655629
8.4476,273,67,0.901882992034669
8.4476,273,68,0.894924771874142
8.4476,273,69,0.876125370036927
8.4476,273,70,0.86931974242378
8.4476,273,71,0.872646259956664
8.4476,273,72,0.871425519577624
8.4476,273,73,0.877681814020203
8.4476,273,74,0.87160863063448
8.4476,273,75,0.887783440656758
8.4476,273,76,0.885860774559771
8.4476,273,77,0.887264625995666
8.4476,273,78,0.883266701254311
8.4476,273,79,0.890224921414838
8.4476,273,80,0.888821069978942
8.4476,273,81,0.889156773583178
8.4476,273,82,0.881679738761559
8.4476,273,83,0.897335734122745
8.4476,273,84,0.899777214880825
8.4476,273,85,0.901333658864101
8.4476,273,86,0.89455854976043
8.4476,273,87,0.89333780938139
8.4476,273,88,0.893704031495102
8.4476,273,89,0.89211706900235
8.4476,273,90,0.893704031495102
8.4476,273,91,0.895260475478378
8.4476,273,92,0.904141361735893
8.4476,273,93,0.903622547074801
8.4476,273,94,0.903958250679037
8.4476,273,95,0.897518845179601
8.4476,273,96,0.904843287453841
8.4476,273,97,0.904477065340129
8.4476,273,98,0.904660176396985
8.4476,273,99,0.905362102114933
8.4476,273,100,0.897335734122745
8.4476,273,101,0.902218695638905
8.4476,273,102,0.904843287453841
8.4476,273,103,0.904477065340129
8.4476,273,104,0.896664326914274
8.4476,273,105,0.902737510299997
8.4476,273,106,-0.982421338541826
8.4476,273,107,-0.98208563493759
8.476,274,1,-0.982940153202918
8.476,274,2,-0.986785485396893
8.476,274,3,-0.983642078920866
8.476,274,4,-0.983977782525101
8.476,274,5,-0.985564745017853
8.476,274,6,-0.983977782525101
8.476,274,7,-0.987121189001129
8.476,274,8,-0.986083559678945
8.476,274,9,-0.986083559678945
8.476,274,10,-0.986266670735801
8.476,274,11,-0.985747856074709
8.476,274,12,-0.987823114719077
8.476,274,13,-0.988860744041261
8.476,274,14,-0.987487411114841
8.476,274,15,-0.987304300057985
8.476,274,16,-0.986602374340037
8.476,274,17,-0.985564745017853
8.476,274,18,-0.988525040437025
8.476,274,19,-0.986083559678945
8.476,274,20,-0.984862819299905
8.476,274,21,-0.985198522904141
8.476,274,22,-0.985381633960997
8.476,274,23,-0.984679708243049
8.476,274,24,-0.986602374340037
8.476,274,25,-0.985564745017853
8.476,274,26,-0.984160893581957
8.476,274,27,-0.984344004638813
8.476,274,28,-0.983977782525101
8.476,274,29,-0.983825189977722
8.476,274,30,-0.987304300057985
8.476,274,31,-0.983825189977722
8.476,274,32,-0.984527115695669
8.476,274,33,-0.984862819299905
8.476,274,34,-0.984527115695669
8.476,274,35,-0.984527115695669
8.476,274,36,-0.988006225775933
8.476,274,37,-0.986602374340037
8.476,274,38,-0.985747856074709
8.476,274,39,-0.986602374340037
8.476,274,40,-0.987304300057985
8.476,274,41,-0.987640003662221
8.476,274,42,-0.988525040437025
8.476,274,43,-0.985747856074709
8.476,274,44,-0.985381633960997
8.476,274,45,-0.985564745017853
8.476,274,46,-0.984679708243049
8.476,274,47,-0.984679708243049
8.476,274,48,-0.983977782525101
8.476,274,49,-0.986419263283181
8.476,274,50,-0.98345896786401
8.476,274,51,-0.981719412823878
8.476,274,52,-0.981719412823878
8.476,274,53,-0.982421338541826
8.476,274,54,-0.981048005615406
8.476,274,55,-0.980346079897458
8.476,274,56,-0.982940153202918
8.476,274,57,-0.98223822748497
8.476,274,58,-0.982604449598682
8.476,274,59,-0.983642078920866
8.476,274,60,-0.983825189977722
8.476,274,61,-0.982940153202918
8.476,274,62,-0.982421338541826
8.476,274,63,-0.985381633960997
8.476,274,64,-0.983642078920866
8.476,274,65,-0.98330637531663
8.476,274,66,-0.983123264259774
8.476,274,67,-0.982787560655538
8.476,274,68,-0.983825189977722
8.476,274,69,-0.983977782525101
8.476,274,70,-0.985198522904141
8.476,274,71,-0.988525040437025
8.476,274,72,-0.987121189001129
8.476,274,73,-0.986938077944273
8.476,274,74,-0.986785485396893
8.476,274,75,-0.986602374340037
8.476,274,76,-0.985900448622089
8.476,274,77,-0.986083559678945
8.476,274,78,-0.985747856074709
8.476,274,79,-0.985900448622089
8.476,274,80,-0.989043855098117
8.476,274,81,-0.986602374340037
8.476,274,82,-0.987640003662221
8.476,274,83,-0.986938077944273
8.476,274,84,-0.988525040437025
8.476,274,85,-0.988525040437025
8.476,274,86,-0.988525040437025
8.476,274,87,-0.988006225775933
8.476,274,88,-0.988158818323313
8.476,274,89,-0.990783410138249
8.476,274,90,-0.988006225775933
8.476,274,91,-0.987487411114841
8.476,274,92,-0.987487411114841
8.476,274,93,-0.986602374340037
8.476,274,94,-0.984862819299905
8.476,274,95,-0.986266670735801
8.476,274,96,-0.986266670735801
8.476,274,97,-0.986602374340037
8.476,274,98,-0.986602374340037
8.476,274,99,-0.989226966154973
8.476,274,100,-0.986419263283181
8.476,274,101,-0.986266670735801
8.476,274,102,-0.987304300057985
8.476,274,103,-0.987487411114841
8.476,274,104,-0.987823114719077
8.476,274,105,-0.987304300057985
8.476,274,106,-0.988158818323313
8.476,274,107,-0.988860744041261
8.5044,275,1,-0.988525040437025
8.5044,275,2,-0.989379558702353
8.5044,275,3,-0.990264595477157
8.5044,275,4,-0.991485335856197
8.5044,275,5,-0.988006225775933
8.5044,275,6,-0.988158818323313
8.5044,275,7,-0.987487411114841
8.5044,275,8,-0.986938077944273
8.5044,275,9,-0.986602374340037
8.5044,275,10,-0.986602374340037
8.5044,275,11,-0.985900448622089
8.5044,275,12,-0.986785485396893
8.5044,275,13,-0.986083559678945
8.5044,275,14,-0.986938077944273
8.5044,275,15,-0.987640003662221
8.5044,275,16,-0.987121189001129
8.5044,275,17,-0.990966521195105
8.5044,275,18,-0.989745780816065
8.5044,275,19,-0.990600299081393
8.5044,275,20,-0.989898373363445
8.5044,275,21,-0.990081484420301
8.5044,275,22,-0.989745780816065
8.5044,275,23,-0.988341929380169
8.5044,275,24,-0.988341929380169
8.5044,275,25,-0.988158818323313
8.5044,275,26,-0.989745780816065
8.5044,275,27,-0.989379558702353
8.5044,275,28,-0.991119113742485
8.5044,275,29,-0.991119113742485
8.5044,275,30,-0.992004150517289
8.5044,275,31,-0.992706076235237
8.5044,275,32,-0.994262520218513
8.5044,275,33,-0.995818964201788
8.5044,275,34,-0.993896298104801
8.5044,275,35,-0.992706076235237
8.5044,275,36,-0.992858668782617
8.5044,275,37,-0.993041779839473
8.5044,275,38,-0.992858668782617
8.5044,275,39,-0.992339854121525
8.5044,275,40,-0.992004150517289
8.5044,275,41,-0.991485335856197
8.5044,275,42,-0.990417188024537
8.5044,275,43,-0.990081484420301
8.5044,275,44,-0.988158818323313
8.5044,275,45,-0.988677632984405
8.5044,275,46,-0.988006225775933
8.5044,275,47,-0.988158818323313
8.5044,275,48,-0.987640003662221
8.5044,275,49,-0.986419263283181
8.5044,275,50,-0.987823114719077
8.5044,275,51,-0.987823114719077
8.5044,275,52,-0.988525040437025
8.5044,275,53,-0.990600299081393
8.5044,275,54,-0.987640003662221
8.5044,275,55,-0.987823114719077
8.5044,275,56,-0.988341929380169
8.5044,275,57,-0.989226966154973
8.5044,275,58,-0.988677632984405
8.5044,275,59,-0.988860744041261
8.5044,275,60,-0.989379558702353
8.5044,275,61,-0.989379558702353
8.5044,275,62,-0.989379558702353
8.5044,275,63,-0.989898373363445
8.5044,275,64,-0.989379558702353
8.5044,275,65,-0.990264595477157
8.5044,275,66,-0.990417188024537
8.5044,275,67,-0.990966521195105
8.5044,275,68,-0.990417188024537
8.5044,275,69,-0.990264595477157
8.5044,275,70,-0.990081484420301
8.5044,275,71,-0.989379558702353
8.5044,275,72,-0.989379558702353
8.5044,275,73,-0.989226966154973
8.5044,275,74,-0.988860744041261
8.5044,275,75,-0.989043855098117
8.5044,275,76,-0.989745780816065
8.5044,275,77,-0.988860744041261
8.5044,275,78,-0.987823114719077
8.5044,275,79,-0.988341929380169
8.5044,275,80,-0.989379558702353
8.5044,275,81,-0.989379558702353
8.5044,275,82,-0.988341929380169
8.5044,275,83,-0.989043855098117
8.5044,275,84,-0.989043855098117
8.5044,275,85,-0.99496444593646
8.5044,275,86,-0.995483260597552
8.5044,275,87,-0.9961851863155
8.5044,275,88,-0.99633777886288
8.5044,275,89,-0.99511703848384
8.5044,275,90,-0.996856593523972
8.5044,275,91,-0.996002075258644
8.5044,275,92,-0.997039704580828
8.5044,275,93,-0.99755851924192
8.5044,275,94,-0.997375408185064
8.5044,275,95,-0.999114963225196
8.5044,275,96,-0.993041779839473
8.5044,275,97,-0.991302224799341
8.5044,275,98,-0.991821039460433
8.5044,275,99,-0.990783410138249
8.5044,275,100,-0.991119113742485
8.5044,275,101,-0.992004150517289
8.5044,275,102,-0.992858668782617
8.5044,275,103,-0.992339854121525
8.5044,275,104,-0.992706076235237
8.5044,275,105,-0.993377483443709
8.5044,275,106,-0.998260444959868
8.5044,275,107,-0.998077333903012
